日期,开盘,收盘,最高,最低,5日涨幅,振幅,换手率,量比,成交量,成交额,日MA5,日MA15,日MA30,日MA45,日MA60,日MA75,日MA90,日MA105,日MA120,日MA150,周MA5,周MA10,周MA15,周MA20,周MA30,周MA40,周MA50,周MA60,周MA70,周MA80,周MA90,获利比例,平均成本,90%成本-低,90%成本-高,90%集中度,70%成本-低,70%成本-高,70%集中度,日K筹码平均成本,周K筹码平均成本,日K筹码偏离率,周K筹码偏离率,收盘价相对周MAX位置,日周筹码成本差值,日周筹码成本差值率
2014-10-08,28.28,28.62,28.69,27.87,0.67,2.91,1.3304,1.45,1982314.0,56743738.25,28.59,28.92,28.93,28.88,28.95,28.93,28.71,28.47,28.18,,29.1,28.86,28.99,28.69,,,,,,,,22.35,28.95,28.28,29.76,2.55,28.5,29.34,1.46,28.95,28.96,-1.12,-1.16,-1.63,-0.01,-0.03
2014-10-09,28.56,28.04,28.57,27.95,-1.61,2.17,1.627,1.66,2453205.0,68797681.02,28.5,28.82,28.91,28.87,28.93,28.93,28.72,28.49,28.19,,29.1,28.86,28.99,28.69,,,,,,,,0.0,28.92,28.28,29.76,2.55,28.5,29.34,1.46,28.92,28.96,-3.03,-3.16,-3.62,-0.04,-0.14
2014-10-10,27.89,27.22,28.26,27.2,-5.35,3.76,2.0149,1.76,3052228.0,83095381.19,28.19,28.65,28.87,28.85,28.91,28.91,28.72,28.49,28.2,,28.68,28.75,28.88,28.67,,,,,,,,0.0,28.87,28.07,29.76,2.93,28.28,29.34,1.83,28.87,28.86,-5.7,-5.67,-5.74,0.01,0.03
2014-10-13,27.25,26.66,27.48,26.66,-7.65,3.01,1.6208,1.14,2412787.0,64326107.81,27.75,28.47,28.81,28.81,28.86,28.88,28.71,28.49,28.2,,28.68,28.75,28.88,28.67,,,,,,,,0.0,28.8,27.44,29.76,4.07,28.28,29.34,1.83,28.8,28.86,-7.43,-7.62,-7.69,-0.06,-0.21
2014-10-14,26.94,26.9,27.36,26.66,-4.58,2.63,1.4828,0.94,2211280.0,59476798.16,27.49,28.33,28.74,28.78,28.82,28.86,28.7,28.5,28.2,,28.68,28.75,28.88,28.67,,,,,,,,2.56,28.75,27.23,29.76,4.45,28.28,29.34,1.83,28.75,28.86,-6.45,-6.8,-6.88,-0.11,-0.38
2014-10-15,26.55,26.5,26.64,25.92,-7.42,2.7,2.4227,1.52,3693800.0,97887546.9,27.07,28.13,28.66,28.74,28.76,28.83,28.69,28.5,28.21,,28.68,28.75,28.88,28.67,,,,,,,,3.67,28.64,26.8,29.76,5.23,28.07,29.34,2.21,28.64,28.86,-7.47,-8.18,-8.25,-0.22,-0.76
2014-10-16,25.95,26.23,26.47,25.75,-6.48,2.72,2.1532,1.22,3359516.0,88104986.86,26.7,27.96,28.57,28.68,28.7,28.79,28.67,28.5,28.21,,28.68,28.75,28.88,28.67,,,,,,,,4.53,28.54,26.38,29.76,6.03,27.23,29.34,3.74,28.54,28.86,-8.11,-9.13,-9.2,-0.32,-1.11
2014-10-17,26.36,25.56,26.55,25.43,-6.12,4.28,3.3672,1.87,5504957.0,140698443.48,26.37,27.75,28.44,28.61,28.63,28.74,28.64,28.5,28.21,,28.04,28.47,28.64,28.55,,,,,,,,1.82,28.37,25.96,29.76,6.83,26.8,29.34,4.52,28.37,28.6,-9.91,-10.63,-10.75,-0.23,-0.8
2014-10-20,25.47,26.04,26.09,25.4,-2.32,2.67,1.5583,0.75,2590777.0,67469014.63,26.24,27.56,28.33,28.55,28.58,28.7,28.62,28.49,28.2,,28.04,28.47,28.64,28.55,,,,,,,,8.72,28.3,25.96,29.76,6.83,26.38,29.34,5.31,28.3,28.6,-7.98,-8.94,-9.06,-0.3,-1.05
2014-10-21,26.26,26.33,26.34,25.96,-2.12,1.47,1.3754,0.67,2317501.0,61012848.83,26.13,27.39,28.24,28.49,28.52,28.66,28.6,28.49,28.2,,28.04,28.47,28.64,28.55,,,,,,,,14.67,28.25,25.96,29.76,6.83,26.38,29.34,5.31,28.25,28.6,-6.81,-7.95,-8.07,-0.35,-1.22
2014-10-22,26.49,26.64,26.99,26.44,0.51,2.09,1.6969,0.83,2904142.0,77353274.24,26.16,27.27,28.15,28.43,28.48,28.63,28.59,28.48,28.2,,28.04,28.47,28.64,28.55,,,,,,,,19.77,28.2,25.96,29.76,6.83,26.38,29.34,5.31,28.2,28.6,-5.55,-6.87,-6.99,-0.4,-1.4
2014-10-23,26.97,27.19,27.36,26.79,3.68,2.13,1.3242,0.69,2294712.0,62394366.64,26.35,27.18,28.09,28.39,28.44,28.61,28.59,28.48,28.21,,28.04,28.47,28.64,28.55,,,,,,,,25.25,28.18,25.96,29.55,6.48,26.38,29.34,5.31,28.18,28.6,-3.51,-4.93,-5.05,-0.42,-1.47
2014-10-24,27.22,26.99,27.24,26.79,5.6,1.67,1.1332,0.63,1961800.0,52947020.2,26.64,27.06,28.03,28.34,28.42,28.59,28.59,28.46,28.22,,27.47,28.3,28.51,28.51,,,,,,,,22.21,28.16,25.96,29.55,6.48,26.38,29.34,5.31,28.16,28.4,-4.16,-4.97,-5.32,-0.24,-0.85
2014-10-27,26.85,27.04,27.22,26.85,3.83,1.37,0.6867,0.49,1180251.0,31912216.66,26.84,26.94,27.98,28.29,28.39,28.57,28.58,28.45,28.23,,27.47,28.3,28.51,28.51,,,,,,,,27.45,28.14,25.96,29.55,6.48,26.38,29.34,5.31,28.14,28.4,-3.91,-4.79,-5.15,-0.26,-0.92
2014-10-28,27.15,27.44,27.45,27.08,4.25,1.36,0.7145,0.58,1225860.0,33643727.7,27.06,26.89,27.93,28.26,28.37,28.55,28.58,28.45,28.24,,27.47,28.3,28.51,28.51,,,,,,,,32.27,28.13,25.96,29.55,6.48,26.38,29.34,5.31,28.13,28.4,-2.44,-3.36,-3.72,-0.27,-0.95
2014-10-29,27.5,27.47,27.71,27.35,3.12,1.31,1.0216,0.92,1756349.0,48240759.81,27.23,26.82,27.87,28.23,28.36,28.53,28.58,28.44,28.26,,27.47,28.3,28.51,28.51,,,,,,,,33.02,28.12,25.96,29.55,6.48,26.38,29.34,5.31,28.12,28.4,-2.32,-3.29,-3.65,-0.28,-0.99
2014-10-30,27.45,27.52,27.64,27.18,1.2,1.69,0.842,0.86,1449332.0,39879094.65,27.29,26.78,27.8,28.2,28.35,28.5,28.57,28.44,28.27,,27.47,28.3,28.51,28.51,,,,,,,,33.97,28.11,25.96,29.55,6.48,26.38,29.13,4.95,28.11,28.4,-2.11,-3.11,-3.48,-0.29,-1.02
2014-10-31,27.97,27.95,27.98,27.74,3.58,0.88,1.1409,1.31,1980441.0,55361247.71,27.48,26.83,27.74,28.19,28.34,28.49,28.57,28.45,28.28,,27.3,28.18,28.39,28.52,27.97,,,,,,,36.52,28.11,25.96,29.55,6.48,26.38,29.13,4.95,28.11,28.34,-0.55,-1.36,-2.0,-0.23,-0.81
2014-11-03,27.78,27.76,27.9,27.66,2.67,0.84,0.7838,0.89,1358989.0,37726893.63,27.63,26.9,27.69,28.17,28.33,28.47,28.55,28.45,28.29,,27.3,28.18,28.39,28.52,27.97,,,,,,,33.82,28.1,25.96,29.55,6.48,26.38,29.13,4.95,28.1,28.34,-1.21,-2.04,-2.67,-0.24,-0.85
2014-11-04,27.65,27.71,27.78,27.46,0.95,1.12,0.6714,0.75,1163586.0,32237731.92,27.68,26.96,27.64,28.15,28.32,28.44,28.54,28.45,28.3,,27.3,28.18,28.39,28.52,27.97,,,,,,,34.56,28.1,25.96,29.55,6.48,26.59,29.13,4.55,28.1,28.34,-1.4,-2.24,-2.87,-0.24,-0.85
2014-11-05,27.84,27.3,27.84,27.2,-0.62,2.3,1.16,1.31,2019780.0,55131914.88,27.65,27.01,27.57,28.11,28.31,28.41,28.52,28.45,28.32,27.97,27.3,28.18,28.39,28.52,27.97,,,,,,,28.41,28.09,25.96,29.55,6.48,26.59,29.13,4.55,28.09,28.34,-2.83,-3.68,-4.3,-0.25,-0.88
2014-11-06,27.28,27.1,27.34,27.05,-1.5,1.08,0.7615,0.83,1324508.0,35896815.82,27.56,27.07,27.52,28.07,28.28,28.38,28.5,28.44,28.32,27.96,27.3,28.18,28.39,28.52,27.97,,,,,,,24.36,28.08,25.96,29.55,6.48,26.59,29.13,4.55,28.08,28.34,-3.48,-4.37,-4.98,-0.26,-0.92
2014-11-07,27.31,27.05,27.31,26.93,-3.23,1.39,0.9227,1.03,1614808.0,43681363.8,27.38,27.17,27.46,28.02,28.25,28.34,28.48,28.43,28.33,27.96,26.96,28.03,28.23,28.48,27.98,,,,,,,25.02,28.06,25.96,29.55,6.48,26.59,29.13,4.55,28.06,28.28,-3.6,-4.35,-5.03,-0.22,-0.78
2014-11-10,27.07,27.37,27.48,27.05,-1.39,1.58,0.6455,0.75,1125543.0,30811176.85,27.31,27.26,27.41,27.97,28.23,28.31,28.46,28.42,28.34,27.97,26.96,28.03,28.23,28.48,27.98,,,,,,,30.66,28.05,25.96,29.55,6.48,26.59,29.13,4.55,28.05,28.28,-2.41,-3.2,-3.89,-0.23,-0.81
2014-11-11,27.42,27.51,27.6,27.32,-0.69,1.03,0.552,0.66,959458.0,26399007.14,27.27,27.34,27.36,27.94,28.2,28.29,28.44,28.42,28.34,27.96,26.96,28.03,28.23,28.48,27.98,,,,,,,36.38,28.05,25.96,29.55,6.48,26.59,29.13,4.55,28.05,28.28,-1.91,-2.71,-3.4,-0.23,-0.81
2014-11-12,27.52,27.37,27.52,27.26,0.25,0.96,0.6445,0.8,1122198.0,30709509.37,27.28,27.38,27.33,27.9,28.17,28.26,28.42,28.42,28.34,27.96,26.96,28.03,28.23,28.48,27.98,,,,,,,30.07,28.04,25.96,29.55,6.48,26.59,29.13,4.55,28.04,28.28,-2.41,-3.23,-3.92,-0.24,-0.85
2014-11-13,27.49,27.27,27.49,27.17,0.62,1.15,0.7638,1.09,1333941.0,36375237.13,27.31,27.39,27.29,27.86,28.14,28.23,28.41,28.42,28.34,27.96,26.96,28.03,28.23,28.48,27.98,,,,,,,30.56,28.03,25.96,29.55,6.48,26.59,29.13,4.55,28.03,28.28,-2.71,-3.57,-4.26,-0.25,-0.88
2014-11-14,27.33,27.22,27.33,27.11,0.63,0.83,0.7254,1.03,1271409.0,34607752.98,27.35,27.41,27.24,27.82,28.11,28.21,28.39,28.42,28.33,27.96,26.95,27.82,28.15,28.4,28.0,,,,,,,23.71,28.02,25.96,29.55,6.48,26.59,29.13,4.55,28.02,28.24,-2.86,-3.61,-4.16,-0.22,-0.78
2014-11-17,27.18,26.83,27.19,26.7,-2.01,1.79,0.971,1.48,1717009.0,46059624.93,27.24,27.39,27.17,27.78,28.07,28.19,28.37,28.41,28.32,27.97,26.95,27.82,28.15,28.4,28.0,,,,,,,18.88,28.01,25.96,29.55,6.48,26.59,29.13,4.55,28.01,28.24,-4.23,-5.01,-5.55,-0.23,-0.81
2014-11-18,26.88,26.75,27.1,26.71,-2.77,1.45,1.0944,1.52,1945904.0,52055850.86,27.09,27.34,27.12,27.73,28.03,28.17,28.35,28.4,28.31,27.97,26.95,27.82,28.15,28.4,28.0,,,,,,,15.0,27.99,25.96,29.55,6.48,26.59,29.13,4.55,27.99,28.24,-4.42,-5.27,-5.81,-0.25,-0.89
2014-11-19,26.75,26.85,26.91,26.5,-1.89,1.53,0.7761,0.93,1376775.0,36965720.36,26.98,27.3,27.06,27.68,28.0,28.15,28.32,28.4,28.3,27.96,26.95,27.82,28.15,28.4,28.0,,,,,,,20.87,27.97,25.96,29.55,6.48,26.59,29.13,4.55,27.97,28.24,-4.01,-4.92,-5.46,-0.27,-0.96
2014-11-20,26.56,26.74,26.76,26.55,-1.93,0.75,0.878,1.02,1556344.0,41618973.08,26.88,27.25,27.02,27.62,27.97,28.13,28.29,28.38,28.29,27.96,26.95,27.82,28.15,28.4,28.0,,,,,,,16.26,27.95,25.96,29.55,6.48,26.59,29.13,4.55,27.95,28.24,-4.32,-5.31,-5.84,-0.29,-1.03
2014-11-21,27.08,26.86,27.11,26.83,-1.31,1.04,1.2366,1.41,2211053.0,59396622.27,26.81,27.18,27.0,27.55,27.94,28.11,28.27,28.37,28.29,27.96,27.22,27.63,28.05,28.28,28.03,,,,,,,21.54,27.93,25.96,29.55,6.48,26.59,29.13,4.55,27.93,28.16,-3.82,-4.6,-5.02,-0.23,-0.82
2014-11-24,26.88,26.96,27.14,26.78,0.51,1.32,0.9303,0.95,1672994.0,45109773.72,26.83,27.13,27.01,27.5,27.91,28.09,28.24,28.35,28.29,27.96,27.22,27.63,28.05,28.28,28.03,,,,,,,21.45,27.92,25.96,29.55,6.48,26.59,29.13,4.55,27.92,28.16,-3.43,-4.25,-4.66,-0.24,-0.85
2014-11-25,26.95,27.05,27.2,26.93,1.13,1.0,0.9674,0.99,1742447.0,47140161.14,26.89,27.08,27.02,27.46,27.88,28.07,28.22,28.33,28.28,27.97,27.22,27.63,28.05,28.28,28.03,,,,,,,31.49,27.91,25.96,29.55,6.48,26.59,29.13,4.55,27.91,28.16,-3.07,-3.93,-4.34,-0.25,-0.89
2014-11-26,27.04,27.02,27.08,26.85,0.63,0.83,0.826,0.87,1491602.0,40300848.64,26.93,27.06,27.04,27.4,27.85,28.06,28.19,28.31,28.27,27.97,27.22,27.63,28.05,28.28,28.03,,,,,,,32.36,27.9,25.96,29.55,6.48,26.59,29.13,4.55,27.9,28.16,-3.16,-4.05,-4.47,-0.26,-0.92
2014-11-28,27.03,27.09,27.1,26.83,1.31,1.0,0.6359,0.66,1145169.0,31024345.96,27.0,27.06,27.07,27.37,27.82,28.04,28.16,28.3,28.27,27.98,27.24,27.36,27.94,28.19,28.06,,,,,,,33.01,27.89,25.96,29.55,6.48,26.59,29.13,4.55,27.89,28.11,-2.86,-3.62,-3.89,-0.22,-0.78
2014-12-01,26.94,26.69,27.07,26.59,-0.65,1.76,1.1598,1.27,2098644.0,56012808.36,26.96,27.04,27.1,27.32,27.77,28.01,28.12,28.28,28.26,27.99,27.24,27.36,27.94,28.19,28.06,,,,,,,14.88,27.87,25.96,29.55,6.48,26.8,29.13,4.16,27.87,28.11,-4.23,-5.05,-5.32,-0.24,-0.85
2014-12-02,26.68,26.69,26.78,26.49,-1.02,1.07,0.8398,0.93,1520898.0,40588965.38,26.91,26.99,27.13,27.27,27.73,27.98,28.09,28.25,28.24,27.99,27.24,27.36,27.94,28.19,28.06,,,,,,,15.96,27.85,25.96,29.55,6.48,26.59,29.13,4.55,27.85,28.11,-4.17,-5.06,-5.33,-0.26,-0.92
2014-12-03,26.57,26.57,26.8,26.46,-1.8,1.26,0.7023,0.8,1272010.0,33792217.66,26.81,26.93,27.13,27.22,27.69,27.95,28.06,28.23,28.24,27.99,27.24,27.36,27.94,28.19,28.06,,,,,,,11.37,27.84,25.96,29.55,6.48,26.59,29.13,4.55,27.84,28.11,-4.58,-5.49,-5.76,-0.27,-0.96
2014-12-04,26.56,26.87,26.87,26.43,-0.57,1.65,0.7633,0.92,1387928.0,37287379.68,26.78,26.9,27.14,27.18,27.65,27.92,28.03,28.21,28.23,27.99,27.24,27.36,27.94,28.19,28.06,,,,,,,24.43,27.83,25.96,29.55,6.48,26.59,29.13,4.55,27.83,28.11,-3.47,-4.43,-4.69,-0.28,-1.0
2014-12-05,26.55,26.26,26.64,26.21,-3.06,1.6,1.3842,1.72,2547851.0,66914210.81,26.61,26.83,27.11,27.13,27.6,27.88,28.0,28.18,28.22,27.99,26.9,27.1,27.75,28.01,28.07,,,,,,,9.11,27.8,25.96,29.55,6.48,26.59,29.13,4.55,27.8,28.02,-5.53,-6.27,-6.43,-0.22,-0.79
2014-12-08,26.36,26.35,26.55,26.19,-1.28,1.37,1.2528,1.32,2321628.0,61172576.17,26.55,26.77,27.09,27.08,27.56,27.84,27.97,28.16,28.22,27.99,26.9,27.1,27.75,28.01,28.07,,,,,,,8.94,27.77,25.96,29.55,6.48,26.59,29.13,4.55,27.77,28.02,-5.12,-5.96,-6.12,-0.25,-0.89
2014-12-09,26.11,26.67,26.71,26.02,-0.07,2.6,1.0029,1.03,1863136.0,49687042.42,26.54,26.76,27.08,27.03,27.53,27.81,27.96,28.14,28.21,28.0,26.9,27.1,27.75,28.01,28.07,,,,,,,21.38,27.75,25.96,29.55,6.48,26.59,29.13,4.55,27.75,28.02,-3.9,-4.82,-4.98,-0.27,-0.96
2014-12-10,26.65,26.3,26.82,26.28,-0.99,2.02,0.9164,0.91,1705957.0,44871786.97,26.49,26.73,27.04,26.99,27.48,27.77,27.93,28.12,28.2,28.0,26.9,27.1,27.75,28.01,28.07,,,,,,,8.89,27.74,25.96,29.55,6.48,26.38,29.13,4.95,27.74,28.02,-5.18,-6.13,-6.29,-0.28,-1.0
2014-12-11,26.39,26.42,26.7,26.36,-1.67,1.3,0.8604,0.81,1600632.0,42283895.54,26.4,26.7,27.0,26.94,27.43,27.74,27.91,28.09,28.18,28.01,26.9,27.1,27.75,28.01,28.07,,,,,,,15.96,27.72,26.17,29.55,6.07,26.38,29.13,4.95,27.72,28.02,-4.7,-5.72,-5.88,-0.3,-1.07
2014-12-12,26.18,25.96,26.42,25.93,-1.15,1.86,1.0512,0.98,1964848.0,51009418.93,26.34,26.65,26.95,26.89,27.38,27.7,27.88,28.06,28.16,28.01,26.68,26.82,27.58,27.84,28.07,,,,,,,5.8,27.69,25.96,29.55,6.48,26.38,29.13,4.95,27.69,27.93,-6.24,-7.05,-7.5,-0.24,-0.86
2014-12-15,26.14,25.69,26.16,25.66,-2.5,1.89,1.509,1.48,2802108.0,71986154.52,26.21,26.57,26.88,26.86,27.31,27.67,27.85,28.03,28.14,28.0,26.68,26.82,27.58,27.84,28.07,,,,,,,1.17,27.65,25.96,29.55,6.48,26.38,29.13,4.95,27.65,27.93,-7.09,-8.02,-8.46,-0.28,-1.0
2014-12-16,25.58,24.77,25.65,24.45,-7.12,4.68,2.0775,1.98,3936022.0,97493296.93,25.83,26.43,26.78,26.82,27.23,27.61,27.81,27.98,28.11,27.99,26.68,26.82,27.58,27.84,28.07,,,,,,,0.88,27.57,25.75,29.55,6.88,26.38,29.13,4.95,27.57,27.93,-10.16,-11.32,-11.74,-0.36,-1.29
2014-12-17,24.85,25.24,25.35,24.84,-4.02,2.06,1.4875,1.19,2852868.0,72019226.23,25.62,26.31,26.69,26.78,27.17,27.57,27.78,27.94,28.08,27.98,26.68,26.82,27.58,27.84,28.07,,,,,,,4.0,27.52,25.54,29.55,7.29,26.17,29.13,5.35,27.52,27.93,-8.27,-9.62,-10.05,-0.41,-1.47
2014-12-18,25.65,25.53,25.69,25.24,-3.35,1.82,1.4871,1.09,2880928.0,73558734.62,25.44,26.21,26.64,26.76,27.1,27.52,27.75,27.9,28.05,27.98,26.68,26.82,27.58,27.84,28.07,,,,,,,5.25,27.48,25.32,29.34,7.35,26.17,29.13,5.35,27.48,27.93,-7.09,-8.58,-9.02,-0.45,-1.61
2014-12-19,25.58,25.82,25.89,25.35,-0.55,2.12,1.7239,1.17,3381763.0,87308666.25,25.41,26.12,26.59,26.75,27.05,27.48,27.72,27.87,28.03,27.98,26.4,26.68,27.35,27.72,28.0,,,,,,,12.96,27.44,25.32,29.34,7.35,25.96,29.13,5.76,27.44,27.74,-5.91,-6.93,-7.81,-0.3,-1.08
2014-12-22,25.8,26.24,26.32,25.8,2.15,2.01,1.3696,0.86,2716143.0,71281098.82,25.52,26.09,26.57,26.77,27.01,27.44,27.69,27.83,28.0,27.98,26.4,26.68,27.35,27.72,28.0,,,,,,,21.68,27.41,25.32,29.34,7.35,25.96,29.13,5.76,27.41,27.74,-4.26,-5.39,-6.29,-0.33,-1.19
2014-12-23,26.35,26.53,26.73,26.31,7.11,1.58,1.0667,0.68,2131013.0,56534709.38,25.87,26.08,26.54,26.78,26.97,27.4,27.67,27.81,27.98,27.98,26.4,26.68,27.35,27.72,28.0,,,,,,,27.96,27.4,25.54,29.34,6.94,25.96,29.13,5.76,27.4,27.74,-3.18,-4.36,-5.27,-0.34,-1.23
2014-12-24,26.53,26.44,26.59,26.35,4.73,0.89,0.355,0.25,704031.0,18613523.59,26.11,26.07,26.5,26.78,26.93,27.36,27.64,27.78,27.96,27.97,26.4,26.68,27.35,27.72,28.0,,,,,,,28.32,27.39,25.54,29.34,6.94,25.96,28.92,5.4,27.39,27.74,-3.47,-4.69,-5.59,-0.35,-1.26
2014-12-26,26.44,26.7,26.71,26.37,4.58,1.31,0.5188,0.43,1025540.0,27383456.31,26.35,26.06,26.48,26.78,26.9,27.33,27.61,27.75,27.94,27.97,26.37,26.79,27.21,27.63,27.96,,,,,,,36.03,27.39,25.54,29.34,6.94,25.96,28.92,5.4,27.39,27.69,-2.51,-3.57,-4.51,-0.3,-1.08
2014-12-29,26.61,26.52,26.77,26.5,2.71,1.02,1.1389,1.14,2272255.0,60252249.71,26.49,26.08,26.45,26.77,26.87,27.3,27.58,27.72,27.92,27.96,26.37,26.79,27.21,27.63,27.96,,,,,,,27.72,27.37,25.54,29.34,6.94,25.96,28.92,5.4,27.37,27.69,-3.12,-4.24,-5.17,-0.32,-1.16
2014-12-30,26.4,26.52,26.56,26.36,1.06,0.76,0.4293,0.48,854436.0,22660497.16,26.54,26.09,26.43,26.76,26.83,27.27,27.55,27.7,27.9,27.95,26.37,26.79,27.21,27.63,27.96,,,,,,,28.14,27.37,25.54,29.34,6.94,25.96,28.92,5.4,27.37,27.69,-3.1,-4.22,-5.15,-0.32,-1.16
2014-12-31,26.56,26.32,26.63,26.29,-0.79,1.28,0.675,0.96,1345161.0,35405310.1,26.5,26.07,26.41,26.74,26.79,27.23,27.52,27.69,27.88,27.94,26.37,26.79,27.21,27.63,27.96,,,,,,,20.46,27.36,25.54,29.34,6.94,25.96,28.92,5.4,27.36,27.69,-3.8,-4.95,-5.87,-0.33,-1.19
2015-01-02,26.45,26.24,26.56,26.2,-0.75,1.36,0.7266,1.16,1442410.0,37849559.61,26.46,26.06,26.4,26.71,26.76,27.2,27.49,27.66,27.86,27.93,26.2,26.72,26.97,27.51,27.91,,,,,,,20.25,27.35,25.54,29.34,6.94,25.96,28.92,5.4,27.35,27.65,-4.06,-5.1,-5.98,-0.3,-1.08
2015-01-05,26.16,25.69,26.22,25.65,-3.78,2.15,1.0169,1.45,2019323.0,51883475.5,26.26,26.01,26.36,26.67,26.71,27.15,27.45,27.64,27.83,27.91,26.2,26.72,26.97,27.51,27.91,,,,,,,7.83,27.33,25.54,29.34,6.94,25.96,28.92,5.4,27.33,27.65,-5.99,-7.08,-7.94,-0.32,-1.16
2015-01-06,25.75,25.1,25.81,25.05,-5.35,2.94,1.4448,1.81,2879366.0,72266327.87,25.97,25.96,26.3,26.62,26.66,27.09,27.41,27.61,27.8,27.89,26.2,26.72,26.97,27.51,27.91,,,,,,,1.73,27.29,25.32,29.34,7.35,25.96,28.92,5.4,27.29,27.65,-8.03,-9.23,-10.07,-0.36,-1.3
2015-01-07,25.35,25.06,25.36,24.98,-5.53,1.51,1.032,1.19,2039260.0,51093659.3,25.68,25.91,26.24,26.56,26.62,27.03,27.37,27.58,27.77,27.88,26.2,26.72,26.97,27.51,27.91,,,,,,,1.7,27.26,25.11,29.34,7.77,25.75,28.92,5.8,27.26,27.65,-8.09,-9.39,-10.23,-0.39,-1.41
2015-01-08,24.9,25.13,25.17,24.55,-4.51,2.49,1.6707,1.71,3326878.0,83617751.65,25.44,25.94,26.18,26.5,26.6,26.97,27.34,27.55,27.73,27.87,26.2,26.72,26.97,27.51,27.91,,,,,,,7.55,27.21,25.11,29.34,7.77,25.75,28.92,5.8,27.21,27.65,-7.63,-9.1,-9.94,-0.44,-1.59
2015-01-09,25.24,24.81,25.25,24.74,-5.46,2.02,1.0348,0.88,2057910.0,51053660.24,25.16,25.91,26.11,26.43,26.56,26.92,27.29,27.51,27.69,27.85,25.91,26.4,26.7,27.29,27.82,27.58,,,,,,0.99,27.18,25.11,29.34,7.77,25.75,28.92,5.8,27.18,27.51,-8.73,-9.82,-10.81,-0.33,-1.2
2015-01-12,24.75,24.63,24.8,24.38,-4.15,1.69,1.1715,0.93,2302584.0,56706887.46,24.94,25.85,26.03,26.37,26.53,26.85,27.24,27.48,27.65,27.83,25.91,26.4,26.7,27.29,27.82,27.58,,,,,,0.67,27.14,24.9,29.34,8.19,25.54,28.92,6.21,27.14,27.51,-9.26,-10.48,-11.46,-0.37,-1.34
2015-01-13,24.94,24.8,25.15,24.62,-1.18,2.15,1.21,0.94,2358018.0,58482383.43,24.89,25.78,25.95,26.32,26.51,26.8,27.2,27.44,27.61,27.8,25.91,26.4,26.7,27.29,27.82,27.58,,,,,,3.0,27.1,24.9,29.34,8.19,25.54,28.92,6.21,27.1,27.51,-8.48,-9.85,-10.84,-0.41,-1.49
2015-01-14,24.73,25.04,25.16,24.65,-0.05,2.06,1.1646,0.91,2205573.0,55235267.43,24.88,25.7,25.9,26.28,26.5,26.75,27.15,27.41,27.57,27.78,25.91,26.4,26.7,27.29,27.82,27.58,,,,,,7.43,27.07,24.9,29.34,8.19,25.54,28.92,6.21,27.07,27.51,-7.49,-8.97,-9.97,-0.44,-1.6
2015-01-15,25.28,25.09,25.28,24.89,-0.18,1.58,1.4241,1.1,2699563.0,67730685.89,24.87,25.61,25.84,26.23,26.48,26.7,27.1,27.37,27.53,27.76,25.91,26.4,26.7,27.29,27.82,27.58,,,,,,7.42,27.03,24.9,29.34,8.19,25.32,28.92,6.63,27.03,27.51,-7.18,-8.8,-9.8,-0.48,-1.74
2015-01-16,25.0,25.4,25.41,25.0,2.4,1.63,1.2015,0.98,2276937.0,57843307.55,24.99,25.54,25.8,26.18,26.47,26.65,27.06,27.34,27.5,27.75,25.79,26.24,26.48,27.13,27.73,27.55,,,,,,17.74,27.0,24.9,29.34,8.19,25.32,28.92,6.63,27.0,27.36,-5.91,-7.15,-8.4,-0.36,-1.32
2015-01-20,25.55,25.34,25.62,25.3,2.91,1.28,1.1794,0.94,2221479.0,56303385.26,25.14,25.45,25.75,26.14,26.45,26.61,27.02,27.3,27.46,27.74,25.79,26.24,26.48,27.13,27.73,27.55,,,,,,18.42,26.98,24.9,29.34,8.19,25.32,28.92,6.63,26.98,27.36,-6.06,-7.36,-8.61,-0.38,-1.39
2015-01-21,25.36,25.68,25.78,25.31,3.56,1.85,0.4279,0.34,795236.0,20425636.66,25.31,25.39,25.73,26.1,26.42,26.57,26.98,27.26,27.43,27.73,25.79,26.24,26.48,27.13,27.73,27.55,,,,,,22.24,26.97,24.9,29.34,8.19,25.32,28.92,6.63,26.97,27.36,-4.76,-6.12,-7.39,-0.39,-1.43
2015-01-22,26.07,26.72,26.82,25.98,6.69,3.24,1.4218,1.3,2659062.0,71048807.11,25.65,25.4,25.75,26.09,26.42,26.55,26.96,27.24,27.42,27.72,25.79,26.24,26.48,27.13,27.73,27.55,,,,,,49.89,26.96,24.9,29.34,8.19,25.32,28.92,6.63,26.96,27.36,-0.89,-2.34,-3.66,-0.4,-1.46
2015-01-23,26.78,27.0,27.11,26.65,7.6,1.72,1.2,1.06,2265998.0,61176281.0,26.03,25.45,25.76,26.09,26.42,26.52,26.94,27.22,27.41,27.72,26.03,26.21,26.46,27.02,27.67,27.55,,,,,,54.21,26.96,24.9,29.34,8.19,25.32,28.92,6.63,26.96,27.31,0.14,-1.14,-2.44,-0.35,-1.28
2015-01-26,26.93,26.76,26.95,26.48,5.34,1.73,0.8092,0.75,1532259.0,41004016.97,26.3,25.48,25.77,26.09,26.41,26.5,26.91,27.2,27.39,27.71,26.03,26.21,26.46,27.02,27.67,27.55,,,,,,48.96,26.96,24.9,29.34,8.19,25.32,28.92,6.63,26.96,27.31,-0.74,-2.01,-3.29,-0.35,-1.28
2015-01-27,26.5,25.93,26.54,25.91,2.31,2.34,0.9907,0.99,1877918.0,48697230.62,26.42,25.5,25.76,26.07,26.38,26.47,26.88,27.17,27.37,27.7,26.03,26.21,26.46,27.02,27.67,27.55,,,,,,25.0,26.95,24.9,29.34,8.19,25.32,28.92,6.63,26.95,27.31,-3.78,-5.05,-6.29,-0.36,-1.32
2015-01-28,26.14,25.5,26.15,25.5,-0.72,2.5,0.8747,0.91,1661134.0,42358917.0,26.38,25.53,25.74,26.04,26.35,26.43,26.83,27.14,27.35,27.68,26.03,26.21,26.46,27.02,27.67,27.55,,,,,,17.12,26.93,24.9,29.34,8.19,25.32,28.92,6.63,26.93,27.31,-5.31,-6.63,-7.85,-0.38,-1.39
2015-01-29,25.55,25.53,25.55,25.06,-4.44,1.94,1.9136,1.84,3688324.0,94173976.69,26.14,25.56,25.74,26.02,26.31,26.41,26.78,27.11,27.33,27.66,26.03,26.21,26.46,27.02,27.67,27.55,,,,,,17.74,26.9,24.9,29.34,8.19,25.32,28.92,6.63,26.9,27.31,-5.08,-6.51,-7.73,-0.41,-1.5
2015-01-30,25.79,26.73,26.99,25.78,-1.01,4.77,2.7843,2.52,5561705.0,148642127.83,26.09,25.66,25.8,26.01,26.29,26.41,26.75,27.1,27.31,27.65,26.04,26.2,26.54,26.91,27.59,27.58,,,,,,52.22,26.88,24.9,29.34,8.19,25.32,28.71,6.26,26.88,27.24,-0.57,-1.89,-3.13,-0.36,-1.32
2015-02-02,26.59,26.42,26.65,25.93,-1.26,2.7,1.3899,0.98,2814571.0,74372224.1,26.02,25.77,25.84,26.0,26.27,26.41,26.73,27.07,27.29,27.63,26.04,26.2,26.54,26.91,27.59,27.58,,,,,,44.07,26.87,24.9,29.34,8.19,25.32,28.71,6.26,26.87,27.24,-1.66,-3.0,-4.22,-0.37,-1.36
2015-02-03,26.4,26.46,26.67,26.16,2.05,1.92,0.9992,0.65,2023395.0,53543078.49,26.13,25.89,25.87,25.98,26.25,26.41,26.69,27.05,27.28,27.62,26.04,26.2,26.54,26.91,27.59,27.58,,,,,,44.35,26.87,24.9,29.34,8.19,25.32,28.71,6.26,26.87,27.24,-1.52,-2.86,-4.08,-0.37,-1.36
2015-02-04,26.46,26.14,26.63,26.06,2.5,2.15,0.8131,0.52,1650940.0,43152269.72,26.26,25.98,25.88,25.96,26.24,26.4,26.66,27.02,27.26,27.6,26.04,26.2,26.54,26.91,27.59,27.58,,,,,,29.39,26.86,24.9,29.34,8.19,25.32,28.71,6.26,26.86,27.24,-2.69,-4.05,-5.26,-0.38,-1.4
2015-02-05,26.19,26.38,26.42,26.1,3.31,1.23,0.9044,0.58,1839764.0,48531134.56,26.43,26.07,25.89,25.96,26.23,26.41,26.64,26.99,27.24,27.58,26.04,26.2,26.54,26.91,27.59,27.58,,,,,,34.83,26.86,24.9,29.34,8.19,25.32,28.71,6.26,26.86,27.24,-1.79,-3.16,-4.38,-0.38,-1.4
2015-02-06,26.38,26.55,26.86,26.32,-0.66,2.05,0.8526,0.63,1743265.0,46283685.75,26.39,26.17,25.89,25.95,26.21,26.42,26.61,26.97,27.22,27.56,26.1,26.15,26.51,26.75,27.51,27.58,,,,,,45.22,26.85,24.9,29.34,8.19,25.32,28.71,6.26,26.85,27.2,-1.12,-2.39,-3.73,-0.35,-1.29
2015-02-09,26.4,26.39,26.6,26.3,-0.12,1.13,0.6145,0.63,1259417.0,33237903.76,26.38,26.24,25.89,25.95,26.19,26.42,26.58,26.94,27.2,27.54,26.1,26.15,26.51,26.75,27.51,27.58,,,,,,45.61,26.85,24.9,29.34,8.19,25.32,28.71,6.26,26.85,27.2,-1.71,-2.97,-4.31,-0.35,-1.29
2015-02-10,26.46,26.85,26.88,26.35,1.45,2.04,0.8452,1.02,1740955.0,46739418.89,26.46,26.34,25.89,25.95,26.19,26.43,26.57,26.92,27.18,27.53,26.1,26.15,26.51,26.75,27.51,27.58,,,,,,61.6,26.85,24.9,29.34,8.19,25.32,28.71,6.26,26.85,27.2,-0.01,-1.3,-2.66,-0.35,-1.29
2015-02-11,26.76,26.8,26.92,26.67,2.53,0.95,0.6587,0.82,1357153.0,36369664.67,26.59,26.41,25.9,25.96,26.18,26.42,26.55,26.9,27.16,27.52,26.1,26.15,26.51,26.75,27.51,27.58,,,,,,54.69,26.85,24.9,29.34,8.19,25.32,28.71,6.26,26.85,27.2,-0.19,-1.48,-2.83,-0.35,-1.29
2015-02-12,26.86,27.15,27.24,26.73,2.91,1.89,0.779,1.01,1609327.0,43687595.41,26.75,26.44,25.92,25.98,26.18,26.42,26.53,26.88,27.14,27.51,26.1,26.15,26.51,26.75,27.51,27.58,,,,,,68.84,26.85,24.9,29.34,8.19,25.32,28.71,6.26,26.85,27.2,1.1,-0.2,-1.57,-0.35,-1.29
2015-02-13,27.17,27.45,27.5,27.16,3.39,1.25,0.9051,1.21,1872163.0,51391810.43,26.93,26.47,25.96,26.0,26.19,26.43,26.51,26.87,27.13,27.5,26.63,26.27,26.48,26.68,27.43,27.62,,,,,,75.28,26.86,24.9,29.34,8.19,25.32,28.71,6.26,26.86,27.19,2.2,0.96,-0.6,-0.33,-1.21
2015-02-17,27.34,27.14,27.5,27.05,2.84,1.62,0.7799,1.03,1608899.0,43668736.66,27.08,26.49,25.99,26.01,26.19,26.42,26.5,26.85,27.11,27.49,26.63,26.27,26.48,26.68,27.43,27.62,,,,,,67.41,26.86,24.9,29.34,8.19,25.32,28.71,6.26,26.86,27.19,1.05,-0.18,-1.72,-0.33,-1.21
2015-02-18,27.07,26.98,27.27,26.88,0.51,1.47,0.7001,0.88,1444958.0,38992191.63,27.1,26.56,26.03,26.03,26.2,26.42,26.48,26.83,27.1,27.47,26.63,26.27,26.48,26.68,27.43,27.62,,,,,,59.69,26.86,24.9,29.34,8.19,25.32,28.71,6.26,26.86,27.19,0.47,-0.75,-2.29,-0.33,-1.21
2015-02-19,26.9,27.14,27.16,26.9,1.29,0.94,0.48,0.62,986110.0,26766476.78,27.17,26.67,26.1,26.05,26.2,26.41,26.47,26.81,27.08,27.46,26.63,26.27,26.48,26.68,27.43,27.62,,,,,,67.75,26.86,24.9,29.34,8.19,25.54,28.71,5.85,26.86,27.19,1.06,-0.17,-1.71,-0.33,-1.21
2015-02-20,27.16,26.95,27.19,26.79,-0.73,1.46,0.7026,0.95,1434327.0,38651526.83,27.13,26.77,26.16,26.08,26.2,26.4,26.47,26.78,27.07,27.45,26.93,26.36,26.47,26.59,27.35,27.64,,,,,,58.92,26.86,24.9,29.34,8.19,25.54,28.71,5.85,26.86,27.19,0.33,-0.89,-2.51,-0.33,-1.21
2015-02-23,26.8,26.6,26.82,26.47,-3.11,1.3,0.7109,0.99,1448609.0,38526480.66,26.96,26.76,26.21,26.12,26.2,26.38,26.47,26.76,27.05,27.43,26.93,26.36,26.47,26.59,27.35,27.64,,,,,,52.17,26.86,24.9,29.13,7.83,25.54,28.71,5.85,26.86,27.19,-0.98,-2.19,-3.78,-0.33,-1.21
2015-02-24,26.5,26.8,26.84,26.41,-1.24,1.61,0.4943,0.72,1001195.0,26836531.38,26.9,26.79,26.28,26.16,26.19,26.37,26.47,26.73,27.04,27.41,26.93,26.36,26.47,26.59,27.35,27.64,,,,,,59.53,26.86,24.9,29.13,7.83,25.54,28.71,5.85,26.86,27.19,-0.21,-1.42,-3.02,-0.33,-1.21
2015-02-25,26.8,27.19,27.31,26.77,0.77,2.01,0.8903,1.43,1807962.0,49164814.65,26.94,26.83,26.36,26.19,26.2,26.37,26.48,26.71,27.02,27.39,26.93,26.36,26.47,26.59,27.35,27.64,,,,,,68.27,26.86,24.9,29.13,7.83,25.54,28.71,5.85,26.86,27.19,1.24,0.01,-1.62,-0.33,-1.21
2015-02-26,27.16,27.77,27.81,27.08,2.32,2.69,1.0547,1.62,2159691.0,59983257.83,27.06,26.94,26.46,26.24,26.21,26.38,26.49,26.7,27.01,27.38,26.93,26.36,26.47,26.59,27.35,27.64,,,,,,77.85,26.87,24.9,29.13,7.83,25.54,28.71,5.85,26.87,27.19,3.36,2.15,0.48,-0.32,-1.18
2015-02-27,27.71,27.92,28.24,27.64,3.61,2.13,1.1351,1.48,2328694.0,65017136.48,27.26,27.05,26.56,26.27,26.23,26.39,26.52,26.7,27.0,27.37,27.12,26.57,26.52,26.63,27.34,27.65,,,,,,78.79,26.89,24.9,29.13,7.83,25.54,28.71,5.85,26.89,27.19,3.83,2.68,0.99,-0.3,-1.1
2015-03-02,28.03,28.57,28.61,27.94,7.41,2.4,1.0276,1.21,2118295.0,60513333.26,27.65,27.18,26.68,26.32,26.26,26.41,26.55,26.69,26.99,27.36,27.12,26.57,26.52,26.63,27.34,27.65,,,,,,84.72,26.9,24.9,29.13,7.83,25.54,28.71,5.85,26.9,27.19,6.2,5.06,3.33,-0.29,-1.07
2015-03-03,28.52,28.68,28.77,28.33,7.0,1.55,0.8135,0.89,1682459.0,48256289.04,28.03,27.33,26.78,26.37,26.29,26.42,26.57,26.69,26.99,27.35,27.12,26.57,26.52,26.63,27.34,27.65,,,,,,84.28,26.92,24.9,29.13,7.83,25.54,28.71,5.85,26.92,27.19,6.55,5.49,3.74,-0.27,-0.99
2015-03-04,28.59,28.67,28.86,28.4,5.42,1.59,0.826,0.85,1712808.0,49103636.15,28.32,27.45,26.9,26.41,26.32,26.44,26.6,26.69,26.99,27.35,27.12,26.57,26.52,26.63,27.34,27.65,,,,,,83.74,26.94,25.11,29.13,7.41,25.54,28.71,5.85,26.94,27.19,6.42,5.44,3.69,-0.25,-0.92
2015-03-05,28.75,28.77,28.9,28.67,3.57,0.78,0.6674,0.69,1370803.0,39433204.5,28.52,27.59,27.0,26.46,26.37,26.46,26.61,26.7,26.98,27.35,27.12,26.57,26.52,26.63,27.34,27.65,,,,,,88.33,26.95,25.11,29.13,7.41,25.54,28.71,5.85,26.95,27.19,6.74,5.8,4.05,-0.24,-0.88
2015-03-06,28.74,28.38,28.83,28.34,1.66,1.72,0.7977,0.88,1629394.0,46248719.3,28.61,27.67,27.05,26.5,26.4,26.47,26.63,26.69,26.98,27.34,27.45,26.74,26.62,26.77,27.33,27.66,,,,,,78.46,26.97,25.11,29.13,7.41,25.54,28.71,5.85,26.97,27.24,5.24,4.2,2.63,-0.27,-0.99
2015-03-09,28.34,28.44,28.51,28.18,-0.44,1.19,0.5217,0.62,1058628.0,30110026.89,28.59,27.73,27.1,26.55,26.43,26.5,26.65,26.69,26.98,27.35,27.45,26.74,26.62,26.77,27.33,27.66,,,,,,78.36,26.98,25.11,29.13,7.41,25.54,28.71,5.85,26.98,27.24,5.42,4.41,2.84,-0.26,-0.95
2015-03-10,28.21,27.74,28.24,27.74,-3.29,1.78,0.8689,1.18,1764005.0,48930852.69,28.4,27.77,27.13,26.58,26.45,26.51,26.65,26.68,26.97,27.34,27.45,26.74,26.62,26.77,27.33,27.66,,,,,,71.81,26.99,25.11,29.13,7.41,25.54,28.71,5.85,26.99,27.24,2.77,1.83,0.3,-0.25,-0.92
2015-03-11,27.76,27.56,27.91,27.53,-3.87,1.34,0.8907,1.2,1811415.0,49920785.98,28.18,27.81,27.19,26.63,26.47,26.52,26.65,26.67,26.95,27.33,27.45,26.74,26.62,26.77,27.33,27.66,,,,,,69.62,26.99,25.11,29.13,7.41,25.54,28.71,5.85,26.99,27.24,2.11,1.17,-0.35,-0.25,-0.92
2015-03-12,27.68,27.78,27.82,27.52,-3.44,1.07,0.6823,0.9,1380928.0,38355965.66,27.98,27.85,27.26,26.69,26.5,26.53,26.65,26.67,26.94,27.33,27.45,26.74,26.62,26.77,27.33,27.66,,,,,,72.18,27.0,25.11,29.13,7.41,25.54,28.71,5.85,27.0,27.24,2.87,1.97,0.43,-0.24,-0.88
2015-03-13,27.68,27.37,27.92,27.21,-3.59,2.55,0.8421,1.1,1688738.0,46214004.11,27.78,27.88,27.33,26.74,26.53,26.54,26.65,26.67,26.92,27.33,27.61,26.86,26.64,26.79,27.29,27.65,,,,,,64.74,27.01,25.11,29.13,7.41,25.54,28.71,5.85,27.01,27.26,1.32,0.39,-1.01,-0.25,-0.92
2015-03-16,27.55,27.73,27.84,27.3,-2.52,1.98,0.8233,1.05,1619160.0,44892020.58,27.63,27.96,27.36,26.79,26.58,26.55,26.65,26.68,26.91,27.32,27.61,26.86,26.64,26.79,27.29,27.65,,,,,,72.66,27.01,25.11,29.13,7.41,25.54,28.71,5.85,27.01,27.26,2.65,1.71,0.29,-0.25,-0.92
2015-03-17,27.59,27.54,27.69,27.4,-0.71,1.05,0.9205,1.09,1794181.0,49415333.1,27.59,28.01,27.4,26.85,26.62,26.56,26.64,26.69,26.89,27.31,27.61,26.86,26.64,26.79,27.29,27.65,,,,,,68.37,27.02,25.11,29.13,7.41,25.54,28.71,5.85,27.02,27.26,1.93,1.03,-0.37,-0.24,-0.88
2015-03-18,27.62,27.98,27.99,27.35,1.51,2.32,1.0939,1.28,2118243.0,59257847.92,27.68,28.06,27.45,26.93,26.66,26.57,26.65,26.7,26.88,27.31,27.61,26.86,26.64,26.79,27.29,27.65,,,,,,75.96,27.03,25.11,29.13,7.41,25.54,28.71,5.85,27.03,27.26,3.5,2.62,1.19,-0.23,-0.84
2015-03-19,27.97,27.9,28.04,27.81,0.45,0.83,0.6267,0.69,1190559.0,33216000.82,27.7,28.07,27.51,27.0,26.69,26.58,26.66,26.72,26.87,27.31,27.61,26.86,26.64,26.79,27.29,27.65,,,,,,76.14,27.03,25.11,29.13,7.41,25.54,28.71,5.85,27.03,27.26,3.22,2.35,0.92,-0.23,-0.84
2015-03-20,28.08,27.99,28.09,27.95,2.27,0.48,1.2803,1.44,2426163.0,67904663.13,27.83,28.07,27.56,27.06,26.72,26.6,26.67,26.74,26.87,27.3,27.72,27.17,26.75,26.79,27.25,27.66,27.5,,,,,74.98,27.05,25.11,29.13,7.41,25.54,28.71,5.85,27.05,27.27,3.47,2.63,0.96,-0.22,-0.81
2015-03-23,28.02,27.94,28.12,27.79,0.78,1.17,0.861,0.89,1624407.0,45389180.39,27.87,28.03,27.61,27.13,26.75,26.61,26.68,26.76,26.86,27.3,27.72,27.17,26.75,26.79,27.25,27.66,27.5,,,,,74.87,27.06,25.11,29.13,7.41,25.54,28.71,5.85,27.06,27.27,3.26,2.46,0.8,-0.21,-0.77
2015-03-24,28.13,28.51,28.73,28.06,3.51,2.39,1.339,1.4,2567739.0,73204955.02,28.06,28.02,27.68,27.2,26.78,26.64,26.69,26.78,26.86,27.29,27.72,27.17,26.75,26.79,27.25,27.66,27.5,,,,,84.93,27.08,25.11,29.13,7.41,25.54,28.71,5.85,27.08,27.27,5.28,4.55,2.84,-0.19,-0.7
2015-03-25,28.52,27.94,28.61,27.94,-0.13,2.37,1.0895,1.06,2108923.0,58921199.7,28.06,27.97,27.71,27.25,26.8,26.65,26.69,26.79,26.85,27.28,27.72,27.17,26.75,26.79,27.25,27.66,27.5,,,,,72.74,27.09,25.11,29.13,7.41,25.54,28.5,5.48,27.09,27.27,3.13,2.45,0.79,-0.18,-0.66
2015-03-26,27.88,27.76,27.94,27.53,-0.51,1.48,0.8129,0.79,1563997.0,43414210.72,28.03,27.9,27.74,27.3,26.82,26.67,26.7,26.8,26.85,27.28,27.72,27.17,26.75,26.79,27.25,27.66,27.5,,,,,68.07,27.1,25.11,29.13,7.41,25.54,28.5,5.48,27.1,27.27,2.43,1.79,0.13,-0.17,-0.62
2015-03-27,27.65,27.42,27.76,27.41,-2.05,1.29,0.9718,0.92,1886358.0,51714504.57,27.91,27.84,27.75,27.32,26.84,26.69,26.7,26.8,26.84,27.26,27.81,27.37,26.85,26.81,27.21,27.64,27.51,,,,,57.58,27.1,25.11,29.13,7.41,25.75,28.5,5.07,27.1,27.31,1.16,0.38,-1.44,-0.21,-0.77
2015-03-30,27.58,27.6,27.67,27.41,-1.22,0.97,0.6581,0.65,1276591.0,35236464.78,27.84,27.78,27.76,27.33,26.86,26.7,26.71,26.81,26.82,27.25,27.81,27.37,26.85,26.81,27.21,27.64,27.51,,,,,62.83,27.11,25.11,29.13,7.41,25.75,28.5,5.07,27.11,27.31,1.81,1.07,-0.76,-0.2,-0.73
2015-03-31,27.5,27.4,27.74,27.34,-3.88,1.45,0.803,0.83,1559328.0,42728705.86,27.62,27.76,27.77,27.34,26.88,26.72,26.72,26.81,26.82,27.24,27.81,27.37,26.85,26.81,27.21,27.64,27.51,,,,,56.59,27.11,25.11,29.13,7.41,25.75,28.5,5.07,27.11,27.31,1.08,0.34,-1.48,-0.2,-0.73
2015-04-01,27.43,27.13,27.56,26.98,-2.9,2.12,1.0023,1.16,1945033.0,52764855.22,27.46,27.73,27.77,27.37,26.9,26.72,26.72,26.8,26.81,27.23,27.81,27.37,26.85,26.81,27.21,27.64,27.51,,,,,52.39,27.11,25.11,29.13,7.41,25.75,28.5,5.07,27.11,27.31,0.07,-0.67,-2.47,-0.2,-0.73
2015-04-02,27.04,26.78,27.04,26.69,-3.54,1.29,0.8873,1.04,1704627.0,45643944.87,27.26,27.66,27.76,27.4,26.93,26.74,26.72,26.8,26.8,27.22,27.81,27.37,26.85,26.81,27.21,27.64,27.51,,,,,38.91,27.11,25.11,29.13,7.41,25.75,28.5,5.07,27.11,27.31,-1.23,-1.95,-3.73,-0.2,-0.73
2015-04-06,26.61,26.84,26.92,26.48,-2.1,1.65,0.6898,0.79,1316910.0,35343230.58,27.15,27.63,27.76,27.43,26.96,26.75,26.72,26.79,26.79,27.21,27.59,27.35,26.91,26.78,27.13,27.59,27.51,,,,,45.92,27.11,25.11,29.13,7.41,25.75,28.5,5.07,27.11,27.3,-1.0,-1.69,-2.73,-0.19,-0.7
2015-04-07,26.9,26.85,27.13,26.8,-2.72,1.25,0.6916,0.83,1296833.0,34821262.88,27.0,27.57,27.76,27.43,26.99,26.78,26.72,26.78,26.79,27.2,27.59,27.35,26.91,26.78,27.13,27.59,27.51,,,,,45.68,27.11,25.11,29.13,7.41,25.75,28.5,5.07,27.11,27.3,-0.96,-1.64,-2.69,-0.19,-0.7
2015-04-08,26.92,27.08,27.19,26.92,-1.17,1.02,0.6283,0.75,1168936.0,31655371.35,26.93,27.54,27.77,27.44,27.03,26.8,26.72,26.77,26.8,27.18,27.59,27.35,26.91,26.78,27.13,27.59,27.51,,,,,53.98,27.11,25.11,29.13,7.41,25.75,28.5,5.07,27.11,27.3,-0.11,-0.8,-1.85,-0.19,-0.7
2015-04-09,27.05,27.04,27.1,26.77,-0.33,1.19,0.838,1.04,1548461.0,41868836.98,26.92,27.48,27.77,27.46,27.07,26.82,26.72,26.77,26.8,27.17,27.59,27.35,26.91,26.78,27.13,27.59,27.51,,,,,54.43,27.1,25.11,29.13,7.41,25.75,28.5,5.07,27.1,27.3,-0.23,-0.96,-2.0,-0.2,-0.73
2015-04-10,27.11,27.0,27.11,26.87,0.84,0.92,0.7641,0.99,1399787.0,37794948.89,26.96,27.42,27.74,27.48,27.1,26.84,26.72,26.77,26.81,27.16,27.31,27.38,26.93,26.79,27.07,27.54,27.54,,,,,44.61,27.1,25.11,29.13,7.41,25.75,28.5,5.07,27.1,27.29,-0.37,-1.06,-1.95,-0.19,-0.7
2015-04-13,26.92,26.96,27.2,26.87,0.45,1.25,0.893,1.21,1627140.0,43865253.69,26.99,27.35,27.71,27.49,27.14,26.85,26.72,26.77,26.82,27.14,27.31,27.38,26.93,26.79,27.07,27.54,27.54,,,,,44.15,27.1,25.11,29.13,7.41,25.75,28.5,5.07,27.1,27.29,-0.52,-1.21,-2.1,-0.19,-0.7
2015-04-14,26.81,26.52,26.88,26.4,-1.23,1.76,1.4225,1.84,2589429.0,68670362.37,26.92,27.25,27.64,27.49,27.16,26.85,26.72,26.76,26.82,27.12,27.31,27.38,26.93,26.79,27.07,27.54,27.54,,,,,29.18,27.09,25.11,29.13,7.41,25.75,28.5,5.07,27.09,27.29,-2.11,-2.82,-3.69,-0.2,-0.73
2015-04-15,26.44,26.63,26.74,26.16,-1.68,2.17,1.2641,1.38,2301625.0,61284218.06,26.83,27.13,27.57,27.49,27.18,26.85,26.72,26.75,26.82,27.11,27.31,27.38,26.93,26.79,27.07,27.54,27.54,,,,,38.72,27.09,25.11,29.13,7.41,25.75,28.5,5.07,27.09,27.29,-1.71,-2.43,-3.3,-0.2,-0.73
2015-04-16,26.5,26.69,26.78,26.48,-1.29,1.12,0.7152,0.68,1291208.0,34462341.52,26.76,27.05,27.51,27.49,27.2,26.85,26.72,26.74,26.82,27.09,27.31,27.38,26.93,26.79,27.07,27.54,27.54,,,,,39.22,27.08,25.11,29.13,7.41,25.75,28.5,5.07,27.08,27.29,-1.44,-2.2,-3.07,-0.21,-0.77
2015-04-17,26.43,26.2,26.49,26.05,-2.96,1.65,1.1675,1.16,2133701.0,55908300.45,26.6,26.94,27.42,27.48,27.21,26.85,26.72,26.73,26.82,27.07,27.08,27.35,26.93,26.75,26.95,27.47,27.53,,,,,21.99,27.07,25.11,29.13,7.41,25.75,28.5,5.07,27.07,27.26,-3.2,-3.88,-4.83,-0.19,-0.7
2015-04-20,26.28,26.77,26.8,26.22,-0.7,2.21,0.9239,0.84,1673381.0,44794735.99,26.56,26.9,27.37,27.47,27.21,26.85,26.72,26.73,26.81,27.06,27.08,27.35,26.93,26.75,26.95,27.47,27.53,,,,,40.67,27.07,25.11,29.13,7.41,25.75,28.5,5.07,27.07,27.26,-1.11,-1.8,-2.77,-0.19,-0.7
2015-04-21,26.88,26.7,26.97,26.68,0.67,1.07,1.0048,0.91,1812266.0,48384783.8,26.6,26.84,27.31,27.45,27.21,26.85,26.72,26.73,26.81,27.04,27.08,27.35,26.93,26.75,26.95,27.47,27.53,,,,,40.2,27.06,25.11,29.13,7.41,25.96,28.5,4.66,27.06,27.26,-1.34,-2.06,-3.03,-0.2,-0.73
2015-04-22,26.72,26.97,27.05,26.59,1.28,1.75,0.873,0.85,1575102.0,42477350.74,26.67,26.81,27.28,27.45,27.21,26.86,26.73,26.73,26.81,27.03,27.08,27.35,26.93,26.75,26.95,27.47,27.53,,,,,48.29,27.06,25.11,29.13,7.41,25.96,28.5,4.66,27.06,27.26,-0.34,-1.07,-2.05,-0.2,-0.73
2015-04-23,27.05,27.35,27.55,27.01,2.47,1.99,2.0891,2.26,3837600.0,104958360.0,26.8,26.82,27.28,27.46,27.23,26.89,26.74,26.74,26.81,27.02,27.08,27.35,26.93,26.75,26.95,27.47,27.53,,,,,62.61,27.07,25.11,29.13,7.41,25.96,28.5,4.66,27.07,27.26,1.03,0.33,-0.66,-0.19,-0.7
2015-04-24,28.3,28.25,28.56,27.86,7.83,2.54,2.5417,2.18,4802004.0,135671019.01,27.21,26.92,27.29,27.48,27.28,26.93,26.77,26.75,26.81,27.01,27.13,27.43,27.16,26.85,26.93,27.43,27.58,,,,,80.09,27.1,25.11,29.13,7.41,25.96,28.5,4.66,27.1,27.27,4.25,3.6,2.44,-0.17,-0.62
2015-04-27,28.17,27.77,28.3,27.66,3.73,2.26,1.2784,0.87,2387601.0,66300098.37,27.41,26.99,27.31,27.5,27.32,26.96,26.79,26.76,26.81,27.0,27.13,27.43,27.16,26.85,26.93,27.43,27.58,,,,,71.01,27.11,25.11,29.13,7.41,25.96,28.5,4.66,27.11,27.27,2.43,1.83,0.69,-0.16,-0.59
2015-04-28,27.73,27.68,27.8,27.52,3.69,1.02,0.8228,0.51,1480759.0,40993332.16,27.6,27.04,27.31,27.52,27.33,27.0,26.82,26.77,26.81,26.99,27.13,27.43,27.16,26.85,26.93,27.43,27.58,,,,,71.28,27.12,25.11,29.13,7.41,25.96,28.5,4.66,27.12,27.27,2.08,1.52,0.38,-0.15,-0.55
2015-04-29,27.52,27.45,27.68,27.34,1.8,1.22,0.9489,0.6,1689863.0,46393498.8,27.7,27.07,27.3,27.54,27.35,27.03,26.85,26.77,26.81,26.98,27.13,27.43,27.16,26.85,26.93,27.43,27.58,,,,,65.82,27.12,25.11,29.13,7.41,25.96,28.5,4.66,27.12,27.27,1.23,0.67,-0.45,-0.15,-0.55
2015-04-30,27.39,26.87,27.43,26.75,-1.77,2.47,1.153,0.72,2053879.0,55181567.09,27.61,27.05,27.27,27.53,27.36,27.06,26.86,26.77,26.81,26.96,27.13,27.43,27.16,26.85,26.93,27.43,27.58,,,,,44.01,27.12,25.11,29.13,7.41,25.96,28.5,4.66,27.12,27.27,-0.93,-1.48,-2.58,-0.15,-0.55
2015-05-01,26.92,26.88,26.98,26.6,-4.86,1.38,0.9827,0.71,1752283.0,47102243.18,27.33,27.05,27.23,27.51,27.37,27.09,26.87,26.77,26.8,26.95,27.02,27.42,27.26,26.89,26.87,27.37,27.6,,,,,44.63,27.12,25.11,29.13,7.41,25.96,28.5,4.66,27.12,27.28,-0.88,-1.46,-2.59,-0.16,-0.59
2015-05-04,26.93,27.04,27.2,26.75,-2.63,1.68,0.7343,0.7,1302761.0,35225354.68,27.18,27.05,27.2,27.49,27.38,27.12,26.88,26.77,26.8,26.93,27.02,27.42,27.26,26.89,26.87,27.37,27.6,,,,,55.17,27.12,25.11,29.13,7.41,25.96,28.28,4.29,27.12,27.28,-0.3,-0.88,-2.02,-0.16,-0.59
2015-05-05,26.91,26.54,26.99,26.52,-4.13,1.73,0.7715,0.82,1363919.0,36198410.26,26.96,27.05,27.15,27.45,27.38,27.14,26.88,26.77,26.8,26.92,27.02,27.42,27.26,26.89,26.87,27.37,27.6,,,,,25.75,27.11,25.11,29.13,7.41,26.17,28.28,3.88,27.11,27.28,-2.1,-2.71,-3.83,-0.17,-0.62
2015-05-06,26.56,26.21,26.62,26.05,-4.53,2.13,0.8778,0.95,1556159.0,40788483.55,26.71,27.02,27.08,27.39,27.38,27.15,26.88,26.76,26.79,26.9,27.02,27.42,27.26,26.89,26.87,27.37,27.6,,,,,19.04,27.1,25.11,29.13,7.41,26.17,28.28,3.88,27.1,27.28,-3.28,-3.92,-5.02,-0.18,-0.66
2015-05-07,26.2,26.54,26.67,26.09,-1.24,2.23,0.8609,0.95,1523081.0,40414954.34,26.64,27.01,27.03,27.34,27.37,27.16,26.88,26.76,26.78,26.89,27.02,27.42,27.26,26.89,26.87,27.37,27.6,,,,,26.76,27.1,25.11,28.92,7.05,26.17,28.28,3.88,27.1,27.28,-2.08,-2.73,-3.84,-0.18,-0.66
2015-05-08,26.83,26.91,27.06,26.25,0.12,3.04,0.8494,1.0,1504735.0,40495428.32,26.65,27.06,27.0,27.3,27.37,27.18,26.88,26.77,26.78,26.88,27.05,27.32,27.25,26.95,26.86,27.33,27.58,,,,,46.32,27.09,25.11,28.92,7.05,26.17,28.28,3.88,27.09,27.26,-0.66,-1.28,-2.43,-0.17,-0.62
2015-05-11,26.92,26.78,27.1,26.77,-0.94,1.22,0.4896,0.59,861277.0,23069304.44,26.6,27.06,26.98,27.27,27.37,27.18,26.89,26.77,26.77,26.86,27.05,27.32,27.25,26.95,26.86,27.33,27.58,,,,,36.63,27.09,25.11,28.92,7.05,26.17,28.28,3.88,27.09,27.26,-1.13,-1.74,-2.89,-0.17,-0.62
2015-05-12,26.58,26.45,26.66,26.26,-0.33,1.48,0.9248,1.19,1623052.0,42932971.5,26.58,27.05,26.94,27.22,27.35,27.17,26.89,26.77,26.77,26.85,27.05,27.32,27.25,26.95,26.86,27.33,27.58,,,,,26.87,27.09,25.11,28.92,7.05,26.17,28.28,3.88,27.09,27.26,-2.36,-2.96,-4.09,-0.17,-0.62
2015-05-13,26.53,26.48,26.72,26.43,1.03,1.07,0.7146,0.88,1249816.0,33096377.5,26.63,27.01,26.91,27.19,27.34,27.17,26.89,26.77,26.77,26.84,27.05,27.32,27.25,26.95,26.86,27.33,27.58,,,,,26.65,27.08,25.11,28.92,7.05,26.17,28.28,3.88,27.08,27.26,-2.21,-2.86,-3.99,-0.18,-0.66
2015-05-14,26.69,26.92,26.95,26.62,1.45,1.24,0.7906,1.02,1381945.0,37201959.4,26.71,26.99,26.9,27.18,27.34,27.18,26.9,26.78,26.77,26.83,27.05,27.32,27.25,26.95,26.86,27.33,27.58,,,,,47.94,27.08,25.11,28.92,7.05,26.17,28.28,3.88,27.08,27.26,-0.59,-1.25,-2.4,-0.18,-0.66
2015-05-15,26.96,26.69,26.96,26.52,-0.82,1.65,1.1086,1.48,1955687.0,52202175.25,26.67,26.88,26.9,27.16,27.33,27.2,26.92,26.78,26.77,26.82,26.99,27.15,27.25,26.95,26.89,27.29,27.56,,,,,37.51,27.07,25.11,28.92,7.05,26.17,28.28,3.88,27.07,27.24,-1.39,-2.01,-3.13,-0.17,-0.62
2015-05-18,26.6,26.62,26.74,26.44,-0.63,1.12,1.1266,1.41,1998032.0,53177621.68,26.63,26.8,26.89,27.14,27.33,27.21,26.94,26.79,26.76,26.81,26.99,27.15,27.25,26.95,26.89,27.29,27.56,,,,,38.3,27.07,25.11,28.92,7.05,26.17,28.28,3.88,27.07,27.24,-1.68,-2.29,-3.41,-0.17,-0.62
2015-05-19,26.7,26.87,27.03,26.65,1.57,1.43,1.0987,1.19,1957752.0,52600880.74,26.72,26.75,26.9,27.12,27.33,27.22,26.96,26.81,26.76,26.81,26.99,27.15,27.25,26.95,26.89,27.29,27.56,,,,,49.7,27.07,25.11,28.92,7.05,26.17,28.28,3.88,27.07,27.24,-0.75,-1.37,-2.49,-0.17,-0.62
2015-05-20,26.92,26.96,27.15,26.65,1.82,1.85,0.7981,0.84,1427821.0,38499051.53,26.81,26.72,26.89,27.11,27.33,27.22,26.98,26.83,26.76,26.81,26.99,27.15,27.25,26.95,26.89,27.29,27.56,,,,,49.62,27.06,25.11,28.92,7.05,26.17,28.28,3.88,27.06,27.24,-0.36,-1.02,-2.15,-0.18,-0.66
2015-05-21,26.9,27.14,27.19,26.8,0.83,1.46,0.8181,0.84,1458939.0,39600710.75,26.86,26.74,26.89,27.09,27.33,27.23,27.01,26.84,26.76,26.82,26.99,27.15,27.25,26.95,26.89,27.29,27.56,,,,,60.51,27.06,25.11,28.92,7.05,26.17,28.28,3.88,27.06,27.24,0.31,-0.35,-1.49,-0.18,-0.66
2015-05-22,27.01,27.01,27.21,26.98,1.17,0.86,0.6635,0.67,1172297.0,31658466.63,26.92,26.74,26.9,27.07,27.32,27.24,27.03,26.85,26.76,26.82,27.15,27.11,27.28,26.98,26.89,27.25,27.54,,,,,48.83,27.06,25.11,28.92,7.05,26.17,28.28,3.88,27.06,27.23,-0.2,-0.82,-1.94,-0.17,-0.62
2015-05-26,26.91,26.62,26.95,26.49,0.0,1.69,1.3569,1.5,2398879.0,63848563.46,26.92,26.72,26.88,27.04,27.3,27.25,27.05,26.86,26.76,26.83,27.15,27.11,27.28,26.98,26.89,27.25,27.54,,,,,37.3,27.06,25.11,28.92,7.05,26.17,28.28,3.88,27.06,27.23,-1.64,-2.25,-3.35,-0.17,-0.62
2015-05-27,26.64,26.99,27.03,26.59,0.45,1.66,0.784,0.82,1376468.0,37150183.09,26.94,26.75,26.9,27.02,27.27,27.25,27.07,26.86,26.77,26.84,27.15,27.11,27.28,26.98,26.89,27.25,27.54,,,,,49.72,27.06,25.11,28.92,7.05,26.17,28.28,3.88,27.06,27.23,-0.26,-0.88,-2.0,-0.17,-0.62
2015-05-28,26.9,26.99,27.03,26.81,0.09,0.81,0.5888,0.66,1027238.0,27724126.38,26.95,26.8,26.91,26.98,27.24,27.26,27.09,26.87,26.77,26.84,27.15,27.11,27.28,26.98,26.89,27.25,27.54,,,,,49.4,27.06,25.11,28.92,7.05,26.17,28.28,3.88,27.06,27.23,-0.26,-0.89,-2.0,-0.17,-0.62
2015-05-29,26.87,26.6,26.93,26.57,-1.99,1.33,1.4067,1.66,2472007.0,65766510.23,26.84,26.8,26.91,26.95,27.21,27.26,27.1,26.87,26.77,26.84,26.82,26.97,27.22,27.07,26.85,27.18,27.52,27.41,,,,37.14,27.05,25.11,28.92,7.05,26.17,28.28,3.88,27.05,27.21,-1.65,-2.23,-3.32,-0.16,-0.59
2015-06-01,26.84,26.7,26.84,26.49,-1.13,1.32,1.0721,1.12,1893383.0,50552379.41,26.78,26.79,26.93,26.93,27.17,27.26,27.12,26.87,26.77,26.84,26.82,26.97,27.22,27.07,26.85,27.18,27.52,27.41,,,,37.48,27.05,25.11,28.92,7.05,26.17,28.28,3.88,27.05,27.21,-1.3,-1.88,-2.98,-0.16,-0.59
2015-06-02,26.65,26.96,27.15,26.57,1.29,2.19,1.0918,1.05,1933698.0,52130564.38,26.85,26.8,26.93,26.92,27.15,27.25,27.12,26.87,26.78,26.84,26.82,26.97,27.22,27.07,26.85,27.18,27.52,27.41,,,,50.76,27.04,25.11,28.92,7.05,26.17,28.28,3.88,27.04,27.21,-0.3,-0.92,-2.04,-0.17,-0.62
2015-06-03,27.0,27.01,27.18,26.86,0.09,1.19,0.9621,0.99,1714483.0,46314186.52,26.85,26.84,26.94,26.91,27.13,27.25,27.12,26.88,26.78,26.84,26.82,26.97,27.22,27.07,26.85,27.18,27.52,27.41,,,,50.22,27.04,25.11,28.92,7.05,26.17,28.28,3.88,27.04,27.21,-0.1,-0.72,-1.84,-0.17,-0.62
2015-06-04,26.89,26.85,27.03,26.72,-0.5,1.16,0.752,0.74,1334755.0,35842176.02,26.83,26.86,26.94,26.9,27.11,27.24,27.12,26.89,26.78,26.83,26.82,26.97,27.22,27.07,26.85,27.18,27.52,27.41,,,,50.54,27.04,25.11,28.92,7.05,26.17,28.07,3.51,27.04,27.21,-0.69,-1.31,-2.42,-0.17,-0.62
2015-06-05,26.82,26.67,26.86,26.63,0.23,0.87,0.7773,0.73,1373925.0,36637771.01,26.84,26.85,26.92,26.89,27.1,27.24,27.13,26.89,26.78,26.83,26.78,26.9,27.2,27.14,26.84,27.13,27.5,27.41,,,,36.08,27.04,25.11,28.92,7.05,26.17,28.07,3.51,27.04,27.2,-1.38,-1.96,-3.01,-0.16,-0.59
2015-06-08,26.67,26.34,26.71,26.31,-1.34,1.48,0.8591,0.92,1520581.0,40054384.41,26.77,26.82,26.85,26.88,27.07,27.23,27.14,26.91,26.79,26.82,26.78,26.9,27.2,27.14,26.84,27.13,27.5,27.41,,,,15.33,27.03,25.11,28.92,7.05,26.17,28.07,3.51,27.03,27.2,-2.55,-3.16,-4.2,-0.17,-0.62
2015-06-09,26.38,26.33,26.46,26.15,-2.32,1.17,0.8159,0.91,1440676.0,37939482.12,26.64,26.8,26.8,26.86,27.06,27.22,27.15,26.92,26.79,26.81,26.78,26.9,27.2,27.14,26.84,27.13,27.5,27.41,,,,15.32,27.03,25.32,28.92,6.63,26.17,28.07,3.51,27.03,27.2,-2.57,-3.18,-4.22,-0.17,-0.62
2015-06-10,26.47,26.82,26.92,26.47,-0.7,1.71,1.024,1.23,1811376.0,48589255.51,26.6,26.8,26.78,26.86,27.04,27.22,27.15,26.93,26.81,26.8,26.78,26.9,27.2,27.14,26.84,27.13,27.5,27.41,,,,52.41,27.02,25.32,28.92,6.63,26.17,28.07,3.51,27.02,27.2,-0.72,-1.38,-2.44,-0.18,-0.66
2015-06-11,26.92,26.73,26.95,26.65,-0.46,1.11,0.679,0.8,1194333.0,31922729.59,26.58,26.78,26.75,26.86,27.03,27.22,27.15,26.95,26.82,26.8,26.78,26.9,27.2,27.14,26.84,27.13,27.5,27.41,,,,36.86,27.02,25.32,28.92,6.63,26.17,28.07,3.51,27.02,27.2,-1.08,-1.73,-2.79,-0.18,-0.66
2015-06-12,26.58,26.62,26.66,26.51,-0.19,0.55,0.5464,0.65,950478.0,25298397.69,26.57,26.75,26.74,26.85,27.0,27.22,27.15,26.97,26.83,26.79,26.72,26.88,27.12,27.12,26.82,27.07,27.45,27.41,,,,37.24,27.02,25.32,28.92,6.63,26.38,28.07,3.11,27.02,27.18,-1.49,-2.07,-3.04,-0.16,-0.59
2015-06-15,26.4,26.36,26.42,26.2,0.07,0.81,0.9282,1.17,1621245.0,42736018.2,26.57,26.71,26.73,26.83,26.98,27.2,27.15,26.99,26.84,26.79,26.72,26.88,27.12,27.12,26.82,27.07,27.45,27.41,,,,14.79,27.01,25.32,28.92,6.63,26.38,28.07,3.11,27.01,27.18,-2.41,-3.02,-3.97,-0.17,-0.63
2015-06-16,26.42,26.41,26.48,26.28,0.28,0.77,0.6197,0.76,1068335.0,28212056.51,26.59,26.69,26.7,26.82,26.95,27.18,27.15,27.0,26.84,26.78,26.72,26.88,27.12,27.12,26.82,27.07,27.45,27.41,,,,24.39,27.01,25.32,28.92,6.63,26.38,28.07,3.11,27.01,27.18,-2.23,-2.84,-3.8,-0.17,-0.63
2015-06-17,26.47,26.46,26.55,26.26,-1.35,1.11,0.7352,0.95,1263035.0,33423695.2,26.52,26.66,26.7,26.82,26.93,27.15,27.15,27.01,26.84,26.78,26.72,26.88,27.12,27.12,26.82,27.07,27.45,27.41,,,,25.0,27.0,25.32,28.92,6.63,26.38,28.07,3.11,27.0,27.18,-1.99,-2.64,-3.6,-0.18,-0.66
2015-06-18,26.55,26.84,26.91,26.54,0.4,1.39,1.0714,1.5,1827461.0,49042657.13,26.54,26.65,26.72,26.82,26.9,27.12,27.16,27.03,26.84,26.77,26.72,26.88,27.12,27.12,26.82,27.07,27.45,27.41,,,,54.75,27.0,25.32,28.92,6.63,26.38,28.07,3.11,27.0,27.18,-0.61,-1.26,-2.24,-0.18,-0.66
2015-06-19,26.86,26.83,26.91,26.65,0.82,0.98,1.0376,1.31,1763859.0,47332274.34,26.58,26.66,26.73,26.83,26.88,27.1,27.16,27.04,26.84,26.77,26.75,26.87,27.01,27.12,26.82,27.02,27.4,27.42,,,,55.26,27.0,25.32,28.92,6.63,26.38,28.07,3.11,27.0,27.16,-0.61,-1.2,-2.15,-0.16,-0.59
2015-06-22,26.98,26.91,27.19,26.88,2.08,1.16,0.732,0.82,1240515.0,33381638.39,26.69,26.68,26.73,26.84,26.87,27.07,27.16,27.05,26.84,26.77,26.75,26.87,27.01,27.12,26.82,27.02,27.4,27.42,,,,54.82,27.0,25.32,28.92,6.63,26.38,28.07,3.11,27.0,27.16,-0.34,-0.92,-1.88,-0.16,-0.59
2015-06-23,26.98,27.02,27.07,26.76,2.33,1.16,0.708,0.83,1191547.0,32200366.13,26.81,26.68,26.74,26.85,26.86,27.06,27.16,27.06,26.85,26.77,26.75,26.87,27.01,27.12,26.82,27.02,27.4,27.42,,,,68.09,27.0,25.32,28.92,6.63,26.38,28.07,3.11,27.0,27.16,0.09,-0.5,-1.46,-0.16,-0.59
2015-06-24,27.0,26.89,27.0,26.78,1.62,0.8,0.7624,0.88,1283221.0,34508379.13,26.9,26.67,26.76,26.85,26.85,27.04,27.15,27.05,26.85,26.77,26.75,26.87,27.01,27.12,26.82,27.02,27.4,27.42,,,,54.89,27.0,25.32,28.92,6.63,26.38,28.07,3.11,27.0,27.16,-0.4,-0.99,-1.94,-0.16,-0.59
2015-06-25,26.94,26.76,27.04,26.76,-0.28,1.05,0.7917,0.91,1329490.0,35579146.64,26.88,26.67,26.76,26.85,26.84,27.02,27.15,27.05,26.86,26.77,26.75,26.87,27.01,27.12,26.82,27.02,27.4,27.42,,,,36.87,27.0,25.32,28.92,6.63,26.38,28.07,3.11,27.0,27.16,-0.88,-1.47,-2.42,-0.16,-0.59
2015-06-26,26.86,26.58,26.89,26.57,-0.93,1.2,1.0354,1.27,1735036.0,46125064.54,26.83,26.66,26.75,26.83,26.83,27.01,27.14,27.06,26.87,26.76,26.66,26.9,26.96,27.13,26.8,26.94,27.35,27.43,,,,23.39,26.99,25.32,28.71,6.26,26.38,28.07,3.11,26.99,27.16,-1.5,-2.12,-3.07,-0.17,-0.63
2015-06-29,26.25,26.08,26.43,26.03,-3.07,1.52,1.1491,1.42,1929976.0,50339564.01,26.67,26.64,26.73,26.78,26.82,26.99,27.13,27.07,26.87,26.76,26.66,26.9,26.96,27.13,26.8,26.94,27.35,27.43,,,,10.31,26.98,25.32,28.71,6.26,26.38,28.07,3.11,26.98,27.16,-3.32,-3.97,-4.9,-0.18,-0.66
2015-06-30,26.3,26.03,26.31,26.02,-3.69,1.1,1.308,1.48,2216377.0,57682319.61,26.47,26.62,26.71,26.74,26.8,26.97,27.12,27.07,26.88,26.75,26.66,26.9,26.96,27.13,26.8,26.94,27.35,27.43,,,,10.17,26.97,25.32,28.71,6.26,26.17,28.07,3.51,26.97,27.16,-3.5,-4.18,-5.11,-0.19,-0.7
2015-07-01,26.24,26.1,26.28,25.91,-2.96,1.43,1.1484,1.15,1958587.0,51110307.06,26.31,26.57,26.69,26.71,26.79,26.95,27.12,27.06,26.89,26.75,26.66,26.9,26.96,27.13,26.8,26.94,27.35,27.43,,,,10.42,26.96,25.32,28.71,6.26,26.17,28.07,3.51,26.96,27.16,-3.21,-3.92,-4.86,-0.2,-0.74
2015-07-02,26.05,26.16,26.23,26.05,-2.25,0.68,0.7207,0.67,1229897.0,32172875.62,26.19,26.54,26.66,26.68,26.78,26.93,27.11,27.06,26.9,26.74,26.66,26.9,26.96,27.13,26.8,26.94,27.35,27.43,,,,10.34,26.95,25.32,28.71,6.26,26.17,27.86,3.13,26.95,27.16,-2.94,-3.69,-4.63,-0.21,-0.77
2015-07-06,25.98,26.15,26.26,25.95,-1.64,1.19,0.75,0.7,1276504.0,33378664.84,26.1,26.51,26.63,26.66,26.76,26.9,27.1,27.06,26.91,26.74,26.57,26.7,26.84,27.06,26.8,26.87,27.28,27.43,,,,10.3,26.94,25.32,28.71,6.26,26.17,27.86,3.13,26.94,27.13,-2.94,-3.62,-4.68,-0.19,-0.7
2015-07-07,26.16,26.26,26.31,25.76,0.67,2.1,0.9344,0.93,1593333.0,41836941.25,26.14,26.5,26.6,26.65,26.75,26.88,27.08,27.06,26.93,26.73,26.57,26.7,26.84,27.06,26.8,26.87,27.28,27.43,,,,19.0,26.93,25.32,28.71,6.26,26.17,27.86,3.13,26.93,27.13,-2.5,-3.22,-4.28,-0.2,-0.74
2015-07-08,26.05,25.86,26.14,25.81,-0.65,1.26,0.7383,0.76,1254440.0,32436055.08,26.1,26.46,26.58,26.62,26.73,26.85,27.06,27.06,26.93,26.73,26.57,26.7,26.84,27.06,26.8,26.87,27.28,27.43,,,,8.43,26.92,25.32,28.71,6.26,26.17,27.86,3.13,26.92,27.13,-3.95,-4.69,-5.74,-0.21,-0.77
2015-07-09,26.16,26.03,26.19,26.02,-0.24,0.66,1.0905,1.26,1839235.0,47882643.99,26.09,26.43,26.55,26.61,26.72,26.83,27.03,27.05,26.94,26.72,26.57,26.7,26.84,27.06,26.8,26.87,27.28,27.43,,,,11.13,26.91,25.32,28.71,6.26,26.17,27.86,3.13,26.91,27.13,-3.26,-4.04,-5.09,-0.22,-0.81
2015-07-10,26.31,26.51,26.63,26.28,1.33,1.35,1.1053,1.29,1855897.0,49193333.83,26.16,26.41,26.53,26.62,26.72,26.8,27.0,27.05,26.95,26.72,26.54,26.66,26.78,27.04,26.81,26.81,27.22,27.44,,,,30.2,26.91,25.32,28.71,6.26,26.17,27.86,3.13,26.91,27.1,-1.5,-2.19,-3.4,-0.19,-0.7
2015-07-13,26.64,27.33,27.36,26.62,4.51,2.77,1.2984,1.41,2199791.0,60114788.55,26.4,26.44,26.55,26.64,26.73,26.79,26.99,27.06,26.97,26.72,26.54,26.66,26.78,27.04,26.81,26.81,27.22,27.44,,,,75.75,26.91,25.32,28.71,6.26,26.17,27.86,3.13,26.91,27.1,1.55,0.84,-0.41,-0.19,-0.7
2015-07-14,27.34,28.06,28.29,27.34,6.85,3.5,1.8794,1.84,3218202.0,90286657.11,26.76,26.52,26.6,26.66,26.76,26.8,26.98,27.07,26.99,26.74,26.54,26.66,26.78,27.04,26.81,26.81,27.22,27.44,,,,85.8,26.92,25.32,28.71,6.26,26.17,27.86,3.13,26.92,27.1,4.22,3.52,2.24,-0.18,-0.66
2015-07-15,28.01,28.01,28.32,27.84,8.33,1.73,1.0365,0.86,1776580.0,49763782.38,27.19,26.59,26.63,26.69,26.78,26.81,26.98,27.08,27.0,26.75,26.54,26.66,26.78,27.04,26.81,26.81,27.22,27.44,,,,85.09,26.94,25.32,28.71,6.26,26.17,27.86,3.13,26.94,27.1,3.98,3.36,2.08,-0.16,-0.59
2015-07-16,28.26,29.02,29.03,28.25,11.45,2.8,2.2243,1.79,3889557.0,112855496.36,27.78,26.73,26.7,26.75,26.82,26.82,26.98,27.09,27.01,26.76,26.54,26.66,26.78,27.04,26.81,26.81,27.22,27.44,,,,97.47,26.97,25.54,28.71,5.85,26.17,28.07,3.51,26.97,27.1,7.58,7.07,5.74,-0.13,-0.48
2015-07-17,32.45,33.65,33.72,32.25,26.94,5.08,5.0,4.3,11121569.0,374201871.36,29.21,27.19,26.93,26.91,26.93,26.91,27.05,27.15,27.07,26.81,27.95,27.33,27.24,27.32,27.07,26.98,27.33,27.54,,,,100.0,27.31,25.54,32.73,12.34,26.17,28.28,3.88,27.31,27.24,23.2,23.52,20.4,0.07,0.26
2015-07-20,32.96,33.15,33.44,32.65,21.31,2.36,3.0126,1.32,5848420.0,193880971.42,30.38,27.62,27.14,27.04,27.03,26.99,27.11,27.21,27.13,26.86,27.95,27.33,27.24,27.32,27.07,26.98,27.33,27.54,,,,96.88,27.5,25.54,33.15,12.97,26.17,28.71,4.62,27.5,27.24,20.55,21.7,18.62,0.26,0.95
2015-07-21,32.76,33.12,33.65,32.72,18.04,2.82,1.7455,0.65,3346165.0,110808253.98,31.39,28.09,27.37,27.19,27.11,27.07,27.17,27.27,27.19,26.9,27.95,27.33,27.24,27.32,27.07,26.98,27.33,27.54,,,,93.0,27.6,25.54,33.15,12.97,26.17,28.71,4.62,27.6,27.24,19.98,21.57,18.5,0.36,1.32
2015-07-22,33.04,33.1,33.93,32.95,18.19,2.97,1.903,0.71,3689420.0,122138249.1,32.41,28.57,27.59,27.33,27.2,27.16,27.24,27.33,27.26,26.95,27.95,27.33,27.24,27.32,27.07,26.98,27.33,27.54,,,,91.08,27.72,25.54,33.15,12.97,26.17,28.92,4.99,27.72,27.24,19.43,21.53,18.46,0.48,1.76
2015-07-23,33.06,32.21,33.18,32.05,11.03,3.42,1.5243,0.54,2993746.0,96440533.64,33.05,28.97,27.77,27.45,27.27,27.23,27.29,27.38,27.3,27.0,27.95,27.33,27.24,27.32,27.07,26.98,27.33,27.54,,,,86.62,27.8,25.54,33.15,12.97,26.17,29.13,5.35,27.8,27.24,15.88,18.26,15.27,0.56,2.06
2015-07-24,32.35,31.17,32.41,31.13,-7.36,3.98,1.8064,0.67,3605356.0,112378946.52,32.55,29.31,27.92,27.54,27.34,27.28,27.33,27.42,27.34,27.04,28.81,27.78,27.52,27.46,27.22,27.12,27.39,27.59,,,,84.77,27.87,25.54,33.15,12.97,26.17,31.25,8.84,27.87,27.47,11.84,13.47,8.18,0.4,1.46
2015-07-27,31.05,31.36,31.72,31.02,-5.39,2.21,1.235,0.63,2473573.0,77582380.36,32.19,29.66,28.08,27.64,27.41,27.34,27.36,27.46,27.38,27.08,28.81,27.78,27.52,27.46,27.22,27.12,27.39,27.59,,,,84.8,27.91,25.54,33.15,12.97,26.17,31.46,9.17,27.91,27.47,12.38,14.18,8.85,0.44,1.6
2015-07-28,31.64,31.4,31.64,31.17,-5.18,1.52,0.8457,0.53,1692892.0,53156808.8,31.85,30.0,28.25,27.73,27.49,27.4,27.4,27.5,27.43,27.12,28.81,27.78,27.52,27.46,27.22,27.12,27.39,27.59,,,,84.3,27.95,25.54,33.15,12.97,26.17,31.46,9.17,27.95,27.47,12.34,14.31,8.98,0.48,1.75
2015-07-29,31.44,31.6,31.67,31.13,-4.56,1.71,0.7785,0.54,1561822.0,49348108.82,31.55,30.38,28.42,27.85,27.56,27.46,27.44,27.53,27.47,27.15,28.81,27.78,27.52,27.46,27.22,27.12,27.39,27.59,,,,86.14,27.97,25.54,33.15,12.97,26.17,31.46,9.17,27.97,27.47,12.97,15.02,9.66,0.5,1.82
2015-07-30,31.5,31.64,31.76,31.1,-1.79,2.08,0.7294,0.59,1464461.0,46330420.43,31.43,30.75,28.59,27.95,27.65,27.53,27.48,27.56,27.51,27.19,28.81,27.78,27.52,27.46,27.22,27.12,27.39,27.59,,,,85.89,28.0,25.54,33.15,12.97,26.17,31.46,9.17,28.0,27.47,12.99,15.17,9.8,0.53,1.93
2015-07-31,31.57,31.28,31.65,31.28,0.37,1.17,0.8435,0.79,1695654.0,53047687.56,31.46,31.07,28.74,28.04,27.73,27.59,27.51,27.59,27.55,27.22,29.75,28.21,27.85,27.66,27.39,27.22,27.44,27.65,,,,82.48,28.03,25.54,33.15,12.97,26.17,31.46,9.17,28.03,27.58,11.61,13.43,5.15,0.45,1.63
2015-08-03,31.27,31.56,31.65,31.27,0.62,1.23,0.6479,0.73,1300036.0,41029786.18,31.5,31.36,28.9,28.15,27.82,27.66,27.55,27.61,27.59,27.25,29.75,28.21,27.85,27.66,27.39,27.22,27.44,27.65,,,,86.1,28.06,25.54,33.15,12.97,26.17,31.46,9.17,28.06,27.58,12.48,14.43,6.07,0.48,1.74
2015-08-04,31.42,31.46,31.74,31.36,0.2,1.21,0.7383,0.96,1481094.0,46598919.98,31.51,31.58,29.05,28.26,27.89,27.73,27.6,27.64,27.63,27.29,29.75,28.21,27.85,27.66,27.39,27.22,27.44,27.65,,,,86.03,28.08,25.54,33.15,12.97,26.17,31.46,9.17,28.08,27.58,12.05,14.08,5.74,0.5,1.81
2015-08-05,31.72,32.2,32.39,31.66,1.92,2.34,0.9943,1.34,2013648.0,64845506.54,31.63,31.86,29.22,28.38,27.98,27.8,27.65,27.68,27.67,27.32,29.75,28.21,27.85,27.66,27.39,27.22,27.44,27.65,,,,87.39,28.13,25.54,33.15,12.97,26.17,31.46,9.17,28.13,27.58,14.48,16.76,8.23,0.55,1.99
2015-08-06,32.25,32.13,32.27,31.61,1.57,2.04,0.7605,0.97,1539173.0,49459785.18,31.73,32.07,29.4,28.49,28.08,27.87,27.7,27.71,27.71,27.36,29.75,28.21,27.85,27.66,27.39,27.22,27.44,27.65,,,,87.48,28.16,25.54,33.15,12.97,26.17,31.67,9.51,28.16,27.58,14.11,16.51,8.0,0.58,2.1
2015-08-07,32.01,31.76,32.13,31.49,1.53,2.02,0.6903,0.87,1398863.0,44433484.33,31.82,31.94,29.57,28.6,28.16,27.93,27.75,27.75,27.75,27.4,30.87,28.72,28.09,27.85,27.62,27.32,27.49,27.72,27.6,,,85.11,28.18,25.54,33.15,12.97,26.38,31.67,9.11,28.18,27.69,12.72,14.71,2.88,0.49,1.77
2015-08-10,31.97,31.69,32.17,31.56,0.4,1.92,0.749,0.98,1519520.0,48148270.48,31.85,31.85,29.74,28.71,28.24,27.99,27.8,27.79,27.79,27.44,30.87,28.72,28.09,27.85,27.62,27.32,27.49,27.72,27.6,,,84.84,28.21,25.54,33.15,12.97,26.38,31.88,9.44,28.21,27.69,12.32,14.43,2.63,0.52,1.88
2015-08-11,33.46,33.06,33.74,32.71,5.09,3.26,2.4029,3.14,4996578.0,165201858.41,32.17,31.84,29.97,28.86,28.35,28.06,27.87,27.84,27.84,27.49,30.87,28.72,28.09,27.85,27.62,27.32,27.49,27.72,27.6,,,90.46,28.34,25.75,33.15,12.57,26.38,32.09,9.76,28.34,27.69,16.67,19.4,7.09,0.65,2.35
2015-08-12,33.15,32.98,33.25,32.61,2.41,1.92,1.395,1.27,2922236.0,96369498.81,32.33,31.83,30.2,29.01,28.46,28.13,27.94,27.89,27.89,27.55,30.87,28.72,28.09,27.85,27.62,27.32,27.49,27.72,27.6,,,90.24,28.41,25.75,33.15,12.57,26.38,32.51,10.41,28.41,27.69,16.08,19.1,6.81,0.72,2.6
2015-08-13,32.97,32.82,33.22,32.58,2.14,1.95,0.8582,0.73,1795401.0,58929549.32,32.46,31.88,30.42,29.14,28.56,28.19,28.0,27.94,27.94,27.6,30.87,28.72,28.09,27.85,27.62,27.32,27.49,27.72,27.6,,,86.35,28.45,25.75,33.15,12.57,26.38,32.73,10.73,28.45,27.69,15.37,18.54,6.31,0.76,2.74
2015-08-14,32.75,32.86,32.99,32.63,3.44,1.1,0.5124,0.42,1068818.0,35117084.21,32.68,31.99,30.65,29.28,28.65,28.27,28.07,27.99,27.99,27.65,32.14,29.34,28.49,28.12,27.87,27.46,27.58,27.8,27.69,,,86.15,28.48,25.75,33.15,12.57,26.38,32.73,10.73,28.48,27.87,15.37,17.89,2.21,0.61,2.19
2015-08-17,32.84,33.04,33.07,32.56,4.28,1.54,0.5035,0.43,1046941.0,34594594.93,32.95,32.1,30.88,29.42,28.75,28.35,28.13,28.04,28.04,27.71,32.14,29.34,28.49,28.12,27.87,27.46,27.58,27.8,27.69,,,90.3,28.5,25.75,33.15,12.57,26.38,32.73,10.73,28.5,27.87,15.94,18.56,2.8,0.63,2.26
2015-08-18,33.1,32.81,33.2,32.67,-0.78,1.59,0.697,0.61,1452495.0,47651277.22,32.9,32.19,31.1,29.56,28.85,28.43,28.2,28.09,28.08,27.76,32.14,29.34,28.49,28.12,27.87,27.46,27.58,27.8,27.69,,,85.43,28.53,25.75,33.15,12.57,26.38,32.73,10.73,28.53,27.87,14.99,17.71,2.06,0.66,2.37
2015-08-19,32.83,33.04,33.35,32.71,0.2,1.95,1.0242,1.29,2129627.0,70373524.22,32.91,32.29,31.34,29.71,28.96,28.51,28.27,28.13,28.13,27.81,32.14,29.34,28.49,28.12,27.87,27.46,27.58,27.8,27.69,,,89.86,28.58,25.75,33.15,12.57,26.38,32.94,11.05,28.58,27.87,15.62,18.57,2.8,0.71,2.55
2015-08-20,32.77,32.34,33.15,32.15,-1.47,3.04,1.2483,1.75,2621607.0,84786702.79,32.82,32.34,31.55,29.84,29.05,28.59,28.33,28.18,28.16,27.86,32.14,29.34,28.49,28.12,27.87,27.46,27.58,27.8,27.69,,,81.03,28.63,25.75,33.15,12.57,26.38,32.94,11.05,28.63,27.87,12.96,16.04,0.61,0.76,2.73
2015-08-21,31.99,30.62,32.0,30.62,-6.79,4.29,1.8407,2.38,3955556.0,121134946.94,32.37,32.29,31.68,29.93,29.11,28.64,28.37,28.2,28.17,27.9,31.54,29.74,28.73,28.31,27.99,27.55,27.6,27.83,27.74,,,68.37,28.68,25.75,33.15,12.57,26.38,32.94,11.05,28.68,28.01,6.78,9.33,-2.9,0.67,2.39
2015-08-24,28.65,29.47,30.7,28.25,-10.81,7.99,2.5925,2.55,5711059.0,168319186.38,31.66,32.15,31.75,29.98,29.15,28.68,28.41,28.21,28.18,27.92,31.54,29.74,28.73,28.31,27.99,27.55,27.6,27.83,27.74,,,67.48,28.71,25.75,33.15,12.57,26.38,32.73,10.73,28.71,28.01,2.66,5.22,-6.55,0.7,2.5
2015-08-25,30.75,29.1,30.87,29.06,-11.29,6.17,1.5721,1.1,3505419.0,102018209.16,30.92,32.0,31.79,30.03,29.19,28.71,28.44,28.22,28.18,27.95,31.54,29.74,28.73,28.31,27.99,27.55,27.6,27.83,27.74,,,64.78,28.72,25.75,33.15,12.57,26.38,32.73,10.73,28.72,28.01,1.33,3.9,-7.73,0.71,2.53
2015-08-26,30.52,31.44,31.59,29.95,-4.86,5.61,1.8578,1.18,4213151.0,132450934.56,30.6,31.95,31.9,30.13,29.27,28.77,28.49,28.26,28.21,27.98,31.54,29.74,28.73,28.31,27.99,27.55,27.6,27.83,27.74,,,72.65,28.77,25.75,33.15,12.57,26.38,32.73,10.73,28.77,28.01,9.27,12.24,-0.32,0.76,2.71
2015-08-27,31.97,31.88,32.18,31.1,-1.44,3.43,1.5109,0.87,3470680.0,110633131.02,30.5,31.93,32.0,30.24,29.35,28.85,28.55,28.3,28.24,28.01,31.54,29.74,28.73,28.31,27.99,27.55,27.6,27.83,27.74,,,78.47,28.81,25.96,33.15,12.16,26.38,32.73,10.73,28.81,28.01,10.64,13.8,1.07,0.8,2.86
2015-08-28,31.64,31.51,31.84,31.23,2.91,1.93,0.8542,0.47,1971153.0,62119901.22,30.68,31.91,31.93,30.35,29.43,28.91,28.6,28.34,28.27,28.04,31.61,30.21,29.06,28.54,28.15,27.66,27.66,27.87,27.82,,,76.24,28.84,25.96,33.15,12.16,26.38,32.73,10.73,28.84,28.1,9.27,12.15,-0.3,0.74,2.63
2015-08-31,31.38,30.9,31.79,30.88,4.85,2.87,0.9279,0.57,2153306.0,66539308.71,30.97,31.86,31.85,30.44,29.5,28.97,28.64,28.38,28.3,28.08,31.61,30.21,29.06,28.54,28.15,27.66,27.66,27.87,27.82,,,67.14,28.86,25.96,33.15,12.16,26.38,32.73,10.73,28.86,28.1,7.07,9.97,-2.24,0.76,2.7
2015-09-01,30.12,29.89,30.64,29.7,2.7,3.04,1.5578,1.2,3670875.0,109720618.31,31.12,31.65,31.75,30.53,29.56,29.01,28.66,28.41,28.31,28.1,31.61,30.21,29.06,28.54,28.15,27.66,27.66,27.87,27.82,,,63.95,28.88,25.96,33.15,12.16,26.38,32.73,10.73,28.88,28.1,3.5,6.37,-5.44,0.78,2.78
2015-09-02,30.28,30.72,30.72,29.99,-2.29,2.45,0.9957,0.76,2361736.0,72545444.71,30.98,31.5,31.67,30.63,29.63,29.06,28.69,28.44,28.34,28.14,31.61,30.21,29.06,28.54,28.15,27.66,27.66,27.87,27.82,,,67.18,28.9,25.96,33.15,12.16,26.38,32.73,10.73,28.9,28.1,6.29,9.31,-2.82,0.8,2.85
2015-09-03,30.85,30.31,30.99,30.14,-4.91,2.75,0.7382,0.64,1750149.0,53051391.56,30.67,31.33,31.6,30.73,29.69,29.11,28.72,28.48,28.36,28.16,31.61,30.21,29.06,28.54,28.15,27.66,27.66,27.87,27.82,,,64.94,28.91,25.96,33.15,12.16,26.38,32.73,10.73,28.91,28.1,4.85,7.87,-4.1,0.81,2.88
2015-09-04,30.0,30.04,30.17,29.76,-4.69,1.36,0.8688,0.87,2072448.0,62245975.68,30.37,31.14,31.56,30.81,29.74,29.15,28.75,28.51,28.39,28.19,31.36,30.56,29.26,28.73,28.27,27.74,27.66,27.89,27.87,,,64.13,28.92,25.96,33.15,12.16,26.38,32.73,10.73,28.92,28.18,3.86,6.58,-4.22,0.74,2.63
2015-09-08,30.62,30.73,30.82,30.21,-0.54,2.03,0.8989,0.9,2162414.0,66457469.46,30.34,30.99,31.54,30.91,29.81,29.2,28.79,28.54,28.41,28.22,31.36,30.56,29.26,28.73,28.27,27.74,27.66,27.89,27.87,,,67.9,28.94,25.96,33.15,12.16,26.38,32.73,10.73,28.94,28.18,6.2,9.06,-2.0,0.76,2.7
2015-09-09,31.06,30.64,31.33,30.48,2.51,2.75,0.7034,0.7,1692877.0,51869751.28,30.49,30.84,31.52,31.01,29.88,29.25,28.83,28.58,28.43,28.25,31.36,30.56,29.26,28.73,28.27,27.74,27.66,27.89,27.87,,,67.66,28.95,25.96,33.15,12.16,26.38,32.73,10.73,28.95,28.18,5.84,8.73,-2.29,0.77,2.73
2015-09-10,30.66,31.07,31.21,30.57,1.14,2.08,0.7851,0.95,1900526.0,59044591.5,30.56,30.71,31.5,31.13,29.96,29.31,28.88,28.61,28.46,28.28,31.36,30.56,29.26,28.73,28.27,27.74,27.66,27.89,27.87,,,70.36,28.97,25.96,33.15,12.16,26.38,32.51,10.41,28.97,28.18,7.24,10.25,-0.93,0.79,2.8
2015-09-11,30.99,31.29,31.29,30.87,3.22,1.35,0.559,0.71,1354146.0,42369874.19,30.75,30.64,31.49,31.24,30.04,29.36,28.93,28.66,28.48,28.31,31.26,31.07,29.57,28.88,28.4,27.86,27.71,27.91,27.95,,,72.95,28.98,25.96,33.15,12.16,26.38,32.51,10.41,28.98,28.22,7.97,10.88,0.08,0.76,2.69
2015-09-14,31.28,31.16,31.29,30.97,3.75,1.03,0.698,0.92,1689137.0,52636887.19,30.98,30.68,31.48,31.35,30.11,29.42,28.98,28.7,28.51,28.34,31.26,31.07,29.57,28.88,28.4,27.86,27.71,27.91,27.95,,,69.91,29.0,25.96,33.15,12.16,26.38,32.51,10.41,29.0,28.22,7.46,10.43,-0.33,0.78,2.76
2015-09-15,31.34,31.76,31.94,31.19,3.33,2.39,0.8575,1.18,2079676.0,66044270.73,31.18,30.83,31.49,31.45,30.2,29.49,29.04,28.75,28.54,28.37,31.26,31.07,29.57,28.88,28.4,27.86,27.71,27.91,27.95,,,80.43,29.02,25.96,33.15,12.16,26.38,32.51,10.41,29.02,28.22,9.43,12.53,1.58,0.8,2.83
2015-09-16,31.77,31.8,31.9,31.62,3.78,0.89,0.5259,0.73,1275756.0,40567765.04,31.41,31.01,31.5,31.53,30.28,29.56,29.1,28.8,28.57,28.41,31.26,31.07,29.57,28.88,28.4,27.86,27.71,27.91,27.95,,,80.31,29.04,25.96,33.15,12.16,26.38,32.51,10.41,29.04,28.22,9.5,12.68,1.71,0.82,2.91
2015-09-17,31.89,32.17,32.54,31.75,3.54,2.5,0.9235,1.36,2256488.0,72585577.74,31.63,31.06,31.5,31.62,30.36,29.63,29.16,28.86,28.61,28.44,31.26,31.07,29.57,28.88,28.4,27.86,27.71,27.91,27.95,,,83.29,29.07,25.96,33.15,12.16,26.38,32.51,10.41,29.07,28.22,10.66,13.99,2.89,0.85,3.01
2015-09-18,31.84,31.46,32.0,31.35,0.55,2.02,1.8401,2.66,4597879.0,144660768.04,31.67,31.03,31.48,31.68,30.44,29.69,29.21,28.9,28.64,28.47,30.99,31.56,29.89,29.11,28.55,28.0,27.76,27.95,28.03,,,75.99,29.12,25.96,33.15,12.16,26.38,32.51,10.41,29.12,28.33,8.04,11.06,-0.32,0.79,2.79
2015-09-21,31.72,31.77,31.82,31.3,1.96,1.68,0.7118,0.75,1784023.0,56681978.76,31.79,31.05,31.48,31.63,30.52,29.75,29.27,28.95,28.68,28.5,30.99,31.56,29.89,29.11,28.55,28.0,27.76,27.95,28.03,,,79.76,29.14,25.96,33.15,12.16,26.38,32.3,10.09,29.14,28.33,9.03,12.15,0.66,0.81,2.86
2015-09-22,31.35,31.13,31.38,30.77,-1.96,1.91,1.0125,1.06,2551488.0,79439303.14,31.67,31.06,31.46,31.59,30.6,29.81,29.32,28.98,28.71,28.53,30.99,31.56,29.89,29.11,28.55,28.0,27.76,27.95,28.03,,,66.1,29.16,25.96,33.15,12.16,26.38,32.3,10.09,29.16,28.33,6.77,9.9,-1.36,0.83,2.93
2015-09-23,31.1,31.12,31.45,31.0,-2.14,1.43,0.5846,0.59,1468730.0,45703940.14,31.53,31.14,31.4,31.54,30.68,29.87,29.37,29.01,28.75,28.55,30.99,31.56,29.89,29.11,28.55,28.0,27.76,27.95,28.03,,,65.85,29.17,25.96,33.15,12.16,26.38,32.3,10.09,29.17,28.33,6.68,9.84,-1.41,0.84,2.97
2015-09-24,30.83,31.29,31.37,30.62,-2.72,2.4,0.8844,0.88,2221822.0,69527475.85,31.36,31.18,31.34,31.5,30.77,29.94,29.42,29.04,28.79,28.58,30.99,31.56,29.89,29.11,28.55,28.0,27.76,27.95,28.03,,,70.04,29.19,25.96,33.15,12.16,26.38,32.3,10.09,29.19,28.33,7.2,10.46,-0.86,0.86,3.04
2015-09-25,31.49,30.6,31.49,30.55,-2.75,3.0,0.8565,0.85,2154666.0,65929547.6,31.18,31.2,31.27,31.47,30.84,29.99,29.46,29.07,28.82,28.61,30.98,31.26,30.16,29.3,28.64,28.12,27.83,27.99,28.07,,,58.43,29.2,25.96,33.15,12.16,26.38,32.3,10.09,29.2,28.39,4.79,7.78,-2.12,0.81,2.85
2015-09-28,30.52,29.76,30.73,29.47,-6.34,4.12,1.2217,1.53,3111741.0,92596076.94,30.78,31.18,31.16,31.44,30.9,30.03,29.49,29.09,28.84,28.63,30.98,31.26,30.16,29.3,28.64,28.12,27.83,27.99,28.07,,,52.91,29.21,25.96,33.15,12.16,26.38,32.3,10.09,29.21,28.39,1.87,4.82,-4.81,0.82,2.89
2015-09-29,29.86,29.75,30.25,29.51,-4.45,2.48,0.9,1.0,2307888.0,68659668.0,30.5,31.12,31.05,31.4,30.96,30.07,29.52,29.12,28.86,28.64,30.98,31.26,30.16,29.3,28.64,28.12,27.83,27.99,28.07,,,52.45,29.22,25.96,33.15,12.16,26.59,32.3,9.69,29.22,28.39,1.81,4.79,-4.83,0.83,2.92
2015-09-30,30.16,30.42,30.44,30.04,-2.24,1.35,0.9263,1.06,2387490.0,72629833.29,30.36,31.1,30.97,31.38,31.03,30.13,29.56,29.16,28.89,28.66,30.98,31.26,30.16,29.3,28.64,28.12,27.83,27.99,28.07,,,59.64,29.23,25.96,33.15,12.16,26.59,32.3,9.69,29.23,28.39,4.07,7.15,-2.68,0.84,2.96
2015-10-01,30.42,30.56,30.6,29.99,-2.33,2.01,0.7162,0.76,1853111.0,56637558.05,30.22,31.07,30.89,31.36,31.11,30.18,29.6,29.19,28.92,28.68,30.98,31.26,30.16,29.3,28.64,28.12,27.83,27.99,28.07,,,59.93,29.24,25.96,33.15,12.16,26.59,32.3,9.69,29.24,28.39,4.53,7.66,-2.23,0.85,2.99
2015-10-02,30.36,31.35,31.37,30.16,2.44,3.96,0.968,1.06,2515611.0,78853084.6,30.37,31.07,30.86,31.35,31.2,30.25,29.65,29.23,28.96,28.7,30.95,31.28,30.46,29.53,28.74,28.24,27.95,28.03,28.12,,,71.68,29.26,25.96,33.15,12.16,26.59,32.3,9.69,29.26,28.45,7.13,10.18,0.22,0.81,2.85
2015-10-05,31.6,32.07,32.15,31.35,7.78,2.55,0.6844,0.73,1777626.0,57014687.51,30.83,31.13,30.91,31.37,31.29,30.32,29.71,29.29,29.01,28.72,30.95,31.28,30.46,29.53,28.74,28.24,27.95,28.03,28.12,,,83.35,29.28,25.96,33.15,12.16,26.59,32.09,9.37,29.28,28.45,9.54,12.74,2.55,0.83,2.92
2015-10-06,31.94,32.28,32.46,31.83,8.49,1.98,0.8315,1.0,2159068.0,69686078.77,31.34,31.17,31.0,31.38,31.38,30.39,29.77,29.35,29.05,28.74,30.95,31.28,30.46,29.53,28.74,28.24,27.95,28.03,28.12,,,84.7,29.31,25.96,33.15,12.16,26.59,32.3,9.69,29.31,28.45,10.12,13.45,3.19,0.86,3.02
2015-10-07,32.46,32.12,32.53,31.61,5.58,2.86,0.8099,0.98,2087876.0,67058401.37,31.68,31.19,31.1,31.4,31.44,30.46,29.83,29.39,29.1,28.77,30.95,31.28,30.46,29.53,28.74,28.24,27.95,28.03,28.12,,,84.58,29.33,25.96,33.15,12.16,26.59,32.3,9.69,29.33,28.45,9.51,12.89,2.69,0.88,3.09
2015-10-08,32.07,31.96,32.22,31.28,4.56,2.94,0.8428,1.05,2178142.0,69609062.04,31.95,31.18,31.12,31.39,31.51,30.53,29.88,29.44,29.15,28.79,30.95,31.28,30.46,29.53,28.74,28.24,27.95,28.03,28.12,,,82.1,29.36,25.96,33.15,12.16,26.59,32.3,9.69,29.36,28.45,8.85,12.33,2.18,0.91,3.2
2015-10-09,32.0,32.18,32.3,31.77,2.66,1.67,0.6456,0.77,1644326.0,52915232.84,32.12,31.22,31.13,31.39,31.56,30.6,29.94,29.5,29.19,28.82,31.38,31.37,30.83,29.79,28.9,28.39,28.05,28.09,28.18,,,84.79,29.38,25.96,33.15,12.16,26.59,32.3,9.69,29.38,28.53,9.53,12.8,2.57,0.85,2.98
2015-10-12,32.1,32.33,32.42,31.95,0.81,1.47,0.5339,0.65,1272191.0,41134387.7,32.17,31.26,31.15,31.41,31.54,30.67,30.0,29.55,29.24,28.85,31.38,31.37,30.83,29.79,28.9,28.39,28.05,28.09,28.18,,,86.74,29.4,25.96,33.15,12.16,26.59,32.3,9.69,29.4,28.53,9.98,13.33,3.05,0.87,3.05
2015-10-13,32.16,32.62,32.89,32.16,1.05,2.27,0.7718,0.96,1787042.0,58284374.83,32.24,31.36,31.21,31.43,31.53,30.75,30.07,29.61,29.28,28.88,31.38,31.37,30.83,29.79,28.9,28.39,28.05,28.09,28.18,,,87.29,29.43,25.96,33.15,12.16,26.59,32.3,9.69,29.43,28.53,10.82,14.32,3.95,0.9,3.15
2015-10-14,32.66,32.56,32.97,32.44,1.37,1.62,0.6145,0.78,1402819.0,45672981.0,32.33,31.46,31.3,31.42,31.52,30.84,30.14,29.66,29.32,28.91,31.38,31.37,30.83,29.79,28.9,28.39,28.05,28.09,28.18,,,87.01,29.46,26.17,33.15,11.76,26.59,32.3,9.69,29.46,28.53,10.52,14.12,3.77,0.93,3.26
2015-10-15,32.73,33.09,33.16,32.72,3.53,1.33,0.8091,1.1,1821858.0,60279815.65,32.55,31.58,31.38,31.42,31.52,30.93,30.21,29.73,29.36,28.95,31.38,31.37,30.83,29.79,28.9,28.39,28.05,28.09,28.18,,,93.01,29.5,26.17,33.15,11.76,26.59,32.51,10.02,29.5,28.53,12.16,15.97,5.46,0.97,3.4
2015-10-16,33.21,33.1,33.25,32.86,2.87,1.17,0.7184,1.01,1600985.0,52999007.44,32.74,31.74,31.47,31.42,31.54,31.02,30.28,29.79,29.41,28.99,31.74,31.5,31.29,30.11,29.07,28.59,28.15,28.16,28.26,28.08,,92.52,29.53,26.17,33.15,11.76,26.59,32.51,10.02,29.53,28.61,12.1,15.71,4.3,0.92,3.22
2015-10-19,33.06,33.3,33.34,32.98,3.0,1.09,0.6682,0.93,1465337.0,48803048.78,32.93,31.98,31.58,31.43,31.57,31.12,30.36,29.85,29.45,29.02,31.74,31.5,31.29,30.11,29.07,28.59,28.15,28.16,28.26,28.08,,96.83,29.56,26.17,33.15,11.76,26.59,32.73,10.34,29.56,28.61,12.67,16.41,4.94,0.95,3.32
2015-10-20,33.2,32.51,33.24,32.21,-0.31,3.08,1.1352,1.54,2489552.0,80945293.73,32.91,32.16,31.64,31.42,31.59,31.2,30.42,29.9,29.5,29.05,31.74,31.5,31.29,30.11,29.07,28.59,28.15,28.16,28.26,28.08,,84.45,29.6,26.17,33.15,11.76,26.59,32.73,10.34,29.6,28.61,9.84,13.65,2.44,0.99,3.46
2015-10-21,32.71,32.13,32.79,32.09,-1.31,2.17,0.8154,1.02,1789554.0,57499264.8,32.83,32.28,31.69,31.41,31.6,31.28,30.49,29.95,29.55,29.08,31.74,31.5,31.29,30.11,29.07,28.59,28.15,28.16,28.26,28.08,,79.38,29.63,26.17,33.15,11.76,26.59,32.73,10.34,29.63,28.61,8.44,12.31,1.24,1.02,3.57
2015-10-22,32.34,32.62,32.89,32.2,-1.43,2.15,1.6072,1.95,3581560.0,116814370.18,32.73,32.41,31.74,31.4,31.62,31.37,30.55,30.0,29.59,29.11,31.74,31.5,31.29,30.11,29.07,28.59,28.15,28.16,28.26,28.08,,84.1,29.68,26.17,33.15,11.76,26.59,32.73,10.34,29.68,28.61,9.89,14.0,2.76,1.07,3.74
2015-10-23,36.38,35.19,36.5,35.08,6.29,4.37,2.8623,3.03,6624446.0,233097693.62,33.15,32.67,31.87,31.46,31.68,31.5,30.65,30.08,29.66,29.16,32.48,31.73,31.87,30.54,29.33,28.84,28.32,28.27,28.36,28.19,,96.9,29.87,26.17,33.36,12.08,26.59,32.94,10.66,29.87,28.83,17.8,22.05,8.33,1.04,3.61
2015-10-26,35.08,35.64,35.96,35.06,7.0,2.54,1.1584,0.85,2700374.0,96229177.68,33.62,32.91,32.02,31.57,31.75,31.62,30.75,30.16,29.74,29.21,32.48,31.73,31.87,30.54,29.33,28.84,28.32,28.27,28.36,28.19,,97.95,29.94,26.17,33.57,12.39,26.59,32.94,10.66,29.94,28.83,19.02,23.61,9.7,1.11,3.85
2015-10-27,35.37,35.42,35.68,35.23,8.95,1.27,0.9478,0.65,2224046.0,78786829.55,34.2,33.12,32.14,31.71,31.82,31.72,30.84,30.25,29.82,29.26,32.48,31.73,31.87,30.54,29.33,28.84,28.32,28.27,28.36,28.19,,95.97,30.0,26.17,35.26,14.8,26.59,32.94,10.66,30.0,28.83,18.08,22.88,9.06,1.17,4.06
2015-10-28,35.37,35.65,35.65,35.15,10.95,1.4,0.9193,0.64,2167802.0,77276721.8,34.9,33.35,32.27,31.85,31.89,31.83,30.94,30.33,29.89,29.31,32.48,31.73,31.87,30.54,29.33,28.84,28.32,28.27,28.36,28.19,,97.99,30.06,26.17,35.26,14.8,26.59,32.94,10.66,30.06,28.83,18.59,23.65,9.74,1.23,4.27
2015-10-29,35.52,35.85,35.91,35.5,9.9,1.16,0.6187,0.42,1453029.0,52085277.53,35.55,33.61,32.39,31.95,31.95,31.93,31.04,30.42,29.96,29.37,32.48,31.73,31.87,30.54,29.33,28.84,28.32,28.27,28.36,28.19,,98.86,30.1,26.17,35.47,15.09,26.59,32.94,10.66,30.1,28.83,19.09,24.34,10.35,1.27,4.41
2015-10-30,35.79,35.54,35.9,35.5,1.0,1.11,0.8046,0.62,1894603.0,67332296.02,35.62,33.84,32.53,32.03,32.0,32.02,31.14,30.5,30.04,29.42,33.47,32.23,32.0,30.98,29.62,29.05,28.48,28.37,28.46,28.3,,96.48,30.15,26.17,35.47,15.09,26.59,33.15,10.97,30.15,29.0,17.87,22.55,6.18,1.15,3.97
2015-11-02,35.55,36.06,36.08,35.29,1.18,2.22,0.7918,0.9,1870569.0,67444300.58,35.7,34.08,32.67,32.13,32.08,32.05,31.24,30.59,30.12,29.48,33.47,32.23,32.0,30.98,29.62,29.05,28.48,28.37,28.46,28.3,,99.6,30.2,26.17,35.47,15.09,26.59,33.15,10.97,30.2,29.0,19.39,24.33,7.72,1.2,4.14
2015-11-03,35.94,36.11,36.23,35.74,1.93,1.38,0.6592,0.81,1557650.0,56243626.2,35.84,34.32,32.84,32.25,32.15,32.09,31.35,30.68,30.2,29.54,33.47,32.23,32.0,30.98,29.62,29.05,28.48,28.37,28.46,28.3,,99.11,30.24,26.17,35.47,15.09,26.59,33.15,10.97,30.24,29.0,19.4,24.51,7.88,1.24,4.28
2015-11-04,36.1,36.41,36.66,36.1,2.13,1.55,0.7082,0.91,1633730.0,59479208.11,35.99,34.57,33.01,32.39,32.21,32.13,31.46,30.77,30.28,29.6,33.47,32.23,32.0,30.98,29.62,29.05,28.48,28.37,28.46,28.3,,99.7,30.29,26.17,35.69,15.38,26.59,33.15,10.97,30.29,29.0,20.19,25.54,8.77,1.29,4.45
2015-11-05,36.47,36.56,36.97,36.47,2.0,1.37,0.8127,1.11,1860508.0,68024823.75,36.13,34.81,33.19,32.52,32.27,32.18,31.58,30.87,30.36,29.67,33.47,32.23,32.0,30.98,29.62,29.05,28.48,28.37,28.46,28.3,,99.58,30.35,26.17,35.69,15.38,26.59,33.15,10.97,30.35,29.0,20.47,26.08,9.24,1.35,4.66
2015-11-06,36.58,36.69,36.77,36.35,3.23,1.15,0.6608,0.86,1509656.0,55386259.33,36.36,35.04,33.39,32.66,32.33,32.24,31.69,30.96,30.44,29.73,34.54,32.74,32.36,31.48,29.94,29.3,28.68,28.5,28.57,28.44,,99.31,30.4,26.17,35.69,15.38,26.59,33.15,10.97,30.4,29.15,20.68,25.86,6.22,1.25,4.29
2015-11-09,36.51,36.24,36.74,35.97,0.52,2.08,0.8979,1.23,2066326.0,74892952.71,36.4,35.24,33.61,32.8,32.39,32.31,31.81,31.05,30.52,29.79,34.54,32.74,32.36,31.48,29.94,29.3,28.68,28.5,28.57,28.44,,96.89,30.45,26.17,35.9,15.67,26.59,33.15,10.97,30.45,29.15,19.03,24.34,4.94,1.3,4.46
2015-11-10,36.22,36.42,36.53,35.92,0.85,1.67,0.6953,0.93,1606427.0,58499645.63,36.46,35.5,33.83,32.93,32.44,32.37,31.92,31.15,30.6,29.86,34.54,32.74,32.36,31.48,29.94,29.3,28.68,28.5,28.57,28.44,,97.91,30.5,26.17,35.9,15.67,26.59,33.36,11.29,30.5,29.15,19.4,24.93,5.43,1.35,4.63
2015-11-11,36.62,36.77,37.05,36.51,1.0,1.48,0.5917,0.79,1366375.0,50241608.75,36.54,35.81,34.04,33.06,32.51,32.45,32.04,31.25,30.68,29.92,34.54,32.74,32.36,31.48,29.94,29.3,28.68,28.5,28.57,28.44,,99.8,30.54,26.17,36.11,15.96,26.59,33.36,11.29,30.54,29.15,20.4,26.14,6.46,1.39,4.77
2015-11-12,36.55,36.56,36.89,36.43,-0.0,1.25,0.7252,0.99,1668910.0,61017852.96,36.54,36.07,34.24,33.19,32.57,32.51,32.16,31.34,30.76,29.99,34.54,32.74,32.36,31.48,29.94,29.3,28.68,28.5,28.57,28.44,,98.44,30.59,26.17,36.11,15.96,26.59,33.57,11.6,30.59,29.15,19.52,25.43,5.85,1.44,4.94
2015-11-13,36.46,35.85,36.56,35.84,-2.28,1.97,0.9002,1.26,2063383.0,73972280.55,36.37,36.12,34.39,33.29,32.63,32.57,32.27,31.43,30.84,30.05,35.27,33.32,32.67,31.94,30.26,29.53,28.86,28.61,28.66,28.56,,91.53,30.65,26.17,36.32,16.24,26.59,33.78,11.91,30.65,29.31,16.97,22.31,1.63,1.34,4.57
2015-11-16,35.78,36.44,36.47,35.57,0.54,2.53,0.8394,1.08,1895257.0,69066955.59,36.41,36.17,34.54,33.4,32.72,32.64,32.38,31.52,30.91,30.11,35.27,33.32,32.67,31.94,30.26,29.53,28.86,28.61,28.66,28.56,,96.56,30.7,26.17,36.32,16.24,26.59,35.26,14.02,30.7,29.31,18.7,24.33,3.31,1.39,4.74
2015-11-17,36.46,36.26,36.59,36.15,-0.41,1.21,0.6822,0.87,1492295.0,54118078.18,36.38,36.23,34.67,33.5,32.84,32.7,32.48,31.61,30.99,30.18,35.27,33.32,32.67,31.94,30.26,29.53,28.86,28.61,28.66,28.56,,93.82,30.75,26.17,36.32,16.24,26.59,35.47,14.31,30.75,29.31,17.93,23.73,2.81,1.44,4.91
2015-11-18,36.38,37.0,37.07,36.35,0.63,1.99,0.7751,0.98,1671776.0,61855712.0,36.42,36.32,34.84,33.62,32.97,32.77,32.57,31.71,31.08,30.25,35.27,33.32,32.67,31.94,30.26,29.53,28.86,28.61,28.66,28.56,,100.0,30.8,26.17,36.32,16.24,26.8,35.47,13.92,30.8,29.31,20.13,26.24,4.89,1.49,5.08
2015-11-19,36.94,36.92,37.1,36.87,0.98,0.62,0.6293,0.75,1327159.0,48999373.86,36.5,36.39,35.0,33.73,33.06,32.84,32.67,31.8,31.16,30.32,35.27,33.32,32.67,31.94,30.26,29.53,28.86,28.61,28.66,28.56,,98.7,30.85,26.17,36.53,16.53,26.8,35.47,13.92,30.85,29.31,19.68,25.97,4.67,1.54,5.25
2015-11-20,37.33,37.83,37.9,37.15,5.52,2.02,1.0598,1.31,2212595.0,83702468.85,36.89,36.54,35.19,33.87,33.16,32.91,32.77,31.91,31.25,30.39,36.22,33.98,33.07,32.52,30.58,29.79,29.09,28.76,28.78,28.7,,100.0,30.93,26.17,36.53,16.53,26.8,35.47,13.92,30.93,29.48,22.31,28.32,4.45,1.45,4.92
2015-11-23,37.87,37.8,38.14,37.59,3.72,1.44,0.6805,0.82,1414487.0,53466194.11,37.16,36.66,35.37,34.0,33.26,32.99,32.82,32.01,31.34,30.46,36.22,33.98,33.07,32.52,30.58,29.79,29.09,28.76,28.78,28.7,,98.7,30.98,26.17,36.53,16.53,26.8,35.69,14.21,30.98,29.48,22.01,28.22,4.36,1.5,5.09
2015-11-24,37.6,37.41,37.76,36.88,3.17,2.33,1.1209,1.44,2333138.0,87292025.13,37.39,36.74,35.53,34.14,33.37,33.07,32.86,32.12,31.43,30.53,36.22,33.98,33.07,32.52,30.58,29.79,29.09,28.76,28.78,28.7,,98.06,31.06,26.17,36.74,16.81,26.8,35.69,14.21,31.06,29.48,20.46,26.91,3.3,1.58,5.36
2015-11-25,37.41,37.41,37.6,37.3,1.1,0.79,0.5503,0.63,1122069.0,41973796.12,37.47,36.81,35.69,34.28,33.5,33.13,32.91,32.22,31.53,30.59,36.22,33.98,33.07,32.52,30.58,29.79,29.09,28.76,28.78,28.7,,98.03,31.1,26.17,36.74,16.81,26.8,35.69,14.21,31.1,29.48,20.28,26.89,3.28,1.62,5.5
2015-11-27,37.42,37.51,37.67,37.37,1.6,0.79,0.4164,0.5,838518.0,31455325.73,37.59,36.87,35.84,34.42,33.61,33.19,32.96,32.33,31.62,30.66,36.68,34.58,33.38,33.07,30.94,30.06,29.32,28.9,28.9,28.85,,97.6,31.14,26.17,36.95,17.09,26.8,35.69,14.21,31.14,29.6,20.47,26.73,2.26,1.54,5.2
2015-11-30,37.44,37.13,37.75,37.06,-1.85,1.82,1.0106,1.29,2039909.0,75739781.26,37.45,36.9,35.97,34.56,33.72,33.24,33.02,32.44,31.71,30.72,36.68,34.58,33.38,33.07,30.94,30.06,29.32,28.9,28.9,28.85,,94.93,31.21,26.17,37.17,17.36,26.8,35.9,14.5,31.21,29.6,18.97,25.44,1.21,1.61,5.44
2015-12-01,37.36,38.35,38.45,37.34,1.46,3.0,1.0548,1.37,2130192.0,81697123.58,37.56,37.04,36.14,34.75,33.86,33.32,33.1,32.55,31.8,30.79,36.68,34.58,33.38,33.07,30.94,30.06,29.32,28.9,28.9,28.85,,99.94,31.29,26.17,37.38,17.64,26.8,36.11,14.79,31.29,29.6,22.57,29.57,4.55,1.69,5.71
2015-12-02,38.44,38.12,38.8,37.95,1.88,2.22,1.087,1.3,2195696.0,83697735.82,37.7,37.16,36.33,34.94,33.99,33.39,33.17,32.67,31.9,30.87,36.68,34.58,33.38,33.07,30.94,30.06,29.32,28.9,28.9,28.85,,98.58,31.37,26.17,37.38,17.64,26.8,36.11,14.79,31.37,29.6,21.51,28.78,3.91,1.77,5.98
2015-12-03,38.3,37.65,38.45,37.28,0.64,3.06,1.2722,1.55,2588939.0,97469669.94,37.75,37.22,36.51,35.1,34.1,33.45,33.24,32.78,31.99,30.94,36.68,34.58,33.38,33.07,30.94,30.06,29.32,28.9,28.9,28.85,,95.81,31.47,26.17,37.59,17.91,26.8,36.32,15.08,31.47,29.6,19.63,27.19,2.63,1.87,6.32
2015-12-04,37.66,38.34,38.42,37.5,2.21,2.46,1.3381,1.4,2741659.0,105116576.89,37.92,37.34,36.7,35.27,34.22,33.52,33.32,32.9,32.09,31.01,37.24,35.36,33.9,33.31,31.32,30.32,29.57,29.09,29.04,28.98,,99.49,31.57,26.17,37.8,18.18,26.8,36.32,15.08,31.57,29.87,21.45,28.36,2.94,1.7,5.69
2015-12-07,38.39,38.16,38.44,37.75,2.78,1.78,0.88,0.77,1809738.0,69063221.56,38.12,37.49,36.8,35.43,34.34,33.6,33.39,33.01,32.19,31.09,37.24,35.36,33.9,33.31,31.32,30.32,29.57,29.09,29.04,28.98,,97.35,31.63,26.17,37.8,18.18,26.8,36.53,15.36,31.63,29.87,20.65,27.76,2.46,1.76,5.89
2015-12-08,37.89,38.12,38.24,37.71,-0.61,1.39,0.8876,0.8,1827390.0,69657365.71,38.08,37.6,36.89,35.56,34.45,33.7,33.46,33.12,32.28,31.17,37.24,35.36,33.9,33.31,31.32,30.32,29.57,29.09,29.04,28.98,,97.25,31.7,26.17,38.01,18.45,26.8,36.53,15.36,31.7,29.87,20.25,27.61,2.35,1.83,6.13
2015-12-09,37.96,37.58,38.21,36.85,-1.41,3.57,1.3026,1.21,2695268.0,101289519.07,37.97,37.69,36.96,35.68,34.55,33.81,33.53,33.22,32.37,31.24,37.24,35.36,33.9,33.31,31.32,30.32,29.57,29.09,29.04,28.98,,90.17,31.79,26.17,38.01,18.45,26.8,36.74,15.64,31.79,29.87,18.21,25.81,0.9,1.92,6.43
2015-12-10,37.64,37.47,37.79,37.19,-0.47,1.6,0.9538,0.85,1984871.0,74379070.98,37.93,37.72,37.02,35.8,34.65,33.92,33.6,33.31,32.46,31.32,37.24,35.36,33.9,33.31,31.32,30.32,29.57,29.09,29.04,28.98,,89.75,31.85,26.17,38.01,18.45,26.8,36.95,15.92,31.85,29.87,17.65,25.45,0.61,1.98,6.63
2015-12-11,37.06,36.94,37.29,36.84,-3.64,1.2,1.066,1.0,2217617.0,81926533.64,37.66,37.72,37.06,35.91,34.72,33.99,33.65,33.39,32.54,31.38,37.3,35.92,34.26,33.6,31.66,30.53,29.77,29.28,29.16,29.09,,83.99,31.92,26.17,38.01,18.45,26.8,36.95,15.92,31.92,30.1,15.74,22.74,-0.94,1.82,6.05
2015-12-14,37.09,37.41,37.44,36.21,-1.97,3.32,1.1817,1.15,2415424.0,90361011.84,37.51,37.69,37.12,36.02,34.82,34.07,33.71,33.47,32.63,31.46,37.3,35.92,34.26,33.6,31.66,30.53,29.77,29.28,29.16,29.09,,89.97,32.0,26.17,38.01,18.45,26.8,36.95,15.92,32.0,30.1,16.91,24.29,0.31,1.9,6.31
2015-12-15,37.65,37.18,37.9,37.15,-2.46,2.01,1.2927,1.19,2661127.0,98939371.3,37.32,37.65,37.16,36.13,34.91,34.14,33.77,33.51,32.72,31.53,37.3,35.92,34.26,33.6,31.66,30.53,29.77,29.28,29.16,29.09,,86.32,32.08,26.17,38.01,18.45,26.8,37.17,16.2,32.08,30.1,15.9,23.52,-0.31,1.98,6.58
2015-12-16,37.5,37.9,38.03,36.97,0.86,2.85,0.9664,0.83,1980093.0,75054435.12,37.38,37.69,37.22,36.25,35.03,34.23,33.84,33.55,32.81,31.6,37.3,35.92,34.26,33.6,31.66,30.53,29.77,29.28,29.16,29.09,,94.95,32.15,26.17,38.01,18.45,26.8,37.17,16.2,32.15,30.1,17.9,25.93,1.63,2.05,6.81
2015-12-17,38.12,37.46,38.13,37.45,-0.03,1.8,0.7534,0.69,1544650.0,57864133.65,37.38,37.69,37.25,36.36,35.13,34.33,33.89,33.6,32.91,31.67,37.3,35.92,34.26,33.6,31.66,30.53,29.77,29.28,29.16,29.09,,88.25,32.2,26.38,38.01,18.06,26.8,37.38,16.47,32.2,30.1,16.34,24.46,0.44,2.1,6.98
2015-12-18,37.33,36.98,37.71,36.91,0.09,2.13,1.5129,1.44,3124631.0,115534793.54,37.39,37.65,37.26,36.44,35.23,34.42,33.93,33.63,33.0,31.74,37.52,36.4,34.72,33.88,31.99,30.77,29.99,29.44,29.28,29.21,,81.88,32.29,26.38,38.01,18.06,26.8,37.38,16.47,32.29,30.32,14.51,21.95,-1.45,1.97,6.5
2015-12-21,37.31,37.39,37.5,37.0,-0.06,1.35,0.7348,0.64,1509794.0,56448932.97,37.38,37.67,37.29,36.54,35.34,34.51,33.98,33.68,33.09,31.81,37.52,36.4,34.72,33.88,31.99,30.77,29.99,29.44,29.28,29.21,,88.38,32.34,26.38,38.01,18.06,26.8,37.38,16.47,32.34,30.32,15.61,23.31,-0.35,2.02,6.66
2015-12-22,37.58,37.49,37.74,37.28,0.83,1.25,0.6741,0.63,1365415.0,51188042.93,37.44,37.61,37.33,36.63,35.47,34.61,34.03,33.74,33.19,31.88,37.52,36.4,34.72,33.88,31.99,30.77,29.99,29.44,29.28,29.21,,88.05,32.38,26.38,37.8,17.79,26.8,37.38,16.47,32.38,30.32,15.78,23.64,-0.08,2.06,6.79
2015-12-23,37.67,37.52,37.71,37.2,-1.03,1.36,0.7778,0.82,1565897.0,58745408.9,37.37,37.57,37.37,36.74,35.6,34.7,34.08,33.8,33.28,31.95,37.52,36.4,34.72,33.88,31.99,30.77,29.99,29.44,29.28,29.21,,87.7,32.42,26.38,37.8,17.79,27.02,37.38,16.09,32.42,30.32,15.72,23.73,-0.01,2.1,6.93
2015-12-24,37.48,37.42,37.57,37.33,-0.11,0.63,0.266,0.29,527223.0,19728684.66,37.36,37.56,37.39,36.86,35.72,34.79,34.13,33.86,33.37,32.02,37.52,36.4,34.72,33.88,31.99,30.77,29.99,29.44,29.28,29.21,,87.73,32.44,26.38,37.8,17.79,27.02,37.38,16.09,32.44,30.32,15.35,23.42,-0.27,2.12,6.99
2015-12-28,37.65,38.13,38.15,37.48,3.11,1.8,0.7666,0.94,1515260.0,57770045.13,37.59,37.54,37.44,36.98,35.84,34.89,34.19,33.92,33.48,32.1,37.44,36.83,35.13,34.16,32.35,31.01,30.24,29.6,29.4,29.33,29.06,97.57,32.49,26.38,38.01,18.06,27.02,37.38,16.09,32.49,30.42,17.35,25.33,1.84,2.07,6.8
2015-12-29,38.33,38.83,39.0,38.32,3.86,1.78,0.8982,1.36,1763990.0,68495731.7,37.88,37.59,37.54,37.06,35.97,34.99,34.26,33.99,33.58,32.18,37.44,36.83,35.13,34.16,32.35,31.01,30.24,29.6,29.4,29.33,29.06,99.52,32.55,26.38,38.01,18.06,27.02,37.38,16.09,32.55,30.42,19.29,27.65,3.72,2.13,7.0
2015-12-30,38.83,38.55,38.88,38.34,2.83,1.38,0.6613,0.96,1293374.0,49859567.7,38.09,37.62,37.61,37.13,36.07,35.09,34.35,34.06,33.68,32.25,37.44,36.83,35.13,34.16,32.35,31.01,30.24,29.6,29.4,29.33,29.06,98.59,32.6,26.38,38.01,18.06,27.02,37.38,16.09,32.6,30.42,18.25,26.73,2.97,2.18,7.17
2015-12-31,38.48,37.96,38.48,37.92,1.18,1.45,0.7669,1.12,1491438.0,56612003.6,38.18,37.64,37.67,37.19,36.17,35.17,34.45,34.12,33.77,32.33,37.44,36.83,35.13,34.16,32.35,31.01,30.24,29.6,29.4,29.33,29.06,92.27,32.65,26.38,38.01,18.06,27.02,37.59,16.37,32.65,30.42,16.26,24.78,1.39,2.23,7.33
2016-01-04,37.15,37.09,37.2,36.56,-0.88,1.69,1.6604,2.47,3261617.0,120976636.15,38.11,37.62,37.67,37.22,36.25,35.24,34.53,34.17,33.85,32.4,37.53,37.11,35.56,34.42,32.73,31.27,30.49,29.78,29.53,29.46,29.18,76.94,32.74,26.38,38.01,18.06,27.02,37.38,16.09,32.74,30.55,13.29,21.41,-1.16,2.19,7.17
2016-01-05,37.32,37.13,37.6,36.93,-2.61,1.8,0.9935,1.04,1947741.0,72317675.59,37.91,37.63,37.68,37.25,36.34,35.31,34.6,34.22,33.92,32.47,37.53,37.11,35.56,34.42,32.73,31.27,30.49,29.78,29.53,29.46,29.18,76.17,32.8,26.38,38.01,18.06,27.02,37.38,16.09,32.8,30.55,13.2,21.54,-1.06,2.25,7.36
2016-01-06,36.5,37.18,37.36,36.45,-4.25,2.46,0.988,0.99,1941869.0,72200631.29,37.58,37.61,37.65,37.28,36.42,35.38,34.66,34.27,33.99,32.53,37.53,37.11,35.56,34.42,32.73,31.27,30.49,29.78,29.53,29.46,29.18,80.06,32.85,26.38,38.01,18.06,27.02,37.38,16.09,32.85,30.55,13.18,21.71,-0.92,2.3,7.53
2016-01-07,36.52,36.21,36.92,35.95,-6.06,2.61,1.483,1.49,2956475.0,107061350.94,37.11,37.55,37.6,37.29,36.49,35.44,34.71,34.31,34.01,32.6,37.53,37.11,35.56,34.42,32.73,31.27,30.49,29.78,29.53,29.46,29.18,65.67,32.92,26.38,38.01,18.06,27.02,37.38,16.09,32.92,30.55,10.0,18.54,-3.5,2.37,7.76
2016-01-08,36.57,35.72,36.66,35.65,-5.89,2.79,1.2186,1.05,2442599.0,87259406.68,36.67,37.4,37.54,37.28,36.54,35.5,34.76,34.35,34.03,32.66,37.0,37.12,35.91,34.67,33.03,31.49,30.67,29.92,29.62,29.54,29.28,61.93,32.97,26.38,38.01,18.06,27.02,37.38,16.09,32.97,30.77,8.35,16.1,-3.77,2.2,7.15
2016-01-11,35.83,35.8,35.94,35.18,-3.48,2.14,1.0364,0.83,2089257.0,74798534.49,36.41,37.29,37.49,37.26,36.59,35.56,34.83,34.37,34.06,32.72,37.0,37.12,35.91,34.67,33.03,31.49,30.67,29.92,29.62,29.54,29.28,62.11,33.0,26.38,38.01,18.06,27.02,37.38,16.09,33.0,30.77,8.49,16.35,-3.56,2.23,7.25
2016-01-12,36.08,36.3,36.44,35.87,-2.22,1.6,0.9918,0.88,2002236.0,72688174.63,36.24,37.25,37.45,37.26,36.65,35.63,34.89,34.41,34.08,32.79,37.0,37.12,35.91,34.67,33.03,31.49,30.67,29.92,29.62,29.54,29.28,65.86,33.05,26.38,38.01,18.06,27.23,37.38,15.71,33.05,30.77,9.84,17.98,-2.21,2.28,7.41
2016-01-13,36.54,35.03,36.74,34.93,-5.78,4.98,1.2271,1.09,2495672.0,87428381.5,35.81,37.09,37.38,37.22,36.68,35.69,34.94,34.43,34.11,32.84,37.0,37.12,35.91,34.67,33.03,31.49,30.67,29.92,29.62,29.54,29.28,54.91,33.09,26.38,38.01,18.06,27.23,37.38,15.71,33.09,30.77,5.87,13.85,-5.64,2.32,7.54
2016-01-14,35.27,35.74,36.1,34.46,-1.3,4.68,1.0809,0.92,2211853.0,79051626.22,35.72,36.97,37.29,37.21,36.72,35.77,35.01,34.45,34.15,32.9,37.0,37.12,35.91,34.67,33.03,31.49,30.67,29.92,29.62,29.54,29.28,61.74,33.13,26.59,38.01,17.68,27.23,37.38,15.71,33.13,30.77,7.88,16.15,-3.73,2.36,7.67
2016-01-15,34.61,34.73,35.34,34.27,-2.78,2.99,1.7401,1.6,3592562.0,124767881.98,35.52,36.79,37.18,37.17,36.75,35.84,35.05,34.47,34.17,32.95,36.56,36.93,36.13,34.84,33.29,31.69,30.83,30.06,29.71,29.61,29.38,54.01,33.17,26.59,38.01,17.68,27.44,37.38,15.33,33.17,30.92,4.7,12.32,-5.95,2.25,7.28
2016-01-19,35.16,35.09,35.5,34.67,-1.98,2.39,1.0898,0.91,2258629.0,79263196.81,35.38,36.63,37.1,37.14,36.8,35.9,35.1,34.49,34.2,33.01,36.56,36.93,36.13,34.84,33.29,31.69,30.83,30.06,29.71,29.61,29.38,55.62,33.19,26.59,38.01,17.68,27.44,37.38,15.33,33.19,30.92,5.74,13.5,-4.97,2.27,7.34
2016-01-20,34.43,34.91,35.34,33.66,-3.85,4.79,1.662,1.37,3440582.0,120102116.16,35.1,36.42,36.98,37.1,36.84,35.96,35.14,34.51,34.23,33.07,36.56,36.93,36.13,34.84,33.29,31.69,30.83,30.06,29.71,29.61,29.38,54.68,33.23,26.59,38.01,17.68,27.65,37.38,14.96,33.23,30.92,5.05,12.9,-5.47,2.31,7.47
2016-01-21,35.11,35.33,35.96,34.72,0.85,3.54,1.2053,0.86,2410363.0,85156919.61,35.16,36.19,36.89,37.09,36.84,36.01,35.19,34.54,34.26,33.13,36.56,36.93,36.13,34.84,33.29,31.69,30.83,30.06,29.71,29.61,29.38,58.13,33.26,26.59,38.01,17.68,27.65,37.38,14.96,33.26,30.92,6.22,14.26,-4.33,2.34,7.57
2016-01-22,36.18,36.26,36.41,36.01,1.46,1.13,1.0092,0.72,2006528.0,72761721.6,35.26,36.03,36.82,37.08,36.86,36.07,35.24,34.59,34.3,33.19,36.42,36.97,36.4,35.15,33.62,31.94,31.02,30.21,29.8,29.7,29.49,68.1,33.3,26.59,38.01,17.68,27.65,37.38,14.96,33.3,31.04,8.9,16.83,-1.91,2.26,7.28
2016-01-25,36.18,35.58,36.48,35.5,2.46,2.71,0.8636,0.62,1709625.0,60834441.19,35.44,35.87,36.76,37.07,36.86,36.11,35.29,34.65,34.34,33.25,36.42,36.97,36.4,35.15,33.62,31.94,31.02,30.21,29.8,29.7,29.49,59.6,33.33,26.59,38.01,17.68,27.65,37.38,14.96,33.33,31.04,6.76,14.64,-3.75,2.29,7.38
2016-01-26,35.69,35.65,35.91,35.32,1.59,1.66,0.6742,0.56,1325320.0,47250308.64,35.55,35.78,36.7,37.04,36.86,36.16,35.33,34.71,34.37,33.31,36.42,36.97,36.4,35.15,33.62,31.94,31.02,30.21,29.8,29.7,29.49,59.38,33.35,26.59,38.01,17.68,27.86,37.38,14.59,33.35,31.04,6.9,14.86,-3.56,2.31,7.44
2016-01-27,35.68,35.0,35.91,34.72,0.26,3.34,1.1041,1.0,2183818.0,76432538.09,35.57,35.64,36.63,37.0,36.84,36.2,35.36,34.75,34.4,33.36,36.42,36.97,36.4,35.15,33.62,31.94,31.02,30.21,29.8,29.7,29.49,51.89,33.39,26.59,38.01,17.68,27.86,37.38,14.59,33.39,31.04,4.82,12.76,-5.33,2.35,7.57
2016-01-28,36.11,36.55,36.68,35.62,3.45,3.05,1.3389,1.38,2665300.0,97411384.4,35.81,35.59,36.6,36.97,36.86,36.26,35.42,34.79,34.43,33.43,36.42,36.97,36.4,35.15,33.62,31.94,31.02,30.21,29.8,29.7,29.49,74.76,33.45,26.59,38.01,17.68,28.07,37.38,14.22,33.45,31.04,9.26,17.74,-1.14,2.41,7.76
2016-01-29,36.58,37.15,37.25,36.34,2.44,2.49,1.7177,1.75,3465158.0,128721956.8,35.99,35.66,36.6,36.95,36.88,36.32,35.48,34.84,34.48,33.5,36.36,36.9,36.67,35.44,33.98,32.16,31.21,30.39,29.92,29.8,29.62,79.52,33.52,26.59,38.01,17.68,28.07,37.38,14.22,33.52,31.19,10.82,19.1,0.67,2.33,7.47
2016-02-01,37.52,37.6,37.89,37.16,5.67,1.96,2.4452,2.24,5076141.0,190862901.6,36.39,35.78,36.59,36.96,36.9,36.39,35.55,34.91,34.53,33.57,36.36,36.9,36.67,35.44,33.98,32.16,31.21,30.39,29.92,29.8,29.62,91.17,33.63,26.59,38.01,17.68,28.28,37.38,13.85,33.63,31.19,11.8,20.55,1.89,2.44,7.82
2016-02-02,39.22,38.23,39.49,38.23,7.24,3.35,2.9434,2.15,6341295.0,242443561.09,36.91,35.94,36.62,36.98,36.93,36.46,35.63,34.99,34.57,33.65,36.36,36.9,36.67,35.44,33.98,32.16,31.21,30.39,29.92,29.8,29.62,95.19,33.8,26.59,38.22,17.94,28.5,37.59,13.76,33.8,31.19,13.11,22.58,3.61,2.61,8.37
2016-02-03,38.51,36.35,38.72,36.02,3.85,7.06,2.7707,1.56,6168146.0,224196686.74,37.18,35.95,36.6,36.95,36.93,36.51,35.68,35.04,34.6,33.72,36.36,36.9,36.67,35.44,33.98,32.16,31.21,30.39,29.92,29.8,29.62,65.32,33.9,26.59,38.22,17.94,28.71,37.59,13.4,33.9,31.19,7.22,16.54,-1.5,2.71,8.69
2016-02-04,36.14,35.4,36.35,35.09,-3.14,3.46,2.2556,1.09,5158508.0,182613762.45,36.95,35.97,36.53,36.91,36.91,36.54,35.74,35.09,34.62,33.78,36.36,36.9,36.67,35.44,33.98,32.16,31.21,30.39,29.92,29.8,29.62,48.96,33.95,26.59,38.22,17.94,28.92,37.59,13.04,33.95,31.19,4.27,13.5,-4.07,2.76,8.85
2016-02-05,35.19,34.18,35.2,34.01,-7.99,3.37,2.1818,0.97,5100147.0,174315374.24,36.35,35.87,36.42,36.82,36.87,36.55,35.79,35.13,34.63,33.83,35.61,36.57,36.61,35.58,34.24,32.34,31.36,30.53,30.0,29.85,29.71,40.68,33.97,26.8,38.22,17.56,29.34,37.59,12.32,33.97,31.39,0.61,8.88,-6.63,2.58,8.22
2016-02-08,33.39,34.14,34.2,33.15,-9.21,3.07,1.7817,0.76,4243161.0,144848787.06,35.66,35.83,36.31,36.73,36.84,36.57,35.84,35.16,34.64,33.89,35.61,36.57,36.61,35.58,34.24,32.34,31.36,30.53,30.0,29.85,29.71,41.78,33.97,26.8,38.22,17.56,29.55,37.59,11.97,33.97,31.39,0.49,8.75,-6.75,2.58,8.22
2016-02-09,33.62,33.91,34.99,33.44,-11.32,4.56,1.4908,0.67,3606025.0,122264080.64,34.79,35.75,36.19,36.65,36.79,36.59,35.87,35.19,34.65,33.94,35.61,36.57,36.61,35.58,34.24,32.34,31.36,30.53,30.0,29.85,29.71,40.67,33.97,26.8,38.22,17.56,29.76,37.59,11.62,33.97,31.39,-0.19,8.01,-7.38,2.58,8.22
2016-02-10,34.34,34.21,35.07,34.11,-5.89,2.83,1.0806,0.54,2631204.0,90002964.02,34.37,35.7,36.06,36.55,36.75,36.61,35.91,35.22,34.66,33.99,35.61,36.57,36.61,35.58,34.24,32.34,31.36,30.53,30.0,29.85,29.71,43.11,33.98,26.8,38.22,17.56,29.76,37.59,11.62,33.98,31.39,0.67,8.97,-6.56,2.59,8.25
2016-02-11,33.75,34.16,34.47,33.44,-3.52,3.0,1.233,0.73,3021909.0,103214812.85,34.12,35.62,35.9,36.47,36.72,36.6,35.95,35.25,34.67,34.05,35.61,36.57,36.61,35.58,34.24,32.34,31.36,30.53,30.0,29.85,29.71,41.59,33.99,26.8,38.22,17.56,29.98,37.59,11.27,33.99,31.39,0.49,8.81,-6.7,2.6,8.28
2016-02-12,34.51,34.12,34.69,33.93,-0.17,2.22,0.8713,0.57,2138970.0,72981656.4,34.1,35.48,35.76,36.38,36.68,36.58,35.97,35.28,34.7,34.1,35.29,36.15,36.51,35.75,34.25,32.52,31.48,30.66,30.09,29.93,29.78,41.35,34.0,26.8,38.22,17.56,29.98,37.38,10.99,34.0,31.48,0.35,8.39,-6.55,2.52,8.01
2016-02-16,34.65,34.55,34.9,34.25,1.21,1.9,1.0184,0.8,2517368.0,86975064.4,34.19,35.41,35.64,36.31,36.65,36.57,35.99,35.3,34.74,34.15,35.29,36.15,36.51,35.75,34.25,32.52,31.48,30.66,30.09,29.93,29.78,45.69,34.01,26.8,38.22,17.56,29.98,37.38,10.99,34.01,31.48,1.59,9.75,-5.37,2.53,8.04
2016-02-17,34.95,35.42,35.49,34.57,4.47,2.66,1.0018,0.89,2490136.0,88200617.12,34.49,35.4,35.59,36.26,36.63,36.57,36.03,35.34,34.8,34.2,35.29,36.15,36.51,35.75,34.25,32.52,31.48,30.66,30.09,29.93,29.78,54.23,34.02,26.8,38.22,17.56,29.98,37.38,10.99,34.02,31.48,4.12,12.52,-2.99,2.54,8.07
2016-02-18,35.5,34.87,35.62,34.8,1.93,2.3,0.754,0.73,1881117.0,65589847.0,34.62,35.39,35.51,36.22,36.59,36.55,36.06,35.36,34.83,34.24,35.29,36.15,36.51,35.75,34.25,32.52,31.48,30.66,30.09,29.93,29.78,49.11,34.03,26.8,38.22,17.56,29.98,37.38,10.99,34.03,31.48,2.46,10.76,-4.5,2.55,8.1
2016-02-19,34.75,35.05,35.15,34.7,2.61,1.29,0.6381,0.66,1585362.0,55559803.97,34.8,35.29,35.44,36.17,36.55,36.55,36.09,35.4,34.85,34.28,35.35,35.96,36.4,35.94,34.38,32.73,31.62,30.8,30.23,30.01,29.86,48.95,34.04,26.8,38.22,17.56,30.19,37.38,10.64,34.04,31.54,2.95,11.11,-3.73,2.5,7.93
2016-02-22,35.37,35.32,35.66,35.13,3.53,1.53,0.7818,0.92,1949154.0,68849966.74,35.04,35.17,35.41,36.12,36.51,36.54,36.13,35.43,34.88,34.29,35.35,35.96,36.4,35.94,34.38,32.73,31.62,30.8,30.23,30.01,29.86,54.78,34.06,26.8,38.22,17.56,30.19,37.38,10.64,34.06,31.54,3.71,11.99,-2.97,2.52,7.99
2016-02-23,35.07,34.79,35.42,34.68,0.7,2.1,0.8066,0.96,2006805.0,69821762.96,35.09,34.98,35.38,36.05,36.46,36.52,36.15,35.47,34.92,34.3,35.35,35.96,36.4,35.94,34.38,32.73,31.62,30.8,30.23,30.01,29.86,45.73,34.07,26.8,38.22,17.56,30.19,37.38,10.64,34.07,31.54,2.12,10.31,-4.42,2.53,8.02
2016-02-24,34.45,34.98,35.0,34.04,-1.25,2.76,0.7841,0.99,1961626.0,68613754.23,35.0,34.76,35.35,36.0,36.42,36.5,36.18,35.5,34.96,34.32,35.35,35.96,36.4,35.94,34.38,32.73,31.62,30.8,30.23,30.01,29.86,48.91,34.08,26.8,38.22,17.56,30.4,37.38,10.3,34.08,31.54,2.63,10.9,-3.91,2.54,8.05
2016-02-25,35.0,35.29,35.3,34.53,1.2,2.2,0.6522,0.87,1640540.0,57890555.25,35.09,34.69,35.32,35.96,36.38,36.48,36.2,35.54,35.0,34.33,35.35,35.96,36.4,35.94,34.38,32.73,31.62,30.8,30.23,30.01,29.86,55.76,34.09,26.8,38.22,17.56,30.4,37.38,10.3,34.09,31.54,3.51,11.88,-3.06,2.55,8.08
2016-02-26,35.43,35.25,35.67,35.04,0.59,1.78,0.8901,1.23,2241807.0,79031543.07,35.13,34.68,35.33,35.91,36.35,36.46,36.23,35.59,35.04,34.35,35.15,35.78,36.36,36.09,34.52,32.94,31.77,30.95,30.35,30.09,29.94,51.47,34.11,26.8,38.22,17.56,30.4,37.38,10.3,34.11,31.61,3.35,11.53,-3.05,2.5,7.91
2016-02-29,35.02,34.89,35.54,34.88,-1.23,1.87,0.9817,1.26,2478214.0,86461169.14,35.04,34.73,35.3,35.86,36.3,36.45,36.24,35.64,35.08,34.38,35.15,35.78,36.36,36.09,34.52,32.94,31.77,30.95,30.35,30.09,29.94,47.64,34.12,26.8,38.22,17.56,30.4,37.38,10.3,34.12,31.61,2.25,10.37,-4.05,2.51,7.94
2016-03-01,35.18,35.94,35.94,34.99,3.3,2.73,0.8514,1.04,2148616.0,77222333.35,35.27,34.85,35.34,35.82,36.26,36.44,36.28,35.69,35.12,34.41,35.15,35.78,36.36,36.09,34.52,32.94,31.77,30.95,30.35,30.09,29.94,65.88,34.14,26.8,38.22,17.56,30.4,37.38,10.3,34.14,31.61,5.27,13.7,-1.16,2.53,8.0
2016-03-02,35.95,35.94,36.0,35.6,2.76,1.11,0.6496,0.78,1628861.0,58545336.49,35.46,34.98,35.37,35.79,36.23,36.43,36.33,35.75,35.17,34.44,35.15,35.78,36.36,36.09,34.52,32.94,31.77,30.95,30.35,30.09,29.94,66.1,34.16,26.8,38.22,17.56,30.61,37.38,9.95,34.16,31.61,5.22,13.71,-1.16,2.55,8.07
2016-03-03,35.93,35.62,35.97,35.3,0.95,1.87,0.7845,0.97,1956959.0,69708836.54,35.53,35.08,35.39,35.73,36.19,36.42,36.36,35.8,35.2,34.46,35.15,35.78,36.36,36.09,34.52,32.94,31.77,30.95,30.35,30.09,29.94,59.08,34.17,26.8,38.22,17.56,30.61,37.38,9.95,34.17,31.61,4.25,12.69,-2.04,2.56,8.1
2016-03-04,35.75,35.54,35.82,35.3,0.83,1.47,0.7894,0.94,1971379.0,70071680.87,35.59,35.17,35.4,35.66,36.14,36.41,36.36,35.84,35.24,34.49,34.83,35.6,36.21,36.21,34.64,33.16,31.92,31.13,30.46,30.17,30.03,59.07,34.19,26.8,38.22,17.56,30.61,37.38,9.95,34.19,31.69,3.96,12.16,-1.84,2.5,7.89
2016-03-07,35.34,34.76,35.4,34.34,-0.37,2.98,1.1868,1.47,2986527.0,103805705.47,35.56,35.21,35.35,35.58,36.09,36.39,36.35,35.86,35.27,34.51,34.83,35.6,36.21,36.21,34.64,33.16,31.92,31.13,30.46,30.17,30.03,42.74,34.2,26.8,38.22,17.56,30.61,37.38,9.95,34.2,31.69,1.63,9.68,-4.02,2.51,7.92
2016-03-08,34.43,34.7,35.19,34.27,-3.46,2.65,0.8281,0.97,2075305.0,72009970.54,35.31,35.22,35.32,35.5,36.04,36.37,36.34,35.88,35.29,34.53,34.83,35.6,36.21,36.21,34.64,33.16,31.92,31.13,30.46,30.17,30.03,42.81,34.21,26.8,38.22,17.56,30.82,37.38,9.61,34.21,31.69,1.43,9.49,-4.18,2.52,7.95
2016-03-09,34.92,35.26,35.28,34.7,-1.89,1.68,0.5686,0.67,1419771.0,50063965.0,35.18,35.21,35.31,35.46,36.0,36.35,36.34,35.91,35.32,34.56,34.83,35.6,36.21,36.21,34.64,33.16,31.92,31.13,30.46,30.17,30.03,50.6,34.22,26.8,38.22,17.56,30.82,37.38,9.61,34.22,31.69,3.05,11.27,-2.62,2.53,7.98
2016-03-10,35.41,35.64,35.82,35.17,0.06,1.85,1.1294,1.36,2831332.0,100911503.81,35.18,35.27,35.33,35.43,35.98,36.33,36.34,35.95,35.35,34.58,34.83,35.6,36.21,36.21,34.64,33.16,31.92,31.13,30.46,30.17,30.03,60.01,34.24,26.8,38.01,17.29,30.82,37.38,9.61,34.24,31.69,4.09,12.47,-1.58,2.55,8.05
2016-03-11,36.0,36.34,36.35,35.86,2.24,1.37,0.7876,0.87,1968650.0,71542709.65,35.34,35.35,35.32,35.41,35.96,36.31,36.35,35.99,35.39,34.61,35.26,35.43,36.13,36.27,34.76,33.4,32.1,31.32,30.59,30.27,30.12,73.65,34.26,26.8,38.01,17.29,30.82,37.38,9.61,34.26,31.78,6.07,14.35,0.2,2.48,7.8
2016-03-14,36.34,36.52,36.78,36.26,5.08,1.42,0.6915,0.76,1717707.0,62738389.32,35.69,35.43,35.3,35.42,35.95,36.29,36.35,36.03,35.43,34.64,35.26,35.43,36.13,36.27,34.76,33.4,32.1,31.32,30.59,30.27,30.12,73.21,34.28,26.8,38.01,17.29,31.03,37.38,9.27,34.28,31.78,6.55,14.93,0.7,2.5,7.87
2016-03-15,36.35,36.42,36.61,36.24,4.95,1.03,0.694,0.86,1720835.0,62666787.78,36.04,35.54,35.26,35.43,35.93,36.28,36.36,36.06,35.48,34.67,35.26,35.43,36.13,36.27,34.76,33.4,32.1,31.32,30.59,30.27,30.12,73.03,34.3,26.8,38.01,17.29,31.03,37.38,9.27,34.3,31.78,6.17,14.59,0.4,2.52,7.93
2016-03-16,36.32,36.8,36.87,36.23,4.37,1.78,0.6537,0.84,1621612.0,59682618.85,36.35,35.66,35.21,35.46,35.92,36.27,36.36,36.1,35.52,34.7,35.26,35.43,36.13,36.27,34.76,33.4,32.1,31.32,30.59,30.27,30.12,78.03,34.32,26.8,38.01,17.29,31.03,37.38,9.27,34.32,31.78,7.24,15.81,1.47,2.54,7.99
2016-03-17,36.82,36.89,37.15,36.8,3.5,0.96,0.756,0.94,1859562.0,68597382.62,36.6,35.77,35.23,35.47,35.91,36.26,36.36,36.14,35.57,34.72,35.26,35.43,36.13,36.27,34.76,33.4,32.1,31.32,30.59,30.27,30.12,77.37,34.35,26.8,38.01,17.29,31.03,37.38,9.27,34.35,31.78,7.39,16.08,1.71,2.57,8.09
2016-03-18,37.09,36.88,37.1,36.59,1.48,1.38,1.1996,1.68,2980073.0,109905092.24,36.7,35.88,35.28,35.51,35.91,36.26,36.37,36.18,35.62,34.75,35.81,35.55,36.03,36.34,34.97,33.66,32.31,31.48,30.73,30.36,30.21,76.93,34.39,26.8,38.01,17.29,31.03,37.38,9.27,34.39,31.88,7.24,15.68,1.49,2.51,7.87
2016-03-21,36.83,37.1,37.12,36.68,1.59,1.22,0.7369,0.93,1836463.0,68141041.38,36.82,36.02,35.38,35.54,35.9,36.24,36.38,36.21,35.68,34.78,35.81,35.55,36.03,36.34,34.97,33.66,32.31,31.48,30.73,30.36,30.21,81.39,34.41,26.8,38.01,17.29,31.25,37.38,8.94,34.41,31.88,7.83,16.39,2.11,2.53,7.94
2016-03-22,36.87,37.04,37.25,36.87,1.71,1.02,0.5103,0.63,1269264.0,47010365.4,36.94,36.1,35.47,35.59,35.89,36.23,36.38,36.26,35.74,34.81,35.81,35.55,36.03,36.34,34.97,33.66,32.31,31.48,30.73,30.36,30.21,81.23,34.43,26.8,38.01,17.29,31.25,37.38,8.94,34.43,31.88,7.57,16.18,1.93,2.55,8.0
2016-03-23,37.12,36.9,37.29,36.81,0.27,1.29,0.5719,0.75,1431130.0,52812990.39,36.96,36.16,35.57,35.63,35.88,36.22,36.38,36.3,35.8,34.83,35.81,35.55,36.03,36.34,34.97,33.66,32.31,31.48,30.73,30.36,30.21,75.52,34.45,26.8,38.01,17.29,31.25,37.38,8.94,34.45,31.88,7.12,15.76,1.56,2.57,8.06
2016-03-24,36.6,36.76,36.89,36.55,-0.34,0.91,0.6274,0.84,1570475.0,57738513.38,36.94,36.24,35.66,35.67,35.86,36.2,36.39,36.34,35.85,34.86,35.81,35.55,36.03,36.34,34.97,33.66,32.31,31.48,30.73,30.36,30.21,75.66,34.47,26.8,38.01,17.29,31.25,37.38,8.94,34.47,31.88,6.66,15.32,1.18,2.59,8.12
2016-03-28,36.84,36.68,36.95,36.62,-0.55,0.88,0.5213,0.72,1300817.0,47709414.7,36.9,36.31,35.74,35.7,35.82,36.18,36.4,36.36,35.89,34.89,36.16,35.75,36.02,36.34,35.14,33.91,32.5,31.65,30.87,30.46,30.29,71.7,34.49,26.8,38.01,17.29,31.25,37.38,8.94,34.49,31.95,6.34,14.79,0.92,2.54,7.95
2016-03-29,36.73,37.24,37.36,36.44,0.36,2.52,0.7593,1.28,1902561.0,70848517.8,36.92,36.48,35.85,35.72,35.8,36.16,36.4,36.37,35.94,34.93,36.16,35.75,36.02,36.34,35.14,33.91,32.5,31.65,30.87,30.46,30.29,84.77,34.52,26.8,38.01,17.29,31.25,37.38,8.94,34.52,31.95,7.88,16.55,2.47,2.57,8.04
2016-03-30,37.51,37.53,37.89,37.44,1.32,1.23,0.71,1.19,1782416.0,66887834.02,37.02,36.67,35.95,35.77,35.79,36.16,36.42,36.39,35.98,34.99,36.16,35.75,36.02,36.34,35.14,33.91,32.5,31.65,30.87,30.46,30.29,87.55,34.55,26.8,38.01,17.29,31.25,37.38,8.94,34.55,31.95,8.62,17.45,3.26,2.6,8.14
2016-03-31,37.46,37.25,37.54,37.05,0.93,1.32,0.6917,1.08,1718638.0,64014968.9,37.09,36.8,36.01,35.8,35.8,36.16,36.42,36.41,36.02,35.04,36.16,35.75,36.02,36.34,35.14,33.91,32.5,31.65,30.87,30.46,30.29,83.86,34.57,26.8,38.01,17.29,31.25,37.38,8.94,34.57,31.95,7.75,16.58,2.49,2.62,8.2
2016-04-01,36.93,37.5,37.52,36.85,1.99,1.79,0.636,0.95,1576240.0,59101906.92,37.24,36.92,36.09,35.86,35.8,36.17,36.43,36.42,36.07,35.08,36.61,35.88,36.06,36.42,35.39,34.18,32.73,31.83,31.02,30.56,30.39,87.71,34.59,26.8,38.01,17.29,31.25,37.38,8.94,34.59,32.04,8.4,17.03,2.43,2.55,7.96
2016-04-04,37.5,37.26,37.64,37.12,1.6,1.38,0.4601,0.68,1134242.0,42266961.01,37.35,36.98,36.17,35.87,35.8,36.17,36.42,36.44,36.11,35.12,36.61,35.88,36.06,36.42,35.39,34.18,32.73,31.83,31.02,30.56,30.39,83.29,34.61,26.8,38.01,17.29,31.46,37.38,8.6,34.61,32.04,7.67,16.31,1.8,2.57,8.02
2016-04-05,36.9,36.89,37.14,36.77,-0.94,1.0,0.4645,0.7,1130947.0,41720634.83,37.28,37.01,36.22,35.87,35.82,36.16,36.41,36.45,36.15,35.15,36.61,35.88,36.06,36.42,35.39,34.18,32.73,31.83,31.02,30.56,30.39,72.89,34.63,26.8,38.01,17.29,31.46,37.38,8.6,34.63,32.04,6.53,15.14,0.78,2.59,8.08
2016-04-06,36.79,37.28,37.31,36.78,-0.64,1.45,0.4363,0.72,1052204.0,39230900.04,37.24,37.07,36.3,35.86,35.84,36.15,36.41,36.46,36.19,35.19,36.61,35.88,36.06,36.42,35.39,34.18,32.73,31.83,31.02,30.56,30.39,83.43,34.64,26.8,38.01,17.29,31.46,37.38,8.6,34.64,32.04,7.63,16.37,1.86,2.6,8.11
2016-04-07,37.27,37.01,37.35,36.81,-0.63,1.44,0.6049,1.1,1452369.0,53757986.17,37.19,37.08,36.37,35.83,35.86,36.15,36.41,36.46,36.23,35.24,36.61,35.88,36.06,36.42,35.39,34.18,32.73,31.83,31.02,30.56,30.39,78.71,34.67,26.8,38.01,17.29,31.46,37.38,8.6,34.67,32.04,6.76,15.52,1.12,2.63,8.21
2016-04-08,37.2,36.96,37.27,36.78,-1.43,1.34,0.5399,1.02,1289869.0,47670333.57,37.08,37.09,36.43,35.85,35.87,36.15,36.4,36.47,36.26,35.28,36.89,35.86,36.03,36.38,35.58,34.45,32.9,31.99,31.17,30.66,30.47,78.67,34.68,26.8,38.01,17.29,31.46,37.38,8.6,34.68,32.11,6.57,15.1,0.19,2.57,8.0
2016-04-11,37.15,36.8,37.25,36.8,-1.23,1.21,0.5148,1.01,1218900.0,44861614.5,36.99,37.08,36.48,35.88,35.9,36.14,36.4,36.47,36.29,35.33,36.89,35.86,36.03,36.38,35.58,34.45,32.9,31.99,31.17,30.66,30.47,71.16,34.71,26.8,38.01,17.29,31.46,37.38,8.6,34.71,32.11,6.04,14.62,-0.22,2.6,8.1
2016-04-12,36.9,37.15,37.19,36.55,0.72,1.74,0.5736,1.1,1349780.0,50150401.01,37.04,37.08,36.55,35.95,35.93,36.14,36.38,36.48,36.32,35.37,36.89,35.86,36.03,36.38,35.58,34.45,32.9,31.99,31.17,30.66,30.47,78.49,34.73,27.02,38.01,16.91,31.46,37.38,8.6,34.73,32.11,6.98,15.71,0.72,2.62,8.16
2016-04-13,37.46,37.59,37.72,37.21,0.81,1.36,0.7353,1.34,1707407.0,64174599.5,37.1,37.12,36.61,36.02,35.97,36.14,36.38,36.49,36.36,35.42,36.89,35.86,36.03,36.38,35.58,34.45,32.9,31.99,31.17,30.66,30.47,87.6,34.76,27.02,38.01,16.91,31.46,37.38,8.6,34.76,32.11,8.13,17.05,1.89,2.65,8.25
2016-04-14,37.7,37.66,37.87,37.64,1.75,0.61,0.4925,0.81,1134257.0,42716118.62,37.23,37.17,36.67,36.11,36.02,36.14,36.38,36.5,36.41,35.47,36.89,35.86,36.03,36.38,35.58,34.45,32.9,31.99,31.17,30.66,30.47,91.44,34.78,27.02,38.01,16.91,31.46,37.38,8.6,34.78,32.11,8.28,17.28,2.09,2.67,8.32
2016-04-15,37.7,37.95,38.05,37.63,2.69,1.1,0.794,1.35,1807062.0,68578002.9,37.43,37.25,36.74,36.19,36.07,36.14,36.37,36.51,36.45,35.51,37.21,36.24,36.03,36.4,35.8,34.74,33.12,32.17,31.34,30.78,30.56,93.73,34.81,27.02,38.01,16.91,31.46,37.38,8.6,34.81,32.19,9.02,17.89,1.99,2.62,8.14
2016-04-18,38.02,38.33,38.4,37.86,4.14,1.42,0.6885,1.08,1557242.0,59689864.48,37.74,37.36,36.84,36.28,36.12,36.13,36.37,36.53,36.48,35.56,37.21,36.24,36.03,36.4,35.8,34.74,33.12,32.17,31.34,30.78,30.56,96.92,34.85,27.02,38.01,16.91,31.67,37.38,8.27,34.85,32.19,9.99,19.08,3.01,2.66,8.26
2016-04-19,38.48,37.7,38.49,37.47,1.46,2.68,0.8966,1.34,2028232.0,76457247.59,37.84,37.39,36.93,36.36,36.14,36.12,36.37,36.55,36.5,35.6,37.21,36.24,36.03,36.4,35.8,34.74,33.12,32.17,31.34,30.78,30.56,89.3,34.88,27.02,38.01,16.91,31.67,37.59,8.55,34.88,32.19,8.07,17.11,1.31,2.69,8.36
2016-04-20,37.9,37.63,37.91,37.5,0.13,1.08,0.6759,0.93,1526908.0,57462892.22,37.85,37.4,37.03,36.43,36.18,36.12,36.37,36.56,36.52,35.64,37.21,36.24,36.03,36.4,35.8,34.74,33.12,32.17,31.34,30.78,30.56,89.09,34.92,27.02,38.01,16.91,31.67,37.59,8.55,34.92,32.19,7.77,16.91,1.14,2.73,8.48
2016-04-21,37.77,37.96,38.02,37.48,0.79,1.45,1.319,1.87,3016817.0,114509322.87,37.91,37.45,37.12,36.49,36.21,36.13,36.37,36.57,36.54,35.68,37.21,36.24,36.03,36.4,35.8,34.74,33.12,32.17,31.34,30.78,30.56,92.59,34.97,27.02,38.01,16.91,31.67,37.59,8.55,34.97,32.19,8.54,17.92,2.01,2.78,8.64
2016-04-22,36.32,35.94,36.81,35.68,-5.3,2.97,2.5319,2.99,5949849.0,213828648.29,37.51,37.34,37.13,36.51,36.23,36.11,36.36,36.56,36.54,35.71,37.02,36.42,36.04,36.28,35.97,34.8,33.3,32.31,31.49,30.89,30.65,53.3,35.01,27.02,38.01,16.91,31.88,37.59,8.22,35.01,32.35,2.65,11.09,-2.92,2.66,8.22
2016-04-25,35.8,36.16,36.2,35.78,-5.67,1.16,0.837,0.69,1956976.0,70759359.72,37.08,37.27,37.13,36.53,36.22,36.1,36.35,36.54,36.54,35.74,37.02,36.42,36.04,36.28,35.97,34.8,33.3,32.31,31.49,30.89,30.65,56.68,35.03,27.23,38.01,16.53,31.88,37.59,8.22,35.03,32.35,3.22,11.77,-2.33,2.68,8.28
2016-04-26,36.27,35.41,36.29,35.15,-6.07,3.14,1.1778,0.95,2739626.0,97001937.78,36.62,37.17,37.09,36.54,36.19,36.09,36.33,36.52,36.54,35.76,37.02,36.42,36.04,36.28,35.97,34.8,33.3,32.31,31.49,30.89,30.65,41.2,35.04,27.23,38.01,16.53,31.88,37.59,8.22,35.04,32.35,1.05,9.45,-4.36,2.69,8.32
2016-04-27,35.36,35.29,35.45,34.62,-6.22,2.35,1.3497,1.02,3095067.0,109231104.56,36.15,37.04,37.05,36.55,36.16,36.08,36.3,36.5,36.53,35.79,37.02,36.42,36.04,36.28,35.97,34.8,33.3,32.31,31.49,30.89,30.65,42.0,35.05,27.86,38.01,15.41,32.09,37.59,7.89,35.05,32.35,0.69,9.09,-4.67,2.7,8.35
2016-04-28,35.41,34.55,35.71,34.48,-8.97,3.49,1.2804,0.85,2861824.0,98878881.02,35.47,36.87,36.98,36.54,36.09,36.06,36.27,36.47,36.51,35.81,37.02,36.42,36.04,36.28,35.97,34.8,33.3,32.31,31.49,30.89,30.65,27.52,35.05,28.07,38.01,15.04,32.09,37.59,7.89,35.05,32.35,-1.42,6.8,-6.67,2.7,8.35
2016-04-29,34.53,34.65,34.88,34.45,-3.58,1.25,1.144,0.75,2486827.0,86169798.96,35.21,36.72,36.9,36.52,36.07,36.04,36.24,36.44,36.5,35.84,36.6,36.38,36.04,36.17,36.08,34.88,33.46,32.41,31.6,31.0,30.72,30.79,35.05,28.28,38.01,14.67,32.09,37.59,7.89,35.05,32.44,-1.14,6.81,-5.32,2.61,8.05
2016-05-02,34.88,34.91,35.03,34.55,-3.45,1.39,0.7777,0.63,1645055.0,57429692.58,34.96,36.59,36.84,36.52,36.06,36.04,36.22,36.42,36.48,35.87,36.6,36.38,36.04,36.17,36.08,34.88,33.46,32.41,31.6,31.0,30.72,34.97,35.06,28.71,38.01,13.95,32.3,37.59,7.56,35.06,32.44,-0.43,7.62,-4.61,2.62,8.08
2016-05-03,34.84,34.62,34.89,34.6,-2.23,0.84,0.7502,0.6,1542386.0,53394318.55,34.8,36.42,36.75,36.51,36.06,36.03,36.18,36.39,36.47,35.9,36.6,36.38,36.04,36.17,36.08,34.88,33.46,32.41,31.6,31.0,30.72,26.58,35.06,28.92,38.01,13.59,32.3,37.59,7.56,35.06,32.44,-1.26,6.71,-5.41,2.62,8.08
2016-05-04,34.52,34.78,34.99,34.45,-1.44,1.55,0.8408,0.73,1692757.0,58882552.24,34.7,36.24,36.68,36.48,36.08,36.03,36.15,36.36,36.46,35.93,36.6,36.38,36.04,36.17,36.08,34.88,33.46,32.41,31.6,31.0,30.72,31.1,35.06,28.92,38.01,13.59,32.3,37.59,7.56,35.06,32.44,-0.78,7.23,-4.95,2.62,8.08
2016-05-05,34.88,35.07,35.12,34.79,1.51,0.95,0.8487,0.82,1681507.0,58972972.75,34.81,36.06,36.62,36.47,36.1,36.03,36.13,36.33,36.44,35.96,36.6,36.38,36.04,36.17,36.08,34.88,33.46,32.41,31.6,31.0,30.72,40.36,35.07,29.13,38.01,13.23,32.3,37.59,7.56,35.07,32.44,0.0,8.11,-4.17,2.63,8.11
2016-05-06,34.92,35.56,35.59,34.9,2.61,1.96,0.9294,1.01,1829029.0,65032955.12,34.99,35.9,36.58,36.46,36.12,36.03,36.1,36.3,36.43,36.0,36.21,36.41,35.99,36.1,36.2,34.99,33.63,32.55,31.73,31.11,30.79,49.8,35.08,29.34,38.01,12.87,32.3,37.38,7.28,35.08,32.49,1.36,9.44,-2.34,2.59,7.97
2016-05-09,35.6,35.65,35.94,35.5,2.1,1.22,0.7772,0.9,1509892.0,53820100.34,35.14,35.72,36.54,36.47,36.14,36.04,36.06,36.28,36.43,36.02,36.21,36.41,35.99,36.1,36.2,34.99,33.63,32.55,31.73,31.11,30.79,49.34,35.09,29.34,38.01,12.87,32.51,37.38,6.96,35.09,32.49,1.58,9.71,-2.1,2.6,8.0
2016-05-10,35.84,36.16,36.17,35.79,4.45,1.09,0.8115,0.95,1568728.0,56723635.75,35.44,35.62,36.51,36.5,36.18,36.04,36.04,36.26,36.43,36.05,36.21,36.41,35.99,36.1,36.2,34.99,33.63,32.55,31.73,31.11,30.79,61.14,35.1,29.55,38.01,12.52,32.51,37.38,6.96,35.1,32.49,3.02,11.29,-0.68,2.61,8.03
2016-05-11,36.17,35.76,36.22,35.64,2.82,1.62,0.8809,1.02,1690876.0,60473334.7,35.64,35.5,36.45,36.52,36.2,36.04,36.01,36.25,36.43,36.07,36.21,36.41,35.99,36.1,36.2,34.99,33.63,32.55,31.73,31.11,30.79,53.09,35.12,29.76,38.01,12.17,32.51,37.38,6.96,35.12,32.49,1.84,10.08,-1.77,2.63,8.09
2016-05-12,35.85,35.67,35.96,35.45,1.69,1.43,0.7162,0.82,1361231.0,48548984.23,35.76,35.34,36.4,36.53,36.2,36.04,36.0,36.23,36.41,36.1,36.21,36.41,35.99,36.1,36.2,34.99,33.63,32.55,31.73,31.11,30.79,48.02,35.13,29.76,38.01,12.17,32.51,37.38,6.96,35.13,32.49,1.52,9.77,-2.04,2.64,8.13
2016-05-13,35.6,35.54,35.83,35.46,-0.04,1.04,0.6945,0.82,1313352.0,46678500.11,35.76,35.32,36.33,36.53,36.21,36.05,35.98,36.21,36.4,36.12,35.93,36.41,35.88,36.0,36.28,35.08,33.81,32.67,31.89,31.2,30.87,47.77,35.14,29.76,38.01,12.17,32.73,37.38,6.64,35.14,32.56,1.14,9.16,-2.38,2.58,7.92
2016-05-16,35.46,35.82,35.92,35.28,0.5,1.8,0.6979,0.88,1316719.0,47170799.82,35.79,35.3,36.28,36.52,36.23,36.04,35.96,36.2,36.39,36.15,35.93,36.41,35.88,36.0,36.28,35.08,33.81,32.67,31.89,31.2,30.87,53.74,35.15,29.98,38.01,11.82,32.73,37.38,6.64,35.15,32.56,1.92,10.03,-1.6,2.59,7.95
2016-05-17,35.8,35.31,36.08,35.21,-2.34,2.43,1.0596,1.38,2000008.0,70623282.49,35.62,35.29,36.23,36.49,36.22,36.01,35.95,36.18,36.37,36.17,35.93,36.41,35.88,36.0,36.28,35.08,33.81,32.67,31.89,31.2,30.87,42.43,35.16,29.98,38.01,11.82,32.73,37.38,6.64,35.16,32.56,0.43,8.45,-3.01,2.6,7.99
2016-05-18,35.18,35.33,35.58,35.03,-1.21,1.55,0.9375,1.15,1765773.0,62387408.75,35.53,35.29,36.16,36.47,36.23,35.98,35.95,36.16,36.35,36.18,35.93,36.41,35.88,36.0,36.28,35.08,33.81,32.67,31.89,31.2,30.87,42.63,35.17,29.98,38.01,11.82,32.73,37.38,6.64,35.17,32.56,0.46,8.51,-2.96,2.61,8.02
2016-05-19,35.12,35.02,35.3,34.84,-1.82,1.3,0.8884,1.08,1668893.0,58437957.29,35.4,35.32,36.1,36.43,36.23,35.94,35.94,36.13,36.33,36.2,35.93,36.41,35.88,36.0,36.28,35.08,33.81,32.67,31.89,31.2,30.87,32.18,35.17,29.98,38.01,11.82,32.94,37.38,6.32,35.17,32.56,-0.44,7.54,-3.82,2.61,8.02
2016-05-20,35.08,35.49,35.73,35.03,-0.15,2.01,0.9704,1.13,1825937.0,64797026.32,35.39,35.38,36.05,36.39,36.24,35.93,35.93,36.12,36.31,36.22,35.43,36.32,35.97,35.88,36.29,35.15,33.99,32.81,32.03,31.31,30.94,49.05,35.18,30.19,38.01,11.47,32.94,37.38,6.32,35.18,32.63,0.87,8.76,-2.3,2.55,7.81
2016-05-23,35.33,35.21,35.57,35.21,-1.71,1.03,0.7107,0.77,1326440.0,46706605.28,35.27,35.4,36.0,36.36,36.24,35.93,35.93,36.1,36.3,36.23,35.43,36.32,35.97,35.88,36.29,35.15,33.99,32.81,32.03,31.31,30.94,36.67,35.19,30.19,38.01,11.47,32.94,37.38,6.32,35.19,32.63,0.06,7.91,-3.06,2.56,7.85
2016-05-24,35.34,36.0,36.05,35.34,1.96,2.0,1.0374,1.12,1926833.0,69374658.75,35.41,35.49,35.96,36.33,36.26,35.95,35.94,36.08,36.28,36.25,35.43,36.32,35.97,35.88,36.29,35.15,33.99,32.81,32.03,31.31,30.94,60.48,35.2,30.19,38.01,11.47,32.94,37.38,6.32,35.2,32.63,2.29,10.34,-0.87,2.57,7.88
2016-05-25,36.04,36.26,36.38,35.98,2.64,1.08,0.8824,0.96,1631280.0,59155922.28,35.6,35.59,35.91,36.32,36.26,35.98,35.95,36.07,36.26,36.27,35.43,36.32,35.97,35.88,36.29,35.15,33.99,32.81,32.03,31.31,30.94,64.13,35.22,30.4,38.01,11.13,32.94,37.38,6.32,35.22,32.63,2.96,11.14,-0.16,2.59,7.94
2016-05-26,36.14,36.21,36.42,36.01,3.4,1.11,0.8517,0.94,1573655.0,56975752.93,35.83,35.67,35.86,36.3,36.27,36.01,35.97,36.06,36.25,36.3,35.43,36.32,35.97,35.88,36.29,35.15,33.99,32.81,32.03,31.31,30.94,63.99,35.24,30.4,38.01,11.13,33.15,37.38,6.0,35.24,32.63,2.74,10.96,-0.32,2.61,8.0
2016-05-27,36.2,36.63,36.7,36.2,3.23,1.37,1.0684,1.19,1974427.0,72329184.29,36.06,35.74,35.82,36.3,36.28,36.04,35.99,36.05,36.23,36.33,35.57,36.3,36.14,35.92,36.32,35.3,34.19,32.97,32.17,31.42,31.02,70.92,35.26,30.4,38.01,11.13,33.15,37.38,6.0,35.26,32.71,3.89,11.99,0.85,2.55,7.8
2016-05-31,36.59,36.79,36.99,36.56,4.47,1.16,1.1503,1.26,2128808.0,78310331.09,36.38,35.81,35.77,36.3,36.3,36.08,36.0,36.03,36.22,36.34,35.57,36.3,36.14,35.92,36.32,35.3,34.19,32.97,32.17,31.42,31.02,74.09,35.29,30.4,38.01,11.13,33.15,37.38,6.0,35.29,32.71,4.24,12.46,1.27,2.58,7.89
2016-06-01,36.73,36.71,36.86,36.53,1.95,0.89,0.688,0.68,1253368.0,46008005.86,36.52,35.85,35.74,36.29,36.34,36.11,36.01,36.01,36.21,36.35,35.57,36.3,36.14,35.92,36.32,35.3,34.19,32.97,32.17,31.42,31.02,69.47,35.3,30.4,38.01,11.13,33.15,37.38,6.0,35.3,32.71,3.99,12.22,1.06,2.59,7.92
2016-06-02,36.62,36.52,36.65,36.21,0.71,1.21,0.741,0.78,1340830.0,48967111.6,36.57,35.9,35.7,36.27,36.37,36.14,36.02,36.0,36.2,36.35,35.57,36.3,36.14,35.92,36.32,35.3,34.19,32.97,32.17,31.42,31.02,65.95,35.32,30.61,38.01,10.79,33.15,37.38,6.0,35.32,32.71,3.4,11.65,0.54,2.61,7.98
2016-06-03,36.46,36.12,36.47,36.03,-0.25,1.22,0.6787,0.74,1225924.0,44276697.11,36.55,35.93,35.64,36.24,36.38,36.15,36.02,35.99,36.19,36.36,35.87,36.23,36.21,35.99,36.3,35.41,34.37,33.12,32.3,31.54,31.1,61.4,35.33,30.61,38.01,10.79,33.36,37.38,5.68,35.33,32.77,2.23,10.21,-0.52,2.56,7.81
2016-06-06,36.25,35.83,36.25,35.73,-2.2,1.43,0.8772,0.99,1565965.0,56104611.04,36.39,35.95,35.63,36.2,36.38,36.16,36.03,35.97,36.18,36.36,35.87,36.23,36.21,35.99,36.3,35.41,34.37,33.12,32.3,31.54,31.1,51.22,35.34,30.61,38.01,10.79,33.36,37.38,5.68,35.34,32.77,1.38,9.33,-1.32,2.57,7.84
2016-06-07,35.99,35.83,36.1,35.83,-2.59,0.76,0.7531,0.89,1336464.0,47888846.28,36.2,35.95,35.62,36.17,36.37,36.17,36.02,35.96,36.17,36.36,35.87,36.23,36.21,35.99,36.3,35.41,34.37,33.12,32.3,31.54,31.1,50.76,35.36,30.61,38.01,10.79,33.36,37.38,5.68,35.36,32.77,1.34,9.35,-1.3,2.59,7.9
2016-06-08,36.2,36.41,36.43,36.03,-0.8,1.11,0.8933,1.18,1583328.0,57655305.79,36.14,36.02,35.66,36.16,36.37,36.18,36.01,35.96,36.16,36.36,35.87,36.23,36.21,35.99,36.3,35.41,34.37,33.12,32.3,31.54,31.1,67.02,35.37,30.82,38.01,10.45,33.57,37.38,5.37,35.37,32.77,2.95,11.12,0.3,2.6,7.93
2016-06-09,36.14,36.43,36.48,36.12,-0.25,0.99,0.5611,0.7,987619.0,35977972.55,36.12,36.1,35.69,36.14,36.37,36.21,36.0,35.97,36.15,36.36,35.87,36.23,36.21,35.99,36.3,35.41,34.37,33.12,32.3,31.54,31.1,67.2,35.38,30.82,38.01,10.45,33.57,37.38,5.37,35.38,32.77,2.96,11.17,0.34,2.61,7.96
2016-06-10,35.97,35.97,36.29,35.82,-0.41,1.3,0.6931,0.91,1215345.0,43716567.32,36.09,36.16,35.74,36.12,36.36,36.22,35.98,35.97,36.14,36.36,35.95,36.08,36.26,35.98,36.31,35.56,34.56,33.29,32.44,31.65,31.17,55.77,35.39,30.82,38.01,10.45,33.57,37.38,5.37,35.39,32.83,1.64,9.57,-0.93,2.56,7.8
2016-06-13,35.83,35.92,36.27,35.83,0.25,1.24,0.721,0.94,1257036.0,45150219.05,36.11,36.19,35.78,36.1,36.34,36.23,35.97,35.97,36.13,36.36,35.95,36.08,36.26,35.98,36.31,35.56,34.56,33.29,32.44,31.65,31.17,55.8,35.4,30.82,38.01,10.45,33.78,37.38,5.05,35.4,32.83,1.46,9.41,-1.08,2.57,7.83
2016-06-14,35.82,35.91,36.12,35.66,0.23,1.3,0.7609,1.02,1305308.0,46878178.86,36.13,36.24,35.82,36.08,36.33,36.24,35.98,35.98,36.12,36.35,35.95,36.08,36.26,35.98,36.31,35.56,34.56,33.29,32.44,31.65,31.17,56.08,35.41,31.03,38.01,10.11,33.78,37.38,5.05,35.41,32.83,1.42,9.39,-1.09,2.58,7.86
2016-06-15,35.95,35.95,36.15,35.87,-1.29,0.79,0.7116,0.96,1213386.0,43616373.16,36.04,36.23,35.86,36.05,36.31,36.25,36.0,35.98,36.1,36.35,35.95,36.08,36.26,35.98,36.31,35.56,34.56,33.29,32.44,31.65,31.17,56.13,35.42,31.03,38.01,10.11,33.78,37.38,5.05,35.42,32.83,1.49,9.49,-1.0,2.59,7.89
2016-06-16,35.75,35.52,35.83,35.16,-2.5,1.86,1.1542,1.66,1981657.0,70384493.33,35.85,36.18,35.89,36.0,36.28,36.25,36.01,35.99,36.09,36.34,35.95,36.08,36.26,35.98,36.31,35.56,34.56,33.29,32.44,31.65,31.17,42.68,35.43,31.03,38.01,10.11,33.99,37.17,4.46,35.43,32.83,0.25,8.19,-2.18,2.6,7.92
2016-06-17,35.43,34.59,35.44,34.42,-3.85,2.87,1.9422,2.44,3398409.0,117537373.67,35.58,36.07,35.87,35.93,36.24,36.23,36.02,35.98,36.06,36.33,35.76,35.84,36.19,35.85,36.2,35.65,34.73,33.39,32.54,31.75,31.24,17.99,35.42,31.03,38.01,10.11,33.99,37.17,4.46,35.42,32.9,-2.35,5.12,-4.46,2.52,7.66
2016-06-20,34.94,34.69,35.12,34.67,-3.43,1.31,1.1834,1.14,2080670.0,72169079.28,35.33,35.94,35.84,35.86,36.21,36.21,36.03,35.98,36.03,36.32,35.76,35.84,36.19,35.85,36.2,35.65,34.73,33.39,32.54,31.75,31.24,22.18,35.42,31.03,37.8,9.83,33.99,37.17,4.46,35.42,32.9,-2.07,5.43,-4.19,2.52,7.66
2016-06-21,34.92,34.8,35.14,34.6,-3.11,1.55,0.8318,0.73,1464837.0,50971933.09,35.11,35.81,35.81,35.78,36.18,36.2,36.03,35.97,36.0,36.31,35.76,35.84,36.19,35.85,36.2,35.65,34.73,33.39,32.54,31.75,31.24,22.04,35.42,31.25,37.8,9.49,34.21,37.17,4.15,35.42,32.9,-1.76,5.77,-3.88,2.52,7.66
2016-06-22,34.95,34.87,35.04,34.65,-2.99,1.12,0.6759,0.58,1182181.0,41226198.01,34.89,35.69,35.77,35.72,36.14,36.21,36.04,35.96,35.97,36.3,35.76,35.84,36.19,35.85,36.2,35.65,34.73,33.39,32.54,31.75,31.24,28.54,35.42,31.25,37.8,9.49,34.21,37.17,4.15,35.42,32.9,-1.54,6.0,-3.67,2.52,7.66
2016-06-23,34.87,35.09,35.1,34.35,-1.2,2.14,1.234,1.07,2166219.0,76020206.48,34.81,35.59,35.75,35.66,36.1,36.21,36.05,35.96,35.95,36.29,35.76,35.84,36.19,35.85,36.2,35.65,34.73,33.39,32.54,31.75,31.24,34.51,35.42,31.25,37.8,9.49,34.21,37.17,4.15,35.42,32.9,-0.92,6.67,-3.06,2.52,7.66
2016-06-24,33.76,33.76,34.47,33.67,-2.39,2.27,2.4672,2.16,4442988.0,149999717.87,34.64,35.44,35.68,35.57,36.04,36.19,36.03,35.94,35.92,36.27,35.41,35.42,36.02,35.83,36.08,35.7,34.88,33.51,32.64,31.85,31.29,12.66,35.39,31.25,37.8,9.49,33.99,37.17,4.46,35.39,32.95,-4.6,2.46,-6.42,2.44,7.41
2016-06-27,33.55,33.45,33.62,33.42,-3.57,0.58,0.1678,0.13,298544.0,9985550.44,34.39,35.28,35.61,35.52,35.97,36.16,36.01,35.92,35.89,36.25,35.41,35.42,36.02,35.83,36.08,35.7,34.88,33.51,32.64,31.85,31.29,12.05,35.4,31.25,37.8,9.49,33.99,37.17,4.46,35.4,32.95,-5.52,1.51,-7.29,2.45,7.44
2016-06-28,33.95,34.0,34.02,33.65,-2.28,1.1,1.2076,1.14,2169808.0,73777811.62,34.24,35.16,35.55,35.47,35.92,36.13,36.0,35.9,35.86,36.22,35.41,35.42,36.02,35.83,36.08,35.7,34.88,33.51,32.64,31.85,31.29,17.2,35.39,31.46,37.8,9.16,33.99,37.17,4.46,35.39,32.95,-3.92,3.19,-5.75,2.44,7.41
2016-06-29,34.15,34.21,34.37,34.07,-1.91,0.88,1.0671,0.94,1931494.0,66067718.02,34.1,35.01,35.52,35.44,35.87,36.1,35.99,35.87,35.84,36.2,35.41,35.42,36.02,35.83,36.08,35.7,34.88,33.51,32.64,31.85,31.29,16.95,35.38,31.46,37.8,9.16,33.99,37.17,4.46,35.38,32.95,-3.32,3.81,-5.18,2.43,7.37
2016-06-30,34.27,34.6,34.62,34.18,-1.39,1.27,0.878,0.73,1597298.0,55274497.29,34.0,34.89,35.49,35.43,35.83,36.08,35.99,35.84,35.84,36.18,35.41,35.42,36.02,35.83,36.08,35.7,34.88,33.51,32.64,31.85,31.29,21.82,35.38,31.46,37.8,9.16,33.99,37.17,4.46,35.38,32.95,-2.19,5.02,-4.08,2.43,7.37
2016-07-01,34.61,34.96,35.03,34.61,3.55,1.23,0.7397,0.64,1344398.0,47000826.28,34.24,34.82,35.49,35.43,35.79,36.05,35.99,35.81,35.83,36.16,35.08,35.33,35.89,35.87,35.96,35.81,34.9,33.64,32.74,31.97,31.38,33.39,35.38,31.46,37.8,9.16,33.99,37.17,4.46,35.38,32.98,-1.19,6.01,-2.79,2.4,7.28
2016-07-05,34.8,34.75,34.85,34.44,3.89,1.15,0.8037,1.0,1462889.0,50831735.53,34.5,34.74,35.47,35.44,35.76,36.02,35.98,35.8,35.82,36.14,35.08,35.33,35.89,35.87,35.96,35.81,34.9,33.64,32.74,31.97,31.38,26.55,35.38,31.46,37.8,9.16,33.99,37.17,4.46,35.38,32.98,-1.79,5.36,-3.38,2.4,7.28
2016-07-06,34.5,34.89,35.08,34.45,2.61,1.81,0.7739,0.83,1411180.0,49233953.43,34.68,34.67,35.46,35.44,35.73,36.0,35.98,35.79,35.81,36.13,35.08,35.33,35.89,35.87,35.96,35.81,34.9,33.64,32.74,31.97,31.38,34.32,35.38,31.46,37.8,9.16,33.99,37.17,4.46,35.38,32.98,-1.39,5.79,-2.99,2.4,7.28
2016-07-07,34.9,34.77,34.91,34.41,1.64,1.43,0.7152,0.84,1303676.0,45326207.17,34.79,34.6,35.41,35.44,35.69,35.97,35.98,35.8,35.81,36.1,35.08,35.33,35.89,35.87,35.96,35.81,34.9,33.64,32.74,31.97,31.38,26.66,35.39,31.46,37.8,9.16,33.99,37.17,4.46,35.39,32.98,-1.76,5.42,-3.32,2.41,7.31
2016-07-08,34.98,35.28,35.29,34.82,1.95,1.33,0.8646,1.11,1573916.0,55530117.35,34.93,34.58,35.38,35.45,35.65,35.94,35.97,35.81,35.81,36.08,34.91,35.39,35.79,35.88,35.91,35.91,34.98,33.78,32.84,32.07,31.49,45.75,35.39,31.46,37.8,9.16,33.99,37.17,4.46,35.39,33.01,-0.31,6.88,-1.75,2.38,7.21
2016-07-11,35.4,35.75,35.83,35.36,2.27,1.31,0.6083,0.78,1107039.0,39581625.93,35.09,34.66,35.37,35.47,35.62,35.93,35.97,35.83,35.82,36.07,34.91,35.39,35.79,35.88,35.91,35.91,34.98,33.78,32.84,32.07,31.49,56.58,35.41,31.67,37.8,8.83,33.99,37.17,4.46,35.41,33.01,0.97,8.31,-0.43,2.4,7.27
2016-07-12,35.96,36.03,36.15,35.8,3.7,0.98,0.7373,0.97,1336112.0,48142787.58,35.34,34.75,35.35,35.48,35.58,35.92,35.97,35.84,35.83,36.06,34.91,35.39,35.79,35.88,35.91,35.91,34.98,33.78,32.84,32.07,31.49,63.06,35.42,31.67,37.8,8.83,33.99,37.17,4.46,35.42,33.01,1.73,9.15,0.34,2.41,7.3
2016-07-13,36.18,35.85,36.2,35.84,2.75,0.99,0.518,0.69,933356.0,33459879.24,35.54,34.82,35.32,35.48,35.54,35.91,35.97,35.86,35.83,36.04,34.91,35.39,35.79,35.88,35.91,35.91,34.98,33.78,32.84,32.07,31.49,55.68,35.44,31.67,37.8,8.83,34.21,37.17,4.15,35.44,33.01,1.15,8.6,-0.17,2.43,7.36
2016-07-14,36.08,36.05,36.11,35.9,3.68,0.58,0.5323,0.76,949456.0,34225515.16,35.79,34.9,35.29,35.48,35.51,35.89,35.99,35.88,35.83,36.03,34.91,35.39,35.79,35.88,35.91,35.91,34.98,33.78,32.84,32.07,31.49,62.53,35.45,31.67,37.8,8.83,34.21,37.17,4.15,35.45,33.01,1.69,9.2,0.38,2.44,7.39
2016-07-15,36.29,35.99,36.29,35.95,2.02,0.93,0.7182,1.08,1278081.0,46001330.39,35.94,34.96,35.28,35.48,35.49,35.87,36.0,35.89,35.83,36.02,34.92,35.43,35.69,35.92,35.87,36.01,35.08,33.93,32.96,32.2,31.59,61.93,35.46,31.67,37.8,8.83,34.21,37.17,4.15,35.46,33.05,1.5,8.9,-0.04,2.41,7.29
2016-07-18,36.14,36.69,36.81,36.06,2.61,2.08,0.7389,1.15,1293792.0,47467934.69,36.12,35.15,35.29,35.51,35.47,35.86,36.02,35.9,35.84,36.01,34.92,35.43,35.69,35.92,35.87,36.01,35.08,33.93,32.96,32.2,31.59,76.48,35.47,31.67,37.8,8.83,34.21,37.17,4.15,35.47,33.05,3.44,11.01,1.9,2.42,7.32
2016-07-19,36.49,36.85,36.85,36.45,2.26,1.09,0.7329,1.06,1225477.0,45156376.5,36.29,35.38,35.33,35.54,35.48,35.85,36.03,35.92,35.86,36.01,34.92,35.43,35.69,35.92,35.87,36.01,35.08,33.93,32.96,32.2,31.59,80.51,35.49,31.67,37.8,8.83,34.21,37.17,4.15,35.49,33.05,3.83,11.49,2.34,2.44,7.38
2016-07-20,36.87,37.06,37.11,36.85,3.38,0.68,0.773,1.13,1283942.0,47582248.55,36.53,35.58,35.37,35.56,35.5,35.85,36.04,35.94,35.86,36.01,34.92,35.43,35.69,35.92,35.87,36.01,35.08,33.93,32.96,32.2,31.59,84.96,35.51,31.67,37.8,8.83,34.21,37.17,4.15,35.51,33.05,4.36,12.13,2.93,2.46,7.44
2016-07-21,37.02,36.93,37.08,36.79,2.45,0.79,0.6262,0.85,1022229.0,37752450.31,36.7,35.76,35.39,35.6,35.52,35.85,36.04,35.96,35.86,36.01,34.92,35.43,35.69,35.92,35.87,36.01,35.08,33.93,32.96,32.2,31.59,79.21,35.52,31.88,37.8,8.5,34.21,36.95,3.86,35.52,33.05,3.97,11.74,2.57,2.47,7.47
2016-07-22,37.09,37.14,37.16,36.83,3.18,0.9,0.7856,1.03,1258252.0,46727704.52,36.93,35.93,35.41,35.64,35.55,35.85,36.05,35.98,35.85,36.0,35.43,35.59,35.7,36.0,35.87,36.11,35.19,34.11,33.09,32.35,31.69,85.15,35.54,31.88,37.8,8.5,34.21,36.95,3.86,35.54,33.12,4.49,12.13,2.85,2.42,7.31
2016-07-25,37.03,36.99,37.13,36.88,0.82,0.69,0.6566,0.85,1031651.0,38159223.01,36.99,36.07,35.44,35.68,35.59,35.85,36.05,36.0,35.84,36.0,35.43,35.59,35.7,36.0,35.87,36.11,35.19,34.11,33.09,32.35,31.69,85.24,35.55,31.88,37.8,8.5,34.21,36.95,3.86,35.55,33.12,4.05,11.68,2.44,2.43,7.34
2016-07-26,36.95,36.92,37.08,36.71,0.2,1.0,0.7635,1.02,1183005.0,43677727.6,37.01,36.21,35.48,35.71,35.63,35.85,36.05,36.01,35.85,36.0,35.43,35.59,35.7,36.0,35.87,36.11,35.19,34.11,33.09,32.35,31.69,77.37,35.57,31.88,37.8,8.5,34.21,36.95,3.86,35.57,33.12,3.8,11.48,2.26,2.45,7.4
2016-07-27,36.91,37.09,37.22,36.85,0.08,1.01,0.9759,1.31,1510035.0,56004933.1,37.01,36.36,35.52,35.76,35.67,35.85,36.06,36.03,35.86,36.0,35.43,35.59,35.7,36.0,35.87,36.11,35.19,34.11,33.09,32.35,31.69,84.98,35.59,32.09,37.8,8.17,34.42,37.17,3.84,35.59,33.12,4.21,11.98,2.72,2.47,7.46
2016-07-28,37.35,37.3,37.43,36.97,0.99,1.26,2.2086,2.9,3488995.0,130123813.02,37.09,36.53,35.56,35.79,35.71,35.85,36.06,36.05,35.89,35.99,35.43,35.59,35.7,36.0,35.87,36.11,35.19,34.11,33.09,32.35,31.69,87.57,35.63,32.09,37.8,8.17,34.42,37.17,3.84,35.63,33.12,4.67,12.61,3.29,2.51,7.58
2016-07-29,38.64,38.44,38.93,38.34,3.51,1.58,2.3745,2.26,3835837.0,147447656.36,37.35,36.74,35.66,35.83,35.77,35.87,36.07,36.08,35.92,36.0,36.36,35.89,35.74,36.1,35.88,36.19,35.3,34.3,33.25,32.51,31.82,97.85,35.71,32.3,38.22,8.4,34.42,37.17,3.84,35.71,33.28,7.64,15.5,5.71,2.43,7.3
2016-08-01,38.05,38.64,39.02,38.05,4.48,2.52,1.6534,1.22,2698906.0,104296523.46,37.68,36.93,35.79,35.89,35.83,35.88,36.09,36.1,35.96,36.01,36.36,35.89,35.74,36.1,35.88,36.19,35.3,34.3,33.25,32.51,31.82,96.8,35.76,32.3,38.44,8.67,34.42,37.38,4.12,35.76,33.28,8.06,16.12,6.28,2.48,7.45
2016-08-02,38.43,38.55,38.79,38.39,4.42,1.03,1.0927,0.7,1782822.0,68734027.98,38.0,37.1,35.92,35.93,35.88,35.89,36.11,36.13,36.0,36.01,36.36,35.89,35.74,36.1,35.88,36.19,35.3,34.3,33.25,32.51,31.82,96.0,35.8,32.3,38.44,8.67,34.42,37.38,4.12,35.8,33.28,7.69,15.85,6.03,2.52,7.57
2016-08-03,38.36,38.66,38.66,38.34,4.23,0.83,0.7883,0.48,1283271.0,49609973.59,38.32,37.29,36.05,35.97,35.93,35.89,36.14,36.16,36.04,36.01,36.36,35.89,35.74,36.1,35.88,36.19,35.3,34.3,33.25,32.51,31.82,98.94,35.83,32.51,38.44,8.35,34.42,37.38,4.12,35.83,33.28,7.9,16.16,6.32,2.55,7.66
2016-08-04,38.61,38.58,38.7,38.44,3.45,0.68,0.7034,0.44,1139973.0,43980728.33,38.58,37.46,36.18,36.01,35.97,35.9,36.15,36.2,36.07,36.01,36.36,35.89,35.74,36.1,35.88,36.19,35.3,34.3,33.25,32.51,31.82,94.63,35.85,32.51,38.65,8.62,34.63,37.59,4.1,35.85,33.28,7.62,15.93,6.1,2.57,7.72
2016-08-05,38.69,39.11,39.15,38.62,1.75,1.39,1.1091,0.84,1799478.0,70379384.06,38.71,37.66,36.31,36.07,36.03,35.92,36.17,36.24,36.11,36.02,37.19,36.14,35.95,36.22,35.99,36.28,35.47,34.51,33.42,32.66,31.95,99.93,35.89,32.51,38.65,8.62,34.63,37.59,4.1,35.89,33.42,8.97,17.03,5.16,2.47,7.39
2016-08-08,39.1,39.09,39.13,38.9,1.15,0.58,0.6839,0.64,1106693.0,43258415.98,38.8,37.82,36.49,36.14,36.09,35.94,36.19,36.28,36.14,36.03,37.19,36.14,35.95,36.22,35.99,36.28,35.47,34.51,33.42,32.66,31.95,99.93,35.92,32.51,38.65,8.62,34.63,37.59,4.1,35.92,33.42,8.82,16.96,5.1,2.5,7.48
2016-08-09,39.06,39.21,39.45,39.03,1.71,1.07,0.8147,0.93,1318457.0,51700654.34,38.93,37.98,36.68,36.21,36.15,35.98,36.21,36.31,36.18,36.05,37.19,36.14,35.95,36.22,35.99,36.28,35.47,34.51,33.42,32.66,31.95,99.25,35.96,32.51,38.65,8.62,34.63,37.8,4.38,35.96,33.42,9.05,17.33,5.43,2.54,7.6
2016-08-10,39.19,39.23,39.34,39.14,1.49,0.52,0.4875,0.59,784575.0,30782015.55,39.05,38.13,36.85,36.29,36.2,36.02,36.23,36.34,36.21,36.06,37.19,36.14,35.95,36.22,35.99,36.28,35.47,34.51,33.42,32.66,31.95,98.72,35.98,32.51,38.65,8.62,34.63,37.8,4.38,35.98,33.42,9.04,17.4,5.49,2.56,7.66
2016-08-11,39.25,39.24,39.49,39.15,1.72,0.86,0.6103,0.79,971760.0,38134291.8,39.18,38.28,37.02,36.35,36.27,36.07,36.26,36.36,36.25,36.08,37.19,36.14,35.95,36.22,35.99,36.28,35.47,34.51,33.42,32.66,31.95,98.06,36.0,32.51,38.65,8.62,34.63,37.8,4.38,36.0,33.42,9.01,17.42,5.51,2.58,7.72
2016-08-12,39.08,39.16,39.17,39.02,0.13,0.38,0.4696,0.62,739761.0,28969780.52,39.19,38.41,37.17,36.41,36.33,36.12,36.28,36.39,36.28,36.1,37.97,36.44,36.25,36.34,36.14,36.34,35.62,34.72,33.6,32.82,32.08,98.07,36.02,32.73,38.86,8.57,34.63,37.8,4.38,36.02,33.51,8.72,16.86,3.14,2.51,7.49
2016-08-15,39.19,39.12,39.37,39.01,0.09,0.94,0.6002,0.95,938184.0,36703634.45,39.19,38.56,37.31,36.48,36.4,36.19,36.3,36.41,36.32,36.12,37.97,36.44,36.25,36.34,36.14,36.34,35.62,34.72,33.6,32.82,32.08,97.82,36.04,32.73,38.86,8.57,34.63,38.01,4.66,36.04,33.51,8.55,16.75,3.04,2.53,7.55
2016-08-16,39.02,38.86,39.05,38.67,-0.91,0.96,0.6632,1.08,1027836.0,39938623.45,39.12,38.69,37.45,36.55,36.46,36.24,36.32,36.43,36.35,36.14,37.97,36.44,36.25,36.34,36.14,36.34,35.62,34.72,33.6,32.82,32.08,93.22,36.07,32.73,38.86,8.57,34.63,38.01,4.66,36.07,33.51,7.73,15.96,2.34,2.56,7.64
2016-08-17,38.87,39.0,39.04,38.68,-0.61,0.94,0.5973,1.03,921666.0,35940826.5,39.08,38.81,37.59,36.62,36.52,36.3,36.35,36.45,36.38,36.17,37.97,36.44,36.25,36.34,36.14,36.34,35.62,34.72,33.6,32.82,32.08,95.17,36.09,32.73,38.86,8.57,34.63,38.22,4.93,36.09,33.51,8.05,16.37,2.71,2.58,7.7
2016-08-18,39.0,38.88,39.14,38.85,-0.94,0.75,0.4721,0.78,718882.0,27946537.75,39.0,38.92,37.72,36.68,36.57,36.35,36.36,36.47,36.41,36.19,37.97,36.44,36.25,36.34,36.14,36.34,35.62,34.72,33.6,32.82,32.08,94.95,36.11,32.94,39.07,8.52,34.63,38.22,4.93,36.11,33.51,7.66,16.01,2.39,2.6,7.76
2016-08-19,38.75,38.77,38.85,38.66,-1.0,0.51,0.5704,0.99,861399.0,33397300.63,38.92,38.94,37.84,36.75,36.61,36.41,36.38,36.48,36.44,36.22,38.52,36.72,36.46,36.4,36.23,36.41,35.79,34.92,33.78,32.97,32.21,92.08,36.13,33.36,39.07,7.88,34.63,38.22,4.93,36.13,33.59,7.31,15.42,0.64,2.54,7.56
2016-08-22,38.66,38.61,38.73,38.5,-1.32,0.58,0.6338,1.06,950417.0,36693224.33,38.82,38.94,37.93,36.84,36.65,36.45,36.39,36.5,36.46,36.24,38.52,36.72,36.46,36.4,36.23,36.41,35.79,34.92,33.78,32.97,32.21,87.32,36.16,33.57,39.07,7.57,34.63,38.44,5.21,36.16,33.59,6.77,14.94,0.22,2.57,7.65
2016-08-23,38.77,38.6,38.82,38.59,-0.65,0.6,0.6244,1.03,925456.0,35726303.42,38.77,38.94,38.02,36.93,36.68,36.49,36.4,36.52,36.48,36.26,38.52,36.72,36.46,36.4,36.23,36.41,35.79,34.92,33.78,32.97,32.21,86.69,36.19,33.78,39.07,7.26,34.63,38.44,5.21,36.19,33.59,6.67,14.93,0.21,2.6,7.74
2016-08-24,38.53,38.48,38.72,38.35,-1.32,0.96,0.7317,1.22,1071585.0,41236733.97,38.67,38.93,38.11,37.01,36.71,36.53,36.4,36.53,36.51,36.29,38.52,36.72,36.46,36.4,36.23,36.41,35.79,34.92,33.78,32.97,32.21,86.5,36.21,33.78,38.86,6.99,34.63,38.44,5.21,36.21,33.59,6.27,14.56,-0.11,2.62,7.8
2016-08-25,38.35,38.47,38.59,38.16,-1.04,1.13,0.6352,1.02,926856.0,35656613.75,38.59,38.92,38.19,37.09,36.74,36.56,36.41,36.55,36.54,36.3,38.52,36.72,36.46,36.4,36.23,36.41,35.79,34.92,33.78,32.97,32.21,86.58,36.23,33.78,38.86,6.99,34.63,38.44,5.21,36.23,33.59,6.18,14.53,-0.14,2.64,7.86
2016-08-26,38.45,38.48,38.8,38.29,-0.76,1.33,0.7999,1.23,1164723.0,44815046.87,38.53,38.88,38.27,37.17,36.77,36.6,36.42,36.56,36.57,36.32,38.79,37.11,36.66,36.48,36.27,36.43,35.94,35.13,33.92,33.11,32.35,86.35,36.26,33.78,38.86,6.99,34.63,38.44,5.21,36.26,33.67,6.11,14.28,-0.81,2.59,7.69
2016-08-29,38.44,38.61,38.75,38.33,0.0,1.09,0.5846,0.84,847537.0,32721284.73,38.53,38.85,38.34,37.27,36.82,36.64,36.42,36.57,36.6,36.34,38.79,37.11,36.66,36.48,36.27,36.43,35.94,35.13,33.92,33.11,32.35,85.98,36.28,33.78,38.86,6.99,34.63,38.44,5.21,36.28,33.67,6.42,14.66,-0.48,2.61,7.75
2016-08-30,38.47,38.45,38.72,38.34,-0.39,0.99,0.7833,1.14,1129945.0,43451470.0,38.5,38.8,38.39,37.39,36.86,36.68,36.45,36.58,36.62,36.36,38.79,37.11,36.66,36.48,36.27,36.43,35.94,35.13,33.92,33.11,32.35,85.87,36.31,33.78,38.86,6.99,34.63,38.44,5.21,36.31,33.67,5.91,14.21,-0.87,2.64,7.84
2016-08-31,38.35,38.35,38.45,38.27,-0.34,0.48,0.8659,1.21,1247937.0,47861503.79,38.47,38.74,38.43,37.48,36.9,36.71,36.47,36.59,36.64,36.37,38.79,37.11,36.66,36.48,36.27,36.43,35.94,35.13,33.92,33.11,32.35,79.86,36.33,33.78,38.86,6.99,34.63,38.44,5.21,36.33,33.67,5.57,13.91,-1.13,2.66,7.9
2016-09-01,38.46,38.44,38.55,38.22,-0.08,0.88,0.6469,0.87,925119.0,35560649.24,38.47,38.69,38.48,37.58,36.93,36.75,36.51,36.6,36.65,36.38,38.79,37.11,36.66,36.48,36.27,36.43,35.94,35.13,33.92,33.11,32.35,86.08,36.35,33.78,38.86,6.99,34.63,38.44,5.21,36.35,33.67,5.75,14.16,-0.91,2.68,7.96
2016-09-02,38.65,38.57,38.7,38.42,0.25,0.72,0.748,1.01,1070725.0,41301075.42,38.49,38.65,38.53,37.66,36.97,36.8,36.55,36.62,36.67,36.39,38.82,37.59,36.86,36.51,36.42,36.45,36.08,35.33,34.09,33.26,32.49,85.51,36.38,33.78,38.86,6.99,34.63,38.44,5.21,36.38,33.76,6.03,14.26,-0.63,2.62,7.76
2016-09-06,38.67,39.0,39.1,38.55,1.03,1.43,1.0046,1.38,1441864.0,56238463.46,38.56,38.64,38.6,37.75,37.02,36.85,36.59,36.63,36.69,36.39,38.82,37.59,36.86,36.51,36.42,36.45,36.08,35.33,34.09,33.26,32.49,95.01,36.41,33.78,38.86,6.99,34.84,38.65,5.18,36.41,33.76,7.12,15.53,0.48,2.65,7.85
2016-09-07,39.0,39.02,39.14,38.81,1.46,0.84,0.6254,0.77,893874.0,34876728.8,38.68,38.65,38.67,37.85,37.07,36.9,36.64,36.65,36.71,36.41,38.82,37.59,36.86,36.51,36.42,36.45,36.08,35.33,34.09,33.26,32.49,94.55,36.43,33.78,39.07,7.26,34.84,38.65,5.18,36.43,33.76,7.1,15.57,0.51,2.67,7.91
2016-09-08,38.93,38.77,39.02,38.68,1.08,0.87,0.8883,1.14,1269151.0,49199907.67,38.76,38.63,38.72,37.94,37.12,36.94,36.69,36.67,36.72,36.43,38.82,37.59,36.86,36.51,36.42,36.45,36.08,35.33,34.09,33.26,32.49,90.19,36.46,33.99,39.07,6.95,34.84,38.65,5.18,36.46,33.76,6.32,14.83,-0.14,2.7,8.0
2016-09-09,38.51,37.98,38.66,37.98,-1.19,1.75,1.3058,1.68,1880010.0,71408419.83,38.67,38.57,38.75,38.01,37.15,36.97,36.72,36.68,36.73,36.46,38.59,37.89,36.95,36.61,36.55,36.45,36.23,35.4,34.25,33.38,32.62,73.06,36.49,33.99,39.07,6.95,34.84,38.65,5.18,36.49,33.85,4.09,12.21,-1.58,2.64,7.8
2016-09-12,37.76,38.45,38.51,37.7,-0.32,2.14,0.9173,1.0,1310499.0,50389997.05,38.64,38.55,38.75,38.08,37.2,37.0,36.76,36.69,36.74,36.49,38.59,37.89,36.95,36.61,36.55,36.45,36.23,35.4,34.25,33.38,32.62,83.47,36.51,33.99,39.07,6.95,34.84,38.65,5.18,36.51,33.85,5.32,13.59,-0.37,2.66,7.86
2016-09-13,38.22,37.98,38.31,37.79,-2.61,1.35,0.9993,1.03,1394163.0,52956584.47,38.44,38.51,38.72,38.13,37.26,37.02,36.8,36.69,36.75,36.52,38.59,37.89,36.95,36.61,36.55,36.45,36.23,35.4,34.25,33.38,32.62,71.58,36.53,33.99,39.07,6.95,34.84,38.65,5.18,36.53,33.85,3.98,12.21,-1.58,2.68,7.92
2016-09-14,37.98,38.12,38.38,37.96,-2.29,1.13,0.7933,0.81,1093723.0,41697642.51,38.26,38.48,38.71,38.17,37.32,37.04,36.82,36.69,36.76,36.54,38.59,37.89,36.95,36.61,36.55,36.45,36.23,35.4,34.25,33.38,32.62,74.01,36.55,33.99,39.07,6.95,34.84,38.65,5.18,36.55,33.85,4.31,12.63,-1.21,2.7,7.98
2016-09-15,38.14,38.59,38.69,38.0,-0.46,1.82,0.9774,0.97,1345661.0,51926366.67,38.23,38.49,38.71,38.23,37.38,37.07,36.86,36.7,36.78,36.57,38.59,37.89,36.95,36.61,36.55,36.45,36.23,35.4,34.25,33.38,32.62,83.62,36.58,33.99,39.07,6.95,34.84,38.65,5.18,36.58,33.85,5.49,14.0,-0.01,2.73,8.06
2016-09-16,38.49,38.44,38.49,38.23,1.21,0.66,1.4715,1.46,2047036.0,78696251.98,38.32,38.48,38.7,38.29,37.44,37.09,36.88,36.7,36.79,36.6,38.45,38.21,37.11,36.8,36.66,36.48,36.37,35.52,34.42,33.51,32.76,83.88,36.61,33.99,39.07,6.95,34.84,38.65,5.18,36.61,33.97,5.01,13.17,-0.01,2.64,7.77
2016-09-19,38.62,38.28,38.7,38.22,-0.43,1.24,0.8526,0.81,1171979.0,44869216.01,38.29,38.47,38.68,38.34,37.49,37.11,36.91,36.71,36.8,36.63,38.45,38.21,37.11,36.8,36.66,36.48,36.37,35.52,34.42,33.51,32.76,74.08,36.64,33.99,39.07,6.95,34.84,38.65,5.18,36.64,33.97,4.49,12.7,-0.43,2.67,7.86
2016-09-20,38.45,38.57,38.67,38.43,1.54,0.63,0.7427,0.69,977969.0,37720753.31,38.4,38.47,38.66,38.38,37.57,37.15,36.94,36.71,36.81,36.65,38.45,38.21,37.11,36.8,36.66,36.48,36.37,35.52,34.42,33.51,32.76,83.34,36.66,33.99,38.86,6.68,34.84,38.65,5.18,36.66,33.97,5.21,13.54,0.31,2.69,7.92
2016-09-21,38.63,38.81,38.86,38.42,1.8,1.15,0.8761,0.88,1166290.0,45264881.19,38.54,38.49,38.65,38.42,37.66,37.19,36.98,36.74,36.82,36.67,38.45,38.21,37.11,36.8,36.66,36.48,36.37,35.52,34.42,33.51,32.76,91.05,36.68,33.99,38.86,6.68,34.84,38.65,5.18,36.68,33.97,5.81,14.25,0.94,2.71,7.98
2016-09-22,39.0,39.36,39.49,38.92,2.0,1.47,1.1243,1.11,1483899.0,58407006.59,38.69,38.56,38.65,38.47,37.75,37.23,37.02,36.77,36.83,36.7,38.45,38.21,37.11,36.8,36.66,36.48,36.37,35.52,34.42,33.51,32.76,100.0,36.72,33.99,39.07,6.95,34.84,38.65,5.18,36.72,33.97,7.19,15.87,2.37,2.75,8.1
2016-09-23,39.33,39.34,39.45,39.21,2.34,0.61,1.0764,1.03,1411440.0,55533106.8,38.87,38.62,38.65,38.53,37.84,37.27,37.06,36.81,36.86,36.73,38.56,38.54,37.33,36.99,36.8,36.54,36.51,35.66,34.59,33.66,32.9,100.0,36.76,34.21,39.07,6.64,34.84,38.65,5.18,36.76,34.08,7.03,15.45,2.02,2.68,7.86
2016-09-26,39.14,38.71,39.14,38.65,1.11,1.23,1.1693,1.23,1531956.0,59302782.74,38.96,38.63,38.64,38.56,37.91,37.3,37.1,36.84,36.87,36.75,38.56,38.54,37.33,36.99,36.8,36.54,36.51,35.66,34.59,33.66,32.9,87.64,36.79,34.21,39.07,6.64,34.84,38.65,5.18,36.79,34.08,5.22,13.59,0.38,2.71,7.95
2016-09-27,38.78,39.15,39.3,38.72,1.5,1.51,0.8822,0.88,1152956.0,45138803.88,39.08,38.64,38.64,38.61,37.98,37.34,37.15,36.89,36.88,36.78,38.56,38.54,37.33,36.99,36.8,36.54,36.51,35.66,34.59,33.66,32.9,96.15,36.82,34.21,39.07,6.64,34.84,38.65,5.18,36.82,34.08,6.33,14.88,1.52,2.74,8.04
2016-09-28,38.89,39.08,39.09,38.75,0.69,0.87,0.8519,0.82,1108309.0,43310499.1,39.13,38.64,38.65,38.66,38.05,37.39,37.19,36.93,36.9,36.81,38.56,38.54,37.33,36.99,36.8,36.54,36.51,35.66,34.59,33.66,32.9,96.19,36.85,34.21,39.07,6.64,34.84,38.65,5.18,36.85,34.08,6.05,14.67,1.33,2.77,8.13
2016-09-29,39.07,38.75,39.29,38.71,-1.55,1.48,1.0086,0.98,1310452.0,50780670.23,39.01,38.64,38.64,38.7,38.11,37.42,37.23,36.97,36.92,36.83,38.56,38.54,37.33,36.99,36.8,36.54,36.51,35.66,34.59,33.66,32.9,84.96,36.88,34.21,39.07,6.64,34.84,38.86,5.45,36.88,34.08,5.07,13.7,0.48,2.8,8.22
2016-09-30,38.82,38.86,39.05,38.7,-1.22,0.88,1.2143,1.22,1583394.0,61537816.11,38.91,38.7,38.64,38.73,38.18,37.46,37.26,37.01,36.93,36.86,38.64,38.72,37.62,37.15,36.91,36.58,36.63,35.77,34.77,33.79,33.06,91.1,36.91,34.21,39.07,6.64,34.84,38.86,5.45,36.91,34.2,5.3,13.64,0.38,2.71,7.92
2016-10-03,38.71,38.63,38.8,38.48,-0.21,0.84,0.9829,0.95,1276854.0,49322316.31,38.89,38.71,38.63,38.74,38.24,37.5,37.28,37.04,36.94,36.88,38.64,38.72,37.62,37.15,36.91,36.58,36.63,35.77,34.77,33.79,33.06,75.11,36.93,34.21,39.07,6.64,34.84,38.86,5.45,36.93,34.2,4.6,12.95,-0.23,2.73,7.98
2016-10-04,38.8,38.82,38.94,38.64,-0.84,0.75,0.9215,0.93,1198511.0,46527994.79,38.83,38.77,38.64,38.74,38.29,37.56,37.31,37.08,36.95,36.89,38.64,38.72,37.62,37.15,36.91,36.58,36.63,35.77,34.77,33.79,33.06,83.11,36.95,34.21,39.07,6.64,34.84,38.86,5.45,36.95,34.2,5.06,13.51,0.27,2.75,8.04
2016-10-05,38.97,38.82,39.1,38.78,-0.65,0.83,1.1191,1.13,1457672.0,56591928.89,38.78,38.82,38.65,38.75,38.33,37.62,37.34,37.11,36.96,36.92,38.64,38.72,37.62,37.15,36.91,36.58,36.63,35.77,34.77,33.79,33.06,82.07,36.98,34.21,39.07,6.64,35.05,38.86,5.15,36.98,34.2,4.99,13.52,0.28,2.78,8.13
2016-10-06,38.95,38.84,39.02,38.78,0.24,0.64,0.8201,0.78,1070088.0,41565428.18,38.8,38.83,38.66,38.75,38.38,37.67,37.36,37.14,36.96,36.94,38.64,38.72,37.62,37.15,36.91,36.58,36.63,35.77,34.77,33.79,33.06,81.31,37.0,34.21,39.07,6.64,35.05,38.86,5.15,37.0,34.2,4.98,13.58,0.33,2.8,8.19
2016-10-07,38.98,38.75,38.98,38.54,-0.28,1.15,0.7148,0.71,932569.0,36140779.03,38.77,38.85,38.67,38.75,38.43,37.72,37.38,37.16,36.97,36.96,38.68,38.75,37.95,37.32,36.99,36.6,36.7,35.87,34.94,33.93,33.21,81.03,37.02,34.21,39.07,6.64,35.05,38.86,5.15,37.02,34.31,4.68,12.95,0.01,2.71,7.9
2016-10-10,38.89,39.3,39.47,38.79,1.73,1.74,0.9017,0.99,1174779.0,46165290.36,38.91,38.92,38.7,38.76,38.48,37.78,37.41,37.2,36.99,36.99,38.68,38.75,37.95,37.32,36.99,36.6,36.7,35.87,34.94,33.93,33.21,100.0,37.04,34.21,39.07,6.64,35.05,38.86,5.15,37.04,34.31,6.09,14.54,1.42,2.73,7.96
2016-10-11,39.33,39.15,39.61,39.03,0.86,1.49,1.0516,1.18,1371461.0,53697498.26,38.97,38.96,38.71,38.76,38.52,37.85,37.45,37.23,37.0,37.02,38.68,38.75,37.95,37.32,36.99,36.6,36.7,35.87,34.94,33.93,33.21,95.04,37.07,34.21,39.07,6.64,35.05,38.86,5.15,37.07,34.31,5.62,14.12,1.05,2.76,8.04
2016-10-12,39.19,39.31,39.41,39.1,1.25,0.78,0.7197,0.78,935138.0,36757469.37,39.07,38.99,38.74,38.76,38.57,37.93,37.49,37.27,37.02,37.05,38.68,38.75,37.95,37.32,36.99,36.6,36.7,35.87,34.94,33.93,33.21,99.77,37.09,34.42,39.28,6.6,35.05,38.86,5.15,37.09,34.31,5.98,14.56,1.44,2.78,8.1
2016-10-13,39.06,38.91,39.06,38.65,0.17,1.05,1.0462,1.24,1360684.0,52943534.1,39.08,38.96,38.76,38.75,38.6,37.99,37.52,37.3,37.05,37.06,38.68,38.75,37.95,37.32,36.99,36.6,36.7,35.87,34.94,33.93,33.21,88.85,37.12,34.42,39.28,6.6,35.05,38.86,5.15,37.12,34.31,4.82,13.41,0.42,2.81,8.19
2016-10-14,39.08,38.93,39.2,38.8,0.45,1.02,0.6561,0.74,851512.0,33146381.87,39.12,38.93,38.78,38.75,38.63,38.06,37.55,37.33,37.08,37.08,38.87,38.73,38.22,37.43,37.05,36.68,36.77,36.01,35.12,34.09,33.34,88.56,37.13,34.42,39.28,6.6,35.05,38.86,5.15,37.13,34.41,4.84,13.13,0.15,2.72,7.9
2016-10-17,38.99,39.0,39.29,38.88,-0.76,1.07,0.8429,0.96,1091555.0,42568461.89,39.06,38.95,38.79,38.74,38.66,38.12,37.58,37.37,37.11,37.1,38.87,38.73,38.22,37.43,37.05,36.68,36.77,36.01,35.12,34.09,33.34,87.72,37.16,34.42,39.28,6.6,35.05,38.86,5.15,37.16,34.41,4.95,13.33,0.34,2.75,7.99
2016-10-18,39.39,39.76,40.08,39.28,1.56,2.06,1.5618,1.83,2049049.0,81476335.39,39.18,38.99,38.82,38.76,38.71,38.18,37.62,37.41,37.15,37.12,38.87,38.73,38.22,37.43,37.05,36.68,36.77,36.01,35.12,34.09,33.34,99.51,37.21,34.42,39.28,6.6,35.05,38.86,5.15,37.21,34.41,6.86,15.56,2.31,2.8,8.14
2016-10-19,39.94,40.08,40.23,39.88,1.96,0.88,1.3345,1.4,1763691.0,70685207.9,39.33,39.06,38.85,38.78,38.76,38.25,37.67,37.45,37.2,37.14,38.87,38.73,38.22,37.43,37.05,36.68,36.77,36.01,35.12,34.09,33.34,98.82,37.26,34.42,39.28,6.6,35.05,39.07,5.42,37.26,34.41,7.56,16.47,3.12,2.85,8.28
2016-10-20,40.16,39.85,40.2,39.8,2.41,0.99,1.325,1.23,1756633.0,69999190.1,39.52,39.13,38.89,38.8,38.81,38.32,37.71,37.5,37.24,37.16,38.87,38.73,38.22,37.43,37.05,36.68,36.77,36.01,35.12,34.09,33.34,96.59,37.3,34.42,39.28,6.6,35.05,39.07,5.42,37.3,34.41,6.83,15.8,2.53,2.89,8.4
2016-10-21,39.75,39.97,39.98,39.7,2.68,0.69,0.9795,0.84,1262196.0,50448080.83,39.73,39.21,38.95,38.83,38.85,38.39,37.75,37.54,37.28,37.18,39.17,38.81,38.53,37.63,37.16,36.81,36.83,36.15,35.3,34.25,33.49,98.55,37.33,34.42,39.7,7.13,35.05,39.07,5.42,37.33,34.57,7.07,15.62,2.03,2.76,7.98
2016-10-24,40.24,40.66,40.76,40.24,4.25,1.3,1.3534,1.07,1695783.0,68942905.76,40.06,39.34,39.03,38.87,38.89,38.46,37.81,37.58,37.33,37.2,39.17,38.81,38.53,37.63,37.16,36.81,36.83,36.15,35.3,34.25,33.49,100.0,37.38,34.42,39.92,7.4,35.05,39.07,5.42,37.38,34.57,8.76,17.6,3.79,2.81,8.13
2016-10-25,40.83,40.38,40.83,40.26,1.56,1.42,1.2763,0.92,1575170.0,63610877.7,40.19,39.45,39.11,38.91,38.92,38.52,37.88,37.62,37.37,37.22,39.17,38.81,38.53,37.63,37.16,36.81,36.83,36.15,35.3,34.25,33.49,98.09,37.43,34.42,39.92,7.4,35.26,39.07,5.12,37.43,34.57,7.89,16.82,3.09,2.86,8.27
2016-10-26,40.32,39.95,40.35,39.82,-0.31,1.32,1.3357,1.02,1645469.0,65742245.69,40.16,39.52,39.17,38.94,38.94,38.57,37.93,37.65,37.41,37.24,39.17,38.81,38.53,37.63,37.16,36.81,36.83,36.15,35.3,34.25,33.49,95.09,37.47,34.63,39.92,7.09,35.26,39.07,5.12,37.47,34.57,6.63,15.57,2.0,2.9,8.39
2016-10-27,40.05,39.77,40.17,39.58,-0.2,1.5,2.1775,1.72,2735251.0,108774094.14,40.15,39.58,39.21,38.97,38.96,38.62,37.99,37.68,37.45,37.26,39.17,38.81,38.53,37.63,37.16,36.81,36.83,36.15,35.3,34.25,33.49,90.33,37.52,34.63,39.92,7.09,35.26,39.28,5.39,37.52,34.57,5.99,15.03,1.52,2.95,8.53
2016-10-28,40.42,39.77,40.77,39.68,-0.5,2.75,3.2595,2.39,4264060.0,169575270.11,40.11,39.65,39.25,39.0,38.98,38.67,38.04,37.71,37.48,37.28,39.26,38.91,38.78,37.82,37.24,36.9,36.91,36.31,35.49,34.42,33.63,87.48,37.62,34.63,40.13,7.36,35.26,39.49,5.66,37.62,34.75,5.71,14.44,1.3,2.87,8.26
2016-10-31,39.77,39.23,39.84,39.2,-3.51,1.62,1.8402,1.02,2426623.0,95189140.42,39.82,39.65,39.28,39.01,38.98,38.72,38.09,37.73,37.5,37.29,39.26,38.91,38.78,37.82,37.24,36.9,36.91,36.31,35.49,34.42,33.63,78.41,37.66,34.63,40.13,7.36,35.26,39.49,5.66,37.66,34.75,4.16,12.88,-0.07,2.91,8.37
2016-11-01,39.14,39.18,39.47,38.78,-2.98,1.78,1.7949,0.95,2405683.0,94255862.78,39.58,39.65,39.3,39.03,38.98,38.75,38.15,37.76,37.53,37.31,39.26,38.91,38.78,37.82,37.24,36.9,36.91,36.31,35.49,34.42,33.63,78.0,37.69,34.63,40.13,7.36,35.26,39.49,5.66,37.69,34.75,3.95,12.75,-0.19,2.94,8.46
2016-11-02,38.91,38.44,39.08,38.17,-3.8,2.32,1.4122,0.71,1906623.0,73281055.01,39.28,39.59,39.29,39.03,38.97,38.77,38.21,37.79,37.56,37.31,39.26,38.91,38.78,37.82,37.24,36.9,36.91,36.31,35.49,34.42,33.63,47.46,37.7,34.63,40.13,7.36,35.26,39.49,5.66,37.7,34.75,1.95,10.6,-2.09,2.95,8.49
2016-11-03,38.36,38.11,38.5,37.95,-4.18,1.42,1.4125,0.7,1934070.0,73700638.46,38.94,39.54,39.25,39.02,38.95,38.78,38.25,37.81,37.58,37.32,39.26,38.91,38.78,37.82,37.24,36.9,36.91,36.31,35.49,34.42,33.63,45.17,37.71,34.63,40.13,7.36,35.26,39.49,5.66,37.71,34.75,1.05,9.66,-2.93,2.96,8.52
2016-11-04,37.53,38.1,38.52,37.53,-4.19,2.6,1.5355,0.82,2132130.0,81236285.13,38.61,39.48,39.21,39.01,38.93,38.8,38.29,37.83,37.6,37.33,39.1,38.87,38.85,37.99,37.28,36.92,36.92,36.43,35.66,34.54,33.75,45.39,37.71,34.63,40.13,7.36,35.26,39.28,5.39,37.71,34.88,1.04,9.23,-2.56,2.83,8.11
2016-11-07,38.72,39.13,39.26,38.63,-0.26,1.66,1.1226,0.73,1574431.0,61601187.31,38.59,39.49,39.22,39.02,38.93,38.83,38.34,37.85,37.63,37.34,39.1,38.87,38.85,37.99,37.28,36.92,36.92,36.43,35.66,34.54,33.75,79.24,37.73,34.63,40.13,7.36,35.26,39.28,5.39,37.73,34.88,3.7,12.17,0.06,2.85,8.17
2016-11-08,39.17,39.53,39.78,39.01,0.88,1.97,0.9683,0.69,1364945.0,53950133.6,38.66,39.48,39.23,39.04,38.94,38.86,38.4,37.88,37.67,37.35,39.1,38.87,38.85,37.99,37.28,36.92,36.92,36.43,35.66,34.54,33.75,86.32,37.75,34.63,40.13,7.36,35.47,39.49,5.36,37.75,34.88,4.7,13.32,1.08,2.87,8.23
2016-11-09,39.0,39.27,39.56,38.58,2.16,2.47,1.8149,1.46,2606014.0,102326442.72,38.82,39.42,39.24,39.04,38.94,38.89,38.45,37.92,37.7,37.37,39.1,38.87,38.85,37.99,37.28,36.92,36.92,36.43,35.66,34.54,33.75,77.88,37.78,34.63,40.13,7.36,35.47,39.49,5.36,37.78,34.88,3.93,12.57,0.41,2.9,8.31
2016-11-10,39.56,38.13,39.56,37.61,0.06,4.96,3.1572,2.46,4734068.0,180500544.7,38.83,39.31,39.22,39.03,38.93,38.91,38.48,37.94,37.72,37.38,39.1,38.87,38.85,37.99,37.28,36.92,36.92,36.43,35.66,34.54,33.75,42.69,37.8,34.63,40.13,7.36,35.47,39.28,5.09,37.8,34.88,0.87,9.31,-2.5,2.92,8.37
2016-11-11,37.83,37.7,38.04,37.52,-1.05,1.36,1.5884,0.98,2427044.0,91501985.84,38.75,39.15,39.18,39.02,38.91,38.91,38.51,37.95,37.74,37.38,38.89,38.79,38.8,38.19,37.27,37.01,36.92,36.53,35.82,34.68,33.87,37.41,37.8,34.63,40.13,7.36,35.47,39.28,5.09,37.8,35.0,-0.26,7.72,-3.07,2.8,8.0
2016-11-14,37.78,36.8,37.89,36.38,-5.93,4.02,2.3153,1.43,3645102.0,134154334.01,38.28,38.9,39.12,38.98,38.88,38.89,38.53,37.97,37.74,37.38,38.89,38.79,38.8,38.19,37.27,37.01,36.92,36.53,35.82,34.68,33.87,28.49,37.78,34.63,40.13,7.36,35.47,39.28,5.09,37.78,35.0,-2.58,5.15,-5.37,2.78,7.94
2016-11-15,37.35,37.92,38.22,37.35,-4.05,2.37,1.4862,0.8,2375119.0,90075200.52,37.96,38.73,39.09,38.98,38.87,38.88,38.56,38.0,37.76,37.38,38.89,38.79,38.8,38.19,37.27,37.01,36.92,36.53,35.82,34.68,33.87,41.97,37.79,34.63,40.13,7.36,35.47,39.28,5.09,37.79,35.0,0.36,8.36,-2.49,2.79,7.97
2016-11-16,37.76,38.22,38.32,37.53,-2.65,2.09,0.9136,0.47,1468306.0,56124528.54,37.76,38.62,39.07,38.99,38.86,38.88,38.58,38.03,37.77,37.38,38.89,38.79,38.8,38.19,37.27,37.01,36.92,36.53,35.82,34.68,33.87,49.96,37.79,34.63,40.13,7.36,35.47,39.28,5.09,37.79,35.0,1.15,9.21,-1.72,2.79,7.97
2016-11-17,38.35,38.56,38.64,38.21,1.14,1.11,0.8079,0.44,1301558.0,50190028.82,37.84,38.54,39.06,38.99,38.86,38.87,38.61,38.07,37.79,37.38,38.89,38.79,38.8,38.19,37.27,37.01,36.92,36.53,35.82,34.68,33.87,57.4,37.79,34.63,40.13,7.36,35.69,39.28,4.8,37.79,35.0,2.04,10.18,-0.85,2.79,7.97
2016-11-18,38.57,38.03,38.75,38.0,0.86,1.94,0.9534,0.69,1545681.0,58777611.39,37.91,38.42,39.04,38.98,38.85,38.87,38.63,38.1,37.8,37.38,38.71,38.79,38.72,38.34,37.34,37.11,36.91,36.65,35.88,34.82,33.98,45.25,37.8,34.63,40.13,7.36,35.69,39.28,4.8,37.8,35.08,0.6,8.4,-1.97,2.72,7.75
2016-11-21,38.13,38.46,38.48,38.03,4.5,1.2,0.8156,0.64,1324469.0,50939077.74,38.24,38.37,39.01,38.98,38.85,38.86,38.66,38.13,37.81,37.39,38.71,38.79,38.72,38.34,37.34,37.11,36.91,36.65,35.88,34.82,33.98,58.07,37.8,34.63,40.13,7.36,35.69,39.28,4.8,37.8,35.08,1.75,9.64,-0.85,2.72,7.75
2016-11-22,38.63,38.41,38.85,38.35,1.29,1.29,0.9733,0.99,1592647.0,61179145.53,38.34,38.32,38.98,38.98,38.85,38.85,38.68,38.17,37.83,37.39,38.71,38.79,38.72,38.34,37.34,37.11,36.91,36.65,35.88,34.82,33.98,48.92,37.81,34.63,40.13,7.36,35.69,39.28,4.8,37.81,35.08,1.6,9.5,-0.97,2.73,7.78
2016-11-23,38.39,38.05,38.41,37.76,-0.46,1.7,0.9001,1.02,1478093.0,56240699.6,38.3,38.29,38.94,38.96,38.84,38.83,38.69,38.22,37.85,37.41,38.71,38.79,38.72,38.34,37.34,37.11,36.91,36.65,35.88,34.82,33.98,44.48,37.81,34.63,40.13,7.36,35.69,39.28,4.8,37.81,35.08,0.63,8.46,-1.91,2.73,7.78
2016-11-25,38.21,38.08,38.25,38.03,-1.24,0.59,0.3601,0.41,587421.0,22371341.36,38.21,38.29,38.92,38.93,38.84,38.82,38.7,38.26,37.87,37.42,38.34,38.75,38.65,38.48,37.45,37.18,36.94,36.77,35.98,34.96,34.09,44.26,37.82,34.63,40.13,7.36,35.69,39.28,4.8,37.82,35.12,0.7,8.44,-1.73,2.7,7.69
2016-11-28,38.0,38.41,38.98,37.99,1.01,2.59,1.3194,1.67,2179706.0,83726866.87,38.28,38.31,38.9,38.91,38.84,38.81,38.72,38.3,37.89,37.44,38.34,38.75,38.65,38.48,37.45,37.18,36.94,36.77,35.98,34.96,34.09,49.17,37.83,34.63,40.13,7.36,35.69,39.28,4.8,37.83,35.12,1.54,9.37,-0.88,2.71,7.72
2016-11-29,38.58,38.54,38.92,38.41,0.21,1.34,0.9731,1.13,1616427.0,62300329.43,38.3,38.27,38.88,38.91,38.84,38.8,38.73,38.33,37.9,37.46,38.34,38.75,38.65,38.48,37.45,37.18,36.94,36.77,35.98,34.96,34.09,58.26,37.83,34.63,40.13,7.36,35.69,39.28,4.8,37.83,35.12,1.88,9.74,-0.55,2.71,7.72
2016-11-30,38.5,37.9,38.65,37.74,-1.33,2.36,1.4263,1.6,2391868.0,90656580.94,38.2,38.17,38.82,38.88,38.82,38.78,38.75,38.36,37.92,37.48,38.34,38.75,38.65,38.48,37.45,37.18,36.94,36.77,35.98,34.96,34.09,38.16,37.84,34.63,39.92,7.09,35.69,39.28,4.8,37.84,35.12,0.16,7.92,-2.2,2.72,7.74
2016-12-01,37.87,37.4,37.99,36.85,-1.72,3.01,1.7619,1.83,3017028.0,112824779.09,38.07,38.04,38.73,38.84,38.79,38.76,38.75,38.39,37.93,37.5,38.34,38.75,38.65,38.48,37.45,37.18,36.94,36.77,35.98,34.96,34.09,33.33,37.83,34.63,39.92,7.09,35.69,39.28,4.8,37.83,35.12,-1.15,6.48,-3.5,2.71,7.72
2016-12-02,37.23,37.52,37.7,37.16,-1.47,1.46,0.8465,0.74,1452185.0,54493242.12,37.96,38.0,38.65,38.81,38.77,38.74,38.76,38.41,37.95,37.52,37.89,38.57,38.57,38.56,37.52,37.24,36.95,36.86,36.07,35.09,34.2,33.51,37.83,34.63,39.92,7.09,35.69,39.28,4.8,37.83,35.21,-0.81,6.57,-2.71,2.62,7.44
2016-12-05,37.89,38.13,38.2,37.65,-0.74,1.47,0.8164,0.65,1393894.0,53143602.64,37.9,38.03,38.59,38.8,38.77,38.73,38.76,38.44,37.96,37.54,37.89,38.57,38.57,38.56,37.52,37.24,36.95,36.86,36.07,35.09,34.2,45.43,37.83,34.63,39.92,7.09,35.69,39.28,4.8,37.83,35.21,0.78,8.28,-1.16,2.62,7.44
2016-12-06,38.24,37.96,38.44,37.87,-1.52,1.51,0.9864,0.86,1690365.0,64158648.76,37.78,38.11,38.5,38.78,38.77,38.72,38.76,38.47,37.98,37.56,37.89,38.57,38.57,38.56,37.52,37.24,36.95,36.86,36.07,35.09,34.2,39.39,37.83,34.63,39.92,7.09,35.9,39.28,4.5,37.83,35.21,0.33,7.8,-1.6,2.62,7.44
2016-12-07,38.05,38.56,38.57,37.79,1.73,2.05,1.0222,0.88,1757910.0,67784130.64,37.91,38.15,38.44,38.78,38.77,38.72,38.76,38.5,38.02,37.59,37.89,38.57,38.57,38.56,37.52,37.24,36.95,36.86,36.07,35.09,34.2,61.06,37.84,34.63,39.92,7.09,35.9,39.28,4.5,37.84,35.21,1.9,9.51,-0.03,2.63,7.47
2016-12-08,38.62,38.82,38.91,38.36,3.81,1.42,0.8617,0.8,1487525.0,57747208.02,38.2,38.19,38.4,38.78,38.79,38.73,38.76,38.52,38.05,37.61,37.89,38.57,38.57,38.56,37.52,37.24,36.95,36.86,36.07,35.09,34.2,68.15,37.84,34.63,39.92,7.09,35.9,39.28,4.5,37.84,35.21,2.59,10.26,0.65,2.63,7.47
2016-12-09,39.0,39.46,39.47,38.95,5.17,1.34,1.0503,1.17,1821351.0,71878706.54,38.59,38.25,38.39,38.79,38.8,38.74,38.77,38.56,38.09,37.64,38.16,38.63,38.64,38.67,37.65,37.34,36.99,36.96,36.18,35.25,34.33,88.25,37.86,34.63,39.92,7.09,35.9,39.28,4.5,37.86,35.29,4.24,11.83,2.04,2.57,7.28
2016-12-12,39.25,39.46,39.56,39.22,3.51,0.87,1.2122,1.29,2103414.0,83008078.39,38.85,38.34,38.38,38.81,38.82,38.75,38.78,38.59,38.13,37.66,38.16,38.63,38.64,38.67,37.65,37.34,36.99,36.96,36.18,35.25,34.33,87.42,37.88,34.84,39.92,6.79,35.9,39.28,4.5,37.88,35.29,4.18,11.83,2.04,2.59,7.34
2016-12-13,39.7,39.8,40.22,39.67,4.87,1.4,1.2123,1.2,2122736.0,84495506.48,39.22,38.43,38.4,38.82,38.84,38.77,38.79,38.63,38.17,37.68,38.16,38.63,38.64,38.67,37.65,37.34,36.99,36.96,36.18,35.25,34.33,90.68,37.91,34.84,39.92,6.79,35.9,39.28,4.5,37.91,35.29,5.0,12.79,2.92,2.62,7.42
2016-12-14,39.87,39.85,40.2,39.7,3.36,1.25,0.9648,0.92,1700925.0,67787814.49,39.48,38.53,38.43,38.83,38.86,38.79,38.8,38.66,38.22,37.71,38.16,38.63,38.64,38.67,37.65,37.34,36.99,36.96,36.18,35.25,34.33,89.74,37.93,34.84,39.92,6.79,35.9,39.28,4.5,37.93,35.29,5.07,12.93,3.05,2.64,7.48
2016-12-15,39.87,39.89,40.15,39.65,2.76,1.26,0.9171,0.88,1623812.0,64777920.21,39.7,38.65,38.47,38.85,38.88,38.8,38.8,38.69,38.27,37.74,38.16,38.63,38.64,38.67,37.65,37.34,36.99,36.96,36.18,35.25,34.33,89.02,37.95,34.84,39.92,6.79,35.9,39.49,4.77,37.95,35.29,5.12,13.04,3.15,2.66,7.54
2016-12-16,40.02,39.54,40.04,39.51,0.19,1.32,1.3633,1.3,2435644.0,96305363.76,39.71,38.75,38.52,38.86,38.89,38.82,38.81,38.71,38.32,37.77,38.53,38.71,38.7,38.73,37.78,37.42,37.02,37.03,36.28,35.41,34.47,85.47,37.98,34.84,39.92,6.79,35.9,39.49,4.77,37.98,35.41,4.11,11.66,2.09,2.57,7.26
2016-12-19,39.51,39.71,39.88,39.31,0.62,1.44,0.6907,0.62,1231966.0,48921369.86,39.76,38.84,38.58,38.88,38.89,38.84,38.81,38.74,38.36,37.8,38.53,38.71,38.7,38.73,37.78,37.42,37.02,37.03,36.28,35.41,34.47,88.85,37.99,34.84,39.92,6.79,35.9,39.49,4.77,37.99,35.41,4.53,12.14,2.53,2.58,7.29
2016-12-20,39.84,39.82,39.93,39.66,0.04,0.68,0.5358,0.52,950346.0,37843728.07,39.76,38.92,38.6,38.9,38.91,38.85,38.82,38.76,38.41,37.82,38.53,38.71,38.7,38.73,37.78,37.42,37.02,37.03,36.28,35.41,34.47,88.69,38.0,34.84,39.92,6.79,35.9,39.7,5.03,38.0,35.41,4.79,12.46,2.82,2.59,7.31
2016-12-21,39.79,39.73,39.83,39.35,-0.31,1.2,0.6811,0.76,1208770.0,48022014.56,39.74,39.04,38.61,38.9,38.92,38.86,38.83,38.79,38.45,37.86,38.53,38.71,38.7,38.73,37.78,37.42,37.02,37.03,36.28,35.41,34.47,88.77,38.02,34.84,39.92,6.79,35.9,39.7,5.03,38.02,35.41,4.49,12.19,2.58,2.61,7.37
2016-12-22,39.62,39.56,39.67,39.43,-0.83,0.6,0.5485,0.65,972147.0,38461051.76,39.67,39.19,38.62,38.88,38.93,38.87,38.83,38.81,38.49,37.88,38.53,38.71,38.7,38.73,37.78,37.42,37.02,37.03,36.28,35.41,34.47,84.21,38.02,34.84,39.92,6.79,35.9,39.7,5.03,38.02,35.41,4.06,11.73,2.15,2.61,7.37
2016-12-23,39.54,39.5,39.64,39.36,-0.11,0.69,0.3542,0.46,623682.0,24632632.43,39.66,39.32,38.66,38.88,38.94,38.88,38.84,38.84,38.53,37.91,38.82,38.77,38.8,38.75,37.88,37.48,37.1,37.1,36.4,35.57,34.61,84.26,38.03,34.84,39.92,6.79,35.9,39.7,5.03,38.03,35.46,3.85,11.38,1.74,2.57,7.25
2016-12-27,39.53,39.58,39.89,39.38,-0.33,1.29,0.4515,0.79,789151.0,31232623.7,39.64,39.42,38.72,38.87,38.95,38.9,38.85,38.86,38.57,37.94,38.82,38.77,38.8,38.75,37.88,37.48,37.1,37.1,36.4,35.57,34.61,84.08,38.04,34.84,39.92,6.79,35.9,39.7,5.03,38.04,35.46,4.04,11.61,1.95,2.58,7.28
2016-12-28,39.68,39.25,39.71,39.16,-1.43,1.39,0.6543,1.26,1142156.0,44832478.39,39.52,39.5,38.8,38.84,38.96,38.91,38.85,38.87,38.6,37.96,38.82,38.77,38.8,38.75,37.88,37.48,37.1,37.1,36.4,35.57,34.61,73.62,38.05,34.84,39.92,6.79,35.9,39.7,5.03,38.05,35.46,3.16,10.7,1.11,2.59,7.3
2016-12-29,39.17,39.14,39.3,38.95,-1.48,0.89,0.428,0.79,743808.0,29112273.22,39.41,39.54,38.85,38.81,38.97,38.93,38.86,38.87,38.63,37.98,38.82,38.77,38.8,38.75,37.88,37.48,37.1,37.1,36.4,35.57,34.61,73.64,38.05,34.84,39.92,6.79,35.9,39.7,5.03,38.05,35.46,2.86,10.38,0.82,2.59,7.3
2016-12-30,39.14,38.59,39.14,38.52,-2.46,1.58,1.0153,2.07,1769811.0,68298776.3,39.21,39.53,38.86,38.78,38.96,38.93,38.86,38.87,38.65,37.99,38.92,38.63,38.81,38.72,37.96,37.53,37.17,37.13,36.51,35.72,34.74,52.65,38.06,34.84,39.92,6.79,35.9,39.7,5.03,38.06,35.51,1.4,8.68,-0.85,2.55,7.18
2017-01-03,38.94,39.31,39.48,38.79,-0.48,1.79,0.9454,1.63,1657341.0,65145102.69,39.17,39.52,38.88,38.77,38.97,38.94,38.87,38.88,38.68,38.01,38.92,38.63,38.81,38.72,37.96,37.53,37.17,37.13,36.51,35.72,34.74,80.56,38.07,34.84,39.92,6.79,36.11,39.7,4.74,38.07,35.51,3.25,10.69,0.99,2.56,7.21
2017-01-04,39.42,39.34,39.57,39.16,-0.59,1.04,0.6103,0.88,1071198.0,42146285.31,39.13,39.51,38.93,38.76,38.98,38.96,38.88,38.88,38.71,38.02,38.92,38.63,38.81,38.72,37.96,37.53,37.17,37.13,36.51,35.72,34.74,80.44,38.08,34.84,39.92,6.79,36.11,39.7,4.74,38.08,35.51,3.32,10.8,1.08,2.57,7.24
2017-01-05,39.3,39.7,39.72,39.25,1.14,1.2,0.7589,1.04,1334135.0,52966493.64,39.22,39.5,38.97,38.77,38.99,38.97,38.89,38.89,38.74,38.04,38.92,38.63,38.81,38.72,37.96,37.53,37.17,37.13,36.51,35.72,34.74,84.23,38.1,34.84,39.92,6.79,36.11,39.7,4.74,38.1,35.51,4.2,11.8,2.0,2.59,7.29
2017-01-06,39.76,40.31,40.4,39.61,2.98,1.98,0.9301,1.25,1639255.0,66074270.91,39.45,39.53,39.03,38.79,39.01,39.0,38.91,38.9,38.77,38.07,39.48,38.68,38.87,38.8,38.1,37.6,37.25,37.21,36.65,35.89,34.89,97.48,38.12,34.84,40.13,7.05,36.11,39.7,4.74,38.12,35.57,5.74,13.32,2.1,2.55,7.17
2017-01-09,40.32,40.33,40.5,40.14,4.51,0.88,0.7208,0.85,1274338.0,51397237.39,39.8,39.56,39.11,38.84,39.02,39.02,38.93,38.91,38.8,38.1,39.48,38.68,38.87,38.8,38.1,37.6,37.25,37.21,36.65,35.89,34.89,96.71,38.14,34.84,40.13,7.05,36.11,39.7,4.74,38.14,35.57,5.75,13.39,2.16,2.57,7.23
2017-01-10,40.39,40.24,40.46,40.18,2.37,0.7,0.6667,0.84,1176648.0,47347727.2,39.99,39.61,39.18,38.88,39.05,39.03,38.95,38.92,38.82,38.13,39.48,38.68,38.87,38.8,38.1,37.6,37.25,37.21,36.65,35.89,34.89,96.0,38.16,34.84,40.13,7.05,36.11,39.7,4.74,38.16,35.57,5.45,13.13,1.92,2.59,7.28
2017-01-11,40.25,40.4,40.41,40.07,2.67,0.84,0.6024,0.82,1065374.0,43036315.42,40.2,39.65,39.25,38.93,39.07,39.04,38.97,38.93,38.85,38.16,39.48,38.68,38.87,38.8,38.1,37.6,37.25,37.21,36.65,35.89,34.89,98.77,38.18,34.84,40.13,7.05,36.11,39.7,4.74,38.18,35.57,5.8,13.57,2.32,2.61,7.34
2017-01-12,40.36,40.32,40.37,39.96,1.55,1.02,0.7631,1.04,1352887.0,54545698.07,40.32,39.69,39.3,38.96,39.09,39.07,38.99,38.94,38.88,38.18,39.48,38.68,38.87,38.8,38.1,37.6,37.25,37.21,36.65,35.89,34.89,95.04,38.2,34.84,40.13,7.05,36.11,39.7,4.74,38.2,35.57,5.54,13.35,2.12,2.63,7.39
2017-01-13,40.37,40.39,40.56,40.33,0.21,0.56,0.6251,0.84,1098374.0,44367719.36,40.34,39.73,39.39,38.98,39.1,39.08,39.01,38.96,38.91,38.21,39.67,38.91,38.98,38.89,38.3,37.68,37.32,37.25,36.78,36.07,35.03,98.44,38.22,34.84,40.34,7.31,36.11,39.7,4.74,38.22,35.65,5.69,13.31,1.84,2.57,7.21
2017-01-17,40.35,40.23,40.36,40.02,-0.25,0.84,0.7781,1.14,1361935.0,54791326.02,40.32,39.78,39.48,39.0,39.11,39.1,39.02,38.97,38.93,38.24,39.67,38.91,38.98,38.89,38.3,37.68,37.32,37.25,36.78,36.07,35.03,94.23,38.24,34.84,40.34,7.31,36.11,39.92,5.01,38.24,35.65,5.21,12.85,1.42,2.59,7.27
2017-01-18,40.29,40.3,40.31,40.05,0.16,0.65,0.7425,1.07,1293895.0,52148497.13,40.33,39.83,39.57,39.05,39.11,39.12,39.04,38.98,38.96,38.27,39.67,38.91,38.98,38.89,38.3,37.68,37.32,37.25,36.78,36.07,35.03,94.27,38.26,34.84,40.34,7.31,36.32,39.92,4.72,38.26,35.65,5.34,13.05,1.61,2.61,7.32
2017-01-19,40.26,40.11,40.47,40.09,-0.71,0.95,0.5283,0.74,917586.0,36802998.08,40.27,39.86,39.64,39.1,39.12,39.13,39.06,38.99,38.98,38.3,39.67,38.91,38.98,38.89,38.3,37.68,37.32,37.25,36.78,36.07,35.03,89.27,38.27,34.84,40.34,7.31,36.32,39.92,4.72,38.27,35.65,4.8,12.51,1.12,2.62,7.35
2017-01-20,40.35,40.25,40.35,40.08,-0.17,0.65,0.961,1.38,1668765.0,67169460.02,40.26,39.93,39.72,39.18,39.11,39.16,39.08,39.01,39.0,38.33,39.81,39.17,39.08,38.98,38.51,37.74,37.44,37.3,36.91,36.24,35.18,93.95,38.29,34.84,40.34,7.31,36.32,39.92,4.72,38.29,35.71,5.12,12.72,1.11,2.58,7.22
2017-01-23,40.36,40.97,41.04,40.19,1.41,2.13,1.126,1.55,1962526.0,80395858.85,40.37,40.05,39.8,39.25,39.12,39.19,39.12,39.03,39.02,38.37,39.81,39.17,39.08,38.98,38.51,37.74,37.44,37.3,36.91,36.24,35.18,99.51,38.33,34.84,40.34,7.31,36.32,39.92,4.72,38.33,35.71,6.88,14.72,2.91,2.62,7.34
2017-01-24,41.12,41.19,41.3,40.89,2.39,0.99,0.8461,1.02,1472269.0,60647913.05,40.56,40.23,39.88,39.31,39.14,39.22,39.15,39.05,39.04,38.42,39.81,39.17,39.08,38.98,38.51,37.74,37.44,37.3,36.91,36.24,35.18,100.0,38.36,34.84,40.34,7.31,36.32,39.92,4.72,38.36,35.71,7.39,15.36,3.48,2.65,7.42
2017-01-25,41.48,41.78,41.79,41.25,3.67,1.3,0.944,1.11,1625205.0,67906753.12,40.86,40.39,39.95,39.39,39.17,39.26,39.19,39.09,39.07,38.46,39.81,39.17,39.08,38.98,38.51,37.74,37.44,37.3,36.91,36.24,35.18,100.0,38.39,34.84,40.34,7.31,36.53,39.92,4.43,38.39,35.71,8.84,17.01,4.96,2.68,7.5
2017-01-26,41.89,41.61,41.9,41.35,3.74,1.32,1.7391,1.93,2956071.0,122994724.13,41.16,40.54,40.03,39.47,39.2,39.29,39.22,39.12,39.09,38.51,39.81,39.17,39.08,38.98,38.51,37.74,37.44,37.3,36.91,36.24,35.18,99.63,38.46,34.84,40.55,7.57,36.53,40.13,4.69,38.46,35.71,8.18,16.51,4.52,2.75,7.7
2017-01-27,41.74,41.17,42.1,41.02,2.27,2.58,1.7353,1.53,2965099.0,122059782.88,41.34,40.64,40.07,39.53,39.24,39.32,39.25,39.14,39.11,38.55,40.14,39.48,39.23,39.14,38.72,37.87,37.58,37.34,37.06,36.33,35.33,94.52,38.51,34.84,41.18,8.34,36.53,40.13,4.69,38.51,35.88,6.9,14.73,2.55,2.63,7.33
2017-01-30,40.73,40.12,40.79,39.99,-2.07,1.95,1.8829,1.48,3243683.0,130123587.23,41.17,40.63,40.08,39.56,39.25,39.33,39.27,39.16,39.12,38.59,40.14,39.48,39.23,39.14,38.72,37.87,37.58,37.34,37.06,36.33,35.33,80.45,38.55,34.84,41.18,8.34,36.74,40.13,4.4,38.55,35.88,4.06,11.81,-0.06,2.67,7.44
2017-01-31,39.84,39.84,40.06,39.53,-3.29,1.34,1.2481,0.88,2155235.0,85863484.78,40.9,40.59,40.08,39.6,39.28,39.34,39.28,39.17,39.12,38.63,40.14,39.48,39.23,39.14,38.72,37.87,37.58,37.34,37.06,36.33,35.33,74.5,38.57,34.84,41.18,8.34,36.74,40.13,4.4,38.57,35.88,3.29,11.04,-0.75,2.69,7.5
2017-02-01,39.98,39.78,40.06,39.56,-4.78,1.26,1.1734,0.78,2028055.0,80685154.15,40.5,40.56,40.09,39.64,39.3,39.35,39.29,39.18,39.13,38.67,40.14,39.48,39.23,39.14,38.72,37.87,37.58,37.34,37.06,36.33,35.33,74.19,38.59,34.84,41.18,8.34,36.74,40.13,4.4,38.59,35.88,3.1,10.88,-0.89,2.71,7.55
2017-02-02,39.69,39.93,40.14,39.6,-4.04,1.34,0.8909,0.57,1530866.0,61122121.35,40.17,40.53,40.09,39.67,39.33,39.36,39.29,39.2,39.13,38.71,40.14,39.48,39.23,39.14,38.72,37.87,37.58,37.34,37.06,36.33,35.33,80.98,38.62,34.84,41.18,8.34,36.74,40.13,4.4,38.62,35.88,3.38,11.28,-0.54,2.74,7.64
2017-02-03,40.15,40.07,40.3,40.02,-2.65,0.71,0.8513,0.61,1461278.0,58559985.21,39.95,40.52,40.1,39.71,39.35,39.38,39.31,39.21,39.14,38.75,40.44,39.68,39.23,39.22,38.88,38.01,37.68,37.39,37.18,36.45,35.48,80.19,38.64,35.05,41.18,8.04,36.95,40.13,4.12,38.64,36.0,3.71,11.32,-0.9,2.64,7.33
2017-02-06,39.98,40.07,40.08,39.76,-0.12,0.8,0.6909,0.57,1183903.0,47435441.5,39.94,40.49,40.11,39.76,39.36,39.38,39.32,39.22,39.15,38.78,40.44,39.68,39.23,39.22,38.88,38.01,37.68,37.39,37.18,36.45,35.48,80.31,38.66,35.05,41.18,8.04,36.95,40.13,4.12,38.66,36.0,3.64,11.3,-0.92,2.66,7.39
2017-02-07,40.2,40.35,40.52,40.09,1.28,1.09,0.7336,0.74,1240258.0,50042549.91,40.04,40.5,40.14,39.82,39.38,39.39,39.33,39.23,39.16,38.82,40.44,39.68,39.23,39.22,38.88,38.01,37.68,37.39,37.18,36.45,35.48,91.99,38.67,35.05,41.18,8.04,36.95,40.13,4.12,38.67,36.0,4.34,12.08,-0.22,2.67,7.42
2017-02-08,40.35,40.42,40.59,40.16,1.59,1.07,0.7087,0.78,1155899.0,46720281.68,40.17,40.51,40.17,39.89,39.42,39.39,39.35,39.25,39.17,38.85,40.44,39.68,39.23,39.22,38.88,38.01,37.68,37.39,37.18,36.45,35.48,91.84,38.69,35.05,41.18,8.04,36.95,40.13,4.12,38.69,36.0,4.47,12.27,-0.05,2.69,7.47
2017-02-09,40.48,40.48,40.53,40.23,1.38,0.76,0.6162,0.75,990281.0,40084594.32,40.28,40.53,40.2,39.94,39.46,39.4,39.37,39.27,39.19,38.89,40.44,39.68,39.23,39.22,38.88,38.01,37.68,37.39,37.18,36.45,35.48,91.88,38.71,35.05,41.18,8.04,36.95,40.13,4.12,38.71,36.0,4.57,12.44,0.1,2.71,7.53
2017-02-10,40.58,40.68,40.76,40.49,1.52,0.68,0.725,0.94,1134801.0,46167676.48,40.4,40.56,40.25,40.0,39.53,39.4,39.39,39.29,39.2,38.93,40.51,40.0,39.29,39.28,39.04,38.14,37.79,37.46,37.3,36.56,35.63,93.88,38.73,35.05,41.18,8.04,36.95,40.34,4.38,38.73,36.07,5.04,12.79,0.42,2.66,7.37
2017-02-13,40.8,40.96,41.05,40.77,2.23,0.67,0.7801,1.06,1205868.0,49394765.02,40.58,40.56,40.31,40.05,39.58,39.41,39.41,39.32,39.22,38.96,40.51,40.0,39.29,39.28,39.04,38.14,37.79,37.46,37.3,36.56,35.63,93.56,38.75,35.05,40.97,7.79,36.95,40.34,4.38,38.75,36.07,5.71,13.56,1.11,2.68,7.43
2017-02-14,40.95,41.02,41.15,40.8,1.67,0.85,0.6852,0.92,1054492.0,43257898.07,40.71,40.55,40.39,40.1,39.62,39.42,39.44,39.35,39.24,39.0,40.51,40.0,39.29,39.28,39.04,38.14,37.79,37.46,37.3,36.56,35.63,95.06,38.77,35.05,40.97,7.79,36.95,40.34,4.38,38.77,36.07,5.81,13.73,1.26,2.7,7.49
2017-02-15,40.97,40.95,41.15,40.92,1.31,0.55,0.852,1.18,1311338.0,53697979.76,40.82,40.5,40.44,40.13,39.66,39.44,39.46,39.37,39.26,39.03,40.51,40.0,39.29,39.28,39.04,38.14,37.79,37.46,37.3,36.56,35.63,91.97,38.79,35.26,40.97,7.49,36.95,40.34,4.38,38.79,36.07,5.57,13.53,1.07,2.72,7.54
2017-02-16,41.0,41.21,41.22,40.95,1.8,0.66,0.8379,1.13,1285919.0,52990150.15,40.96,40.47,40.51,40.17,39.72,39.46,39.49,39.4,39.28,39.07,40.51,40.0,39.29,39.28,39.04,38.14,37.79,37.46,37.3,36.56,35.63,96.39,38.82,35.26,41.18,7.75,36.95,40.34,4.38,38.82,36.07,6.15,14.24,1.71,2.75,7.62
2017-02-17,41.15,41.4,41.4,41.08,1.77,0.78,1.0461,1.34,1610413.0,66676734.65,41.11,40.49,40.56,40.21,39.77,39.49,39.51,39.43,39.31,39.1,40.72,40.19,39.51,39.41,39.18,38.28,37.91,37.52,37.42,36.68,35.8,97.36,38.85,35.26,41.18,7.75,37.17,40.34,4.09,38.85,36.17,6.57,14.47,1.69,2.68,7.41
2017-02-21,41.43,41.58,41.67,41.42,1.52,0.62,0.8213,0.97,1259842.0,52388009.89,41.23,40.58,40.61,40.25,39.82,39.52,39.54,39.46,39.33,39.13,40.72,40.19,39.51,39.41,39.18,38.28,37.91,37.52,37.42,36.68,35.8,96.47,38.88,35.26,41.4,8.0,37.17,40.34,4.09,38.88,36.17,6.95,14.97,2.13,2.71,7.49
2017-02-22,41.43,41.54,41.66,41.43,1.26,0.55,0.6459,0.76,985531.0,40936986.68,41.34,40.7,40.65,40.28,39.88,39.56,39.57,39.48,39.36,39.17,40.72,40.19,39.51,39.41,39.18,38.28,37.91,37.52,37.42,36.68,35.8,95.78,38.9,35.26,41.4,8.0,37.17,40.34,4.09,38.9,36.17,6.78,14.84,2.02,2.73,7.55
2017-02-23,41.51,41.57,41.62,41.14,1.51,1.15,0.9551,1.14,1471342.0,61158537.24,41.46,40.82,40.69,40.33,39.93,39.61,39.59,39.5,39.39,39.2,40.72,40.19,39.51,39.41,39.18,38.28,37.91,37.52,37.42,36.68,35.8,95.51,38.93,35.26,41.4,8.0,37.17,40.55,4.35,38.93,36.17,6.77,14.92,2.09,2.76,7.63
2017-02-24,41.39,41.43,41.45,41.21,0.54,0.58,0.9114,1.05,1392039.0,57674959.85,41.5,40.92,40.72,40.37,39.98,39.65,39.62,39.52,39.41,39.23,40.95,40.38,39.76,39.55,39.28,38.43,38.01,37.58,37.51,36.79,35.96,95.55,38.96,35.26,41.4,8.0,37.17,40.55,4.35,38.96,36.26,6.34,14.26,1.17,2.7,7.45
2017-02-27,41.23,41.46,41.52,41.2,0.15,0.78,0.7251,0.82,1101221.0,45661027.54,41.52,41.01,40.76,40.4,40.03,39.68,39.65,39.55,39.44,39.25,40.95,40.38,39.76,39.55,39.28,38.43,38.01,37.58,37.51,36.79,35.96,95.59,38.98,35.26,41.4,8.0,37.17,40.55,4.35,38.98,36.26,6.37,14.35,1.25,2.72,7.5
2017-02-28,41.28,41.16,41.43,41.01,-1.02,1.01,1.4901,1.82,2259817.0,93015197.63,41.43,41.08,40.79,40.44,40.09,39.7,39.67,39.57,39.45,39.28,40.95,40.38,39.76,39.55,39.28,38.43,38.01,37.58,37.51,36.79,35.96,87.58,39.02,35.26,41.4,8.0,37.38,40.97,4.59,39.02,36.26,5.49,13.51,0.51,2.76,7.61
2017-03-01,41.44,41.76,41.81,41.36,0.54,1.09,1.0032,1.04,1495949.0,62473822.14,41.48,41.18,40.84,40.48,40.16,39.74,39.68,39.6,39.48,39.31,40.95,40.38,39.76,39.55,39.28,38.43,38.01,37.58,37.51,36.79,35.96,99.48,39.05,35.26,41.61,8.25,37.38,40.97,4.59,39.05,36.26,6.94,15.17,1.98,2.79,7.69
2017-03-02,41.69,41.53,41.73,41.48,-0.08,0.58,0.6349,0.61,941433.0,39099124.64,41.47,41.25,40.88,40.53,40.23,39.78,39.7,39.62,39.5,39.34,40.95,40.38,39.76,39.55,39.28,38.43,38.01,37.58,37.51,36.79,35.96,94.05,39.07,35.26,41.61,8.25,37.38,40.97,4.59,39.07,36.26,6.3,14.54,1.42,2.81,7.75
2017-03-03,41.53,41.45,41.57,41.29,0.05,0.68,0.6041,0.62,890640.0,36920590.56,41.47,41.31,40.92,40.57,40.28,39.83,39.72,39.65,39.53,39.37,41.01,40.58,39.99,39.67,39.36,38.55,38.1,37.68,37.6,36.93,36.13,94.09,39.09,35.47,41.61,7.96,37.38,40.97,4.59,39.09,36.37,6.05,13.98,1.08,2.72,7.48
2017-03-06,41.35,41.39,41.44,41.12,-0.18,0.78,0.7571,0.83,1108805.0,45892330.14,41.46,41.36,40.96,40.62,40.34,39.89,39.73,39.67,39.55,39.39,41.01,40.58,39.99,39.67,39.36,38.55,38.1,37.68,37.6,36.93,36.13,88.51,39.12,35.47,41.61,7.96,37.38,41.18,4.85,39.12,36.37,5.8,13.8,0.93,2.75,7.56
2017-03-07,41.37,41.6,41.67,41.33,1.06,0.83,0.7143,0.77,1037576.0,43158492.51,41.55,41.4,40.98,40.67,40.39,39.94,39.74,39.7,39.58,39.41,41.01,40.58,39.99,39.67,39.36,38.55,38.1,37.68,37.6,36.93,36.13,93.57,39.14,35.47,41.61,7.96,37.38,41.18,4.85,39.14,36.37,6.27,14.37,1.43,2.77,7.62
2017-03-08,41.68,41.77,41.91,41.59,0.02,0.76,0.6847,0.9,988953.0,41307083.38,41.55,41.45,41.0,40.74,40.44,39.99,39.76,39.73,39.61,39.43,41.01,40.58,39.99,39.67,39.36,38.55,38.1,37.68,37.6,36.93,36.13,98.85,39.16,35.47,41.61,7.96,37.59,41.18,4.56,39.16,36.37,6.66,14.84,1.85,2.79,7.67
2017-03-09,41.8,41.93,42.1,41.71,0.97,0.93,0.879,1.27,1261393.0,52895254.06,41.63,41.52,41.01,40.8,40.48,40.03,39.79,39.76,39.64,39.45,41.01,40.58,39.99,39.67,39.36,38.55,38.1,37.68,37.6,36.93,36.13,99.51,39.19,35.47,41.61,7.96,37.59,41.18,4.56,39.19,36.37,7.0,15.3,2.25,2.82,7.75
2017-03-10,42.16,42.16,42.25,41.98,1.71,0.65,1.1922,1.61,1702737.0,71791648.76,41.77,41.58,41.03,40.86,40.53,40.09,39.81,39.79,39.67,39.48,41.43,40.93,40.26,39.78,39.46,38.7,38.21,37.8,37.68,37.06,36.3,99.82,39.23,35.47,41.61,7.96,37.59,41.18,4.56,39.23,36.48,7.48,15.58,1.78,2.75,7.54
2017-03-13,42.2,42.28,42.43,42.16,2.15,0.64,0.8144,0.94,1149943.0,48616140.21,41.95,41.64,41.06,40.92,40.57,40.14,39.85,39.82,39.71,39.5,41.43,40.93,40.26,39.78,39.46,38.7,38.21,37.8,37.68,37.06,36.3,100.0,39.26,35.47,41.61,7.96,37.59,41.4,4.82,39.26,36.48,7.68,15.89,2.05,2.78,7.62
2017-03-14,42.18,42.28,42.36,42.04,1.65,0.76,0.5584,0.64,779920.0,32975797.52,42.08,41.69,41.14,40.97,40.61,40.19,39.88,39.85,39.74,39.52,41.43,40.93,40.26,39.78,39.46,38.7,38.21,37.8,37.68,37.06,36.3,100.0,39.28,35.47,41.61,7.96,37.59,41.4,4.82,39.28,36.48,7.64,15.9,2.06,2.8,7.68
2017-03-15,42.38,42.36,42.43,42.04,1.42,0.93,0.9918,1.17,1381329.0,58513096.44,42.2,41.74,41.22,41.01,40.65,40.25,39.92,39.88,39.77,39.54,41.43,40.93,40.26,39.78,39.46,38.7,38.21,37.8,37.68,37.06,36.3,100.0,39.32,35.69,41.82,7.91,37.59,41.4,4.82,39.32,36.48,7.73,16.12,2.25,2.84,7.79
2017-03-16,42.45,42.44,42.54,42.31,1.2,0.56,0.7143,0.78,977394.0,41479623.97,42.3,41.8,41.31,41.06,40.7,40.31,39.97,39.91,39.79,39.56,41.43,40.93,40.26,39.78,39.46,38.7,38.21,37.8,37.68,37.06,36.3,99.21,39.34,35.69,42.03,8.16,37.59,41.4,4.82,39.34,36.48,7.88,16.33,2.44,2.86,7.84
2017-03-17,42.58,42.61,42.67,42.36,1.05,0.74,1.2449,1.43,1713474.0,73004273.24,42.39,41.88,41.4,41.11,40.75,40.36,40.02,39.94,39.82,39.59,41.81,41.16,40.6,39.92,39.59,38.87,38.31,37.91,37.77,37.22,36.48,99.75,39.39,35.69,42.03,8.16,37.8,41.4,4.54,39.39,36.6,8.16,16.41,1.9,2.79,7.62
2017-03-20,42.5,42.42,42.51,42.26,0.34,0.59,0.8912,1.03,1230795.0,52210323.9,42.42,41.94,41.48,41.16,40.79,40.42,40.06,39.98,39.85,39.61,41.81,41.16,40.6,39.92,39.59,38.87,38.31,37.91,37.77,37.22,36.48,96.88,39.42,35.69,42.24,8.41,37.8,41.4,4.54,39.42,36.6,7.61,15.9,1.46,2.82,7.7
2017-03-21,42.57,41.52,42.68,41.45,-1.79,2.89,1.7556,2.02,2461237.0,102197943.95,42.27,41.97,41.52,41.18,40.82,40.46,40.08,39.99,39.87,39.62,41.81,41.16,40.6,39.92,39.59,38.87,38.31,37.91,37.77,37.22,36.48,83.9,39.47,35.69,42.24,8.41,37.8,41.61,4.79,39.47,36.6,5.2,13.45,-0.69,2.87,7.84
2017-03-22,41.6,41.48,41.78,41.36,-2.08,1.01,0.9932,0.9,1399439.0,58048030.0,42.09,41.95,41.56,41.21,40.85,40.52,40.11,40.01,39.89,39.64,41.81,41.16,40.6,39.92,39.59,38.87,38.31,37.91,37.77,37.22,36.48,83.35,39.49,35.69,42.24,8.41,37.8,41.61,4.79,39.49,36.6,5.04,13.33,-0.79,2.89,7.9
2017-03-23,41.05,40.88,41.13,40.61,-3.68,1.24,2.3928,2.24,3485770.0,142494791.83,41.78,41.9,41.58,41.22,40.87,40.56,40.14,40.02,39.91,39.65,41.81,41.16,40.6,39.92,39.59,38.87,38.31,37.91,37.77,37.22,36.48,71.15,39.53,35.69,42.24,8.41,37.8,41.61,4.79,39.53,36.6,3.41,11.69,-2.23,2.93,8.01
2017-03-24,41.0,40.72,41.1,40.44,-4.42,1.59,1.3413,0.96,1980603.0,80653125.06,41.4,41.86,41.59,41.24,40.89,40.6,40.17,40.02,39.92,39.67,41.68,41.2,40.69,40.05,39.66,39.02,38.39,37.97,37.81,37.33,36.64,68.83,39.55,35.69,42.24,8.41,37.8,41.61,4.79,39.55,36.75,2.96,10.81,-2.29,2.8,7.62
2017-03-27,40.35,40.98,41.08,40.17,-3.41,2.24,1.2723,0.9,1894735.0,77637713.99,41.12,41.83,41.59,41.25,40.92,40.64,40.22,40.03,39.94,39.68,41.68,41.2,40.69,40.05,39.66,39.02,38.39,37.97,37.81,37.33,36.64,75.73,39.57,35.69,42.24,8.41,38.01,41.61,4.52,39.57,36.75,3.55,11.5,-1.68,2.82,7.67
2017-03-28,41.02,41.05,41.3,40.7,-1.15,1.46,1.0776,0.72,1620532.0,66516356.47,41.02,41.79,41.6,41.25,40.95,40.67,40.25,40.03,39.96,39.7,41.68,41.2,40.69,40.05,39.66,39.02,38.39,37.97,37.81,37.33,36.64,75.62,39.59,35.9,42.24,8.12,38.01,41.61,4.52,39.59,36.75,3.68,11.69,-1.51,2.84,7.73
2017-03-29,41.25,41.57,41.64,41.12,0.22,1.26,1.187,0.86,1785234.0,74213070.0,41.04,41.78,41.62,41.26,41.0,40.71,40.29,40.05,39.98,39.72,41.68,41.2,40.69,40.05,39.66,39.02,38.39,37.97,37.81,37.33,36.64,84.1,39.61,35.9,42.24,8.12,38.01,41.61,4.52,39.61,36.75,4.95,13.12,-0.25,2.86,7.78
2017-03-30,41.68,41.58,41.68,41.45,1.7,0.56,0.7063,0.49,1055267.0,43872725.53,41.18,41.75,41.64,41.26,41.04,40.74,40.32,40.07,40.01,39.74,41.68,41.2,40.69,40.05,39.66,39.02,38.39,37.97,37.81,37.33,36.64,83.44,39.63,35.9,42.24,8.12,38.01,41.61,4.52,39.63,36.75,4.91,13.13,-0.24,2.88,7.84
2017-03-31,41.45,41.48,41.58,41.37,1.86,0.51,0.9348,0.84,1401756.0,58142035.37,41.33,41.71,41.65,41.25,41.08,40.76,40.36,40.08,40.03,39.76,41.68,41.32,40.81,40.24,39.76,39.22,38.46,38.09,37.87,37.46,36.8,83.61,39.65,35.9,42.24,8.12,38.01,41.61,4.52,39.65,36.86,4.61,12.53,-0.5,2.79,7.57
2017-04-03,41.46,41.93,42.04,41.46,2.32,1.4,1.1098,1.08,1670349.0,70033557.7,41.52,41.69,41.66,41.27,41.11,40.79,40.4,40.11,40.05,39.78,41.68,41.32,40.81,40.24,39.76,39.22,38.46,38.09,37.87,37.46,36.8,92.77,39.68,35.9,42.24,8.12,38.01,41.61,4.52,39.68,36.86,5.66,13.75,0.58,2.82,7.65
2017-04-04,41.57,41.73,41.76,41.45,1.66,0.73,0.699,0.69,1045141.0,43612166.22,41.66,41.65,41.67,41.31,41.14,40.82,40.43,40.13,40.07,39.8,41.68,41.32,40.81,40.24,39.76,39.22,38.46,38.09,37.87,37.46,36.8,90.27,39.69,35.9,42.24,8.12,38.01,41.61,4.52,39.69,36.86,5.14,13.21,0.11,2.83,7.68
2017-04-05,41.78,41.57,42.12,41.54,0.0,1.41,1.0358,1.12,1553614.0,64584510.79,41.66,41.6,41.67,41.34,41.16,40.84,40.47,40.16,40.09,39.82,41.68,41.32,40.81,40.24,39.76,39.22,38.46,38.09,37.87,37.46,36.8,81.0,39.72,35.9,42.24,8.12,38.01,41.61,4.52,39.72,36.86,4.66,12.78,-0.27,2.86,7.76
2017-04-06,41.62,41.39,41.82,41.32,-0.44,1.19,0.8355,0.93,1254245.0,51918217.53,41.62,41.53,41.66,41.38,41.18,40.86,40.51,40.19,40.11,39.84,41.68,41.32,40.81,40.24,39.76,39.22,38.46,38.09,37.87,37.46,36.8,73.78,39.74,35.9,42.24,8.12,38.01,41.61,4.52,39.74,36.86,4.16,12.3,-0.7,2.88,7.81
2017-04-07,41.4,41.23,41.42,41.03,-0.59,0.96,0.7042,0.76,1057009.0,43584180.6,41.57,41.43,41.66,41.41,41.19,40.88,40.54,40.22,40.13,39.86,41.64,41.32,40.93,40.4,39.87,39.37,38.56,38.21,37.91,37.59,36.89,73.85,39.75,35.9,42.24,8.12,38.01,41.61,4.52,39.75,36.95,3.73,11.59,-0.98,2.8,7.58
2017-04-10,41.27,41.24,41.47,41.19,-1.65,0.68,0.6549,0.74,978898.0,40366327.38,41.43,41.36,41.65,41.44,41.21,40.9,40.57,40.24,40.15,39.88,41.64,41.32,40.93,40.4,39.87,39.37,38.56,38.21,37.91,37.59,36.89,73.3,39.76,35.9,42.24,8.12,38.01,41.61,4.52,39.76,36.95,3.71,11.6,-0.97,2.81,7.6
2017-04-11,41.24,41.17,41.37,40.85,-1.34,1.26,0.7223,0.92,1079510.0,44440727.92,41.32,41.33,41.65,41.46,41.22,40.92,40.61,40.26,40.16,39.89,41.64,41.32,40.93,40.4,39.87,39.37,38.56,38.21,37.91,37.59,36.89,68.88,39.77,35.9,42.24,8.12,38.01,41.61,4.52,39.77,36.95,3.51,11.41,-1.14,2.82,7.63
2017-04-12,41.1,41.22,41.33,41.05,-0.85,0.69,0.6054,0.76,900060.0,37096872.96,41.25,41.31,41.63,41.48,41.24,40.94,40.65,40.28,40.17,39.91,41.64,41.32,40.93,40.4,39.87,39.37,38.56,38.21,37.91,37.59,36.89,73.65,39.78,35.9,42.24,8.12,38.01,41.61,4.52,39.78,36.95,3.61,11.55,-1.02,2.83,7.66
2017-04-13,41.11,41.18,41.32,41.07,-0.52,0.6,0.7537,1.06,1118432.0,46054792.9,41.21,41.33,41.62,41.5,41.25,40.97,40.69,40.31,40.18,39.92,41.64,41.32,40.93,40.4,39.87,39.37,38.56,38.21,37.91,37.59,36.89,67.81,39.8,35.9,42.24,8.12,38.01,41.61,4.52,39.8,36.95,3.46,11.44,-1.11,2.85,7.71
2017-04-17,41.25,41.86,41.89,41.22,1.52,1.61,0.603,0.87,894540.0,37444102.59,41.33,41.41,41.63,41.53,41.28,41.0,40.73,40.35,40.2,39.95,41.44,41.44,41.1,40.56,39.96,39.52,38.69,38.31,37.97,37.71,37.0,93.13,39.81,35.9,42.24,8.12,38.01,41.61,4.52,39.81,37.01,5.15,13.1,1.0,2.8,7.57
2017-04-18,41.71,41.84,41.95,41.64,1.47,0.74,0.5692,0.84,836464.0,34998490.22,41.45,41.47,41.65,41.55,41.31,41.03,40.78,40.39,40.21,39.97,41.44,41.44,41.1,40.56,39.96,39.52,38.69,38.31,37.97,37.71,37.0,93.17,39.82,35.9,42.24,8.12,38.01,41.61,4.52,39.82,37.01,5.08,13.05,0.96,2.81,7.59
2017-04-19,41.99,41.91,42.11,41.81,1.8,0.71,0.6569,0.99,954325.0,39996237.91,41.6,41.53,41.66,41.57,41.32,41.07,40.81,40.43,40.22,40.0,41.44,41.44,41.1,40.56,39.96,39.52,38.69,38.31,37.97,37.71,37.0,92.56,39.84,35.9,42.24,8.12,38.22,41.61,4.24,39.84,37.01,5.2,13.24,1.13,2.83,7.65
2017-04-20,42.07,42.08,42.26,41.97,2.1,0.7,0.6633,1.02,957995.0,40314824.59,41.77,41.56,41.67,41.6,41.34,41.11,40.85,40.47,40.24,40.02,41.44,41.44,41.1,40.56,39.96,39.52,38.69,38.31,37.97,37.71,37.0,94.89,39.87,35.9,42.24,8.12,38.22,41.61,4.24,39.87,37.01,5.55,13.71,1.54,2.86,7.73
2017-04-21,42.14,42.16,42.19,42.03,2.38,0.39,0.9196,1.39,1323469.0,55796791.31,41.97,41.6,41.68,41.62,41.34,41.15,40.88,40.5,40.26,40.05,41.35,41.58,41.23,40.79,40.05,39.67,38.83,38.42,38.05,37.84,37.12,94.94,39.89,35.9,42.24,8.12,38.22,41.61,4.24,39.89,37.09,5.69,13.67,1.39,2.8,7.55
2017-04-24,42.56,43.14,43.17,42.49,3.06,1.61,0.971,1.38,1371831.0,59178045.68,42.23,41.71,41.71,41.67,41.37,41.2,40.92,40.55,40.29,40.08,41.35,41.58,41.23,40.79,40.05,39.67,38.83,38.42,38.05,37.84,37.12,100.0,39.93,36.11,42.24,7.83,38.22,41.61,4.24,39.93,37.09,8.03,16.31,3.74,2.84,7.66
2017-04-25,43.25,43.62,43.75,43.14,4.24,1.41,1.2016,1.54,1671671.0,72909930.67,42.58,41.82,41.75,41.72,41.41,41.25,40.96,40.6,40.32,40.11,41.35,41.58,41.23,40.79,40.05,39.67,38.83,38.42,38.05,37.84,37.12,99.79,39.98,36.11,42.24,7.83,38.22,41.61,4.24,39.98,37.09,9.09,17.59,4.89,2.89,7.79
2017-04-26,43.71,43.59,43.8,43.39,4.0,0.95,0.9103,0.98,1235967.0,53871475.65,42.92,41.95,41.8,41.76,41.47,41.3,41.0,40.65,40.36,40.15,41.35,41.58,41.23,40.79,40.05,39.67,38.83,38.42,38.05,37.84,37.12,99.42,40.03,36.11,42.45,8.08,38.22,41.82,4.49,40.03,37.09,8.88,17.52,4.82,2.94,7.93
2017-04-27,43.68,43.71,43.77,43.52,3.87,0.58,1.4864,1.54,2014677.0,88066568.36,43.24,42.09,41.84,41.81,41.53,41.34,41.05,40.7,40.4,40.18,41.35,41.58,41.23,40.79,40.05,39.67,38.83,38.42,38.05,37.84,37.12,97.79,40.09,36.11,42.66,8.32,38.22,41.82,4.49,40.09,37.09,9.04,17.86,5.12,3.0,8.09
2017-04-28,45.53,45.3,45.84,45.29,7.44,1.27,2.3788,2.15,3273658.0,148290160.08,43.87,42.35,41.94,41.89,41.62,41.41,41.11,40.77,40.46,40.22,42.27,41.97,41.55,41.08,40.26,39.88,39.02,38.59,38.16,37.99,37.27,97.39,40.24,36.32,43.51,9.01,38.22,42.03,4.74,40.24,37.31,12.57,21.41,7.16,2.93,7.85
2017-05-01,45.1,45.63,45.78,45.07,5.77,1.57,1.5265,1.11,2115701.0,96536263.08,44.37,42.64,42.04,41.99,41.72,41.48,41.18,40.84,40.53,40.26,42.27,41.97,41.55,41.08,40.26,39.88,39.02,38.59,38.16,37.99,37.27,99.98,40.33,36.32,43.72,9.25,38.44,42.03,4.47,40.33,37.31,13.14,22.3,7.95,3.02,8.09
2017-05-02,45.48,45.82,46.04,45.47,5.06,1.24,1.1138,0.75,1545245.0,70806216.39,44.81,42.95,42.15,42.08,41.81,41.55,41.24,40.91,40.58,40.31,42.27,41.97,41.55,41.08,40.26,39.88,39.02,38.59,38.16,37.99,37.27,99.15,40.4,36.53,45.41,10.84,38.44,42.03,4.47,40.4,37.31,13.42,22.81,8.4,3.09,8.28
2017-05-03,45.74,46.35,46.4,45.63,6.34,1.7,1.0757,0.74,1498051.0,69437659.95,45.36,43.29,42.31,42.2,41.92,41.63,41.32,40.99,40.64,40.36,42.27,41.97,41.55,41.08,40.26,39.88,39.02,38.59,38.16,37.99,37.27,100.0,40.47,36.53,45.41,10.84,38.44,42.24,4.72,40.47,37.31,14.53,24.23,9.66,3.16,8.47
2017-05-04,46.3,46.58,46.8,46.23,6.57,1.22,1.0189,0.68,1421984.0,66240280.67,45.94,43.65,42.48,42.3,42.02,41.72,41.39,41.08,40.7,40.41,42.27,41.97,41.55,41.08,40.26,39.88,39.02,38.59,38.16,37.99,37.27,99.54,40.54,36.74,45.63,10.78,38.44,42.24,4.72,40.54,37.31,14.91,24.85,10.21,3.23,8.66
2017-05-05,46.68,46.36,46.74,46.26,2.34,1.04,1.3567,0.97,1910427.0,88560709.23,46.15,44.0,42.67,42.41,42.12,41.8,41.47,41.16,40.77,40.46,43.25,42.46,41.96,41.42,40.52,40.08,39.24,38.75,38.28,38.13,37.42,97.49,40.64,36.74,45.63,10.78,38.44,42.45,4.97,40.64,37.56,14.07,23.42,7.19,3.08,8.2
2017-05-08,46.31,46.72,46.85,46.26,2.38,1.26,0.9401,0.78,1329096.0,62088719.64,46.37,44.32,42.87,42.53,42.23,41.89,41.55,41.25,40.84,40.51,43.25,42.46,41.96,41.42,40.52,40.08,39.24,38.75,38.28,38.13,37.42,100.0,40.7,36.74,45.84,11.01,38.44,42.45,4.97,40.7,37.56,14.78,24.37,8.02,3.14,8.36
2017-05-09,46.85,46.61,46.88,46.48,1.72,0.85,1.1126,1.03,1581337.0,73703745.56,46.52,44.64,43.05,42.64,42.32,41.97,41.63,41.33,40.93,40.56,43.25,42.46,41.96,41.42,40.52,40.08,39.24,38.75,38.28,38.13,37.42,97.39,40.78,36.74,46.26,11.47,38.44,42.88,5.46,40.78,37.56,14.29,24.09,7.78,3.22,8.57
2017-05-10,46.6,46.44,46.6,46.26,0.19,0.73,0.8263,0.76,1173902.0,54514834.98,46.54,44.94,43.23,42.75,42.42,42.04,41.71,41.4,41.0,40.61,43.25,42.46,41.96,41.42,40.52,40.08,39.24,38.75,38.28,38.13,37.42,94.45,40.83,36.95,46.47,11.41,38.44,43.51,6.19,40.83,37.56,13.74,23.64,7.39,3.27,8.71
2017-05-11,46.27,46.53,46.63,46.15,-0.11,1.02,0.5893,0.56,835028.0,38853852.84,46.53,45.24,43.4,42.86,42.51,42.12,41.8,41.48,41.07,40.67,43.25,42.46,41.96,41.42,40.52,40.08,39.24,38.75,38.28,38.13,37.42,97.43,40.87,36.95,46.47,11.41,38.44,43.51,6.19,40.87,37.56,13.85,23.88,7.6,3.31,8.81
2017-05-12,46.58,46.61,46.67,46.39,0.55,0.6,0.7435,0.77,1050377.0,48959122.35,46.58,45.53,43.57,42.96,42.6,42.18,41.88,41.54,41.13,40.72,44.32,42.98,42.32,41.78,40.77,40.26,39.44,38.91,38.43,38.27,37.6,97.45,40.92,36.95,46.47,11.41,38.44,43.72,6.44,40.92,37.73,13.91,23.54,5.17,3.19,8.45
2017-05-15,46.65,46.85,46.91,46.47,0.3,0.96,0.7836,0.93,1104646.0,51757083.68,46.61,45.78,43.75,43.07,42.7,42.25,41.97,41.61,41.21,40.77,44.32,42.98,42.32,41.78,40.77,40.26,39.44,38.91,38.43,38.27,37.6,99.69,40.98,36.95,46.47,11.41,38.44,43.72,6.44,40.98,37.73,14.33,24.18,5.72,3.25,8.61
2017-05-16,47.0,47.15,47.16,46.88,1.16,0.59,0.6921,0.84,968288.0,45654779.2,46.72,46.02,43.92,43.17,42.79,42.33,42.05,41.68,41.28,40.82,44.32,42.98,42.32,41.78,40.77,40.26,39.44,38.91,38.43,38.27,37.6,100.0,41.03,36.95,46.47,11.41,38.44,43.72,6.44,41.03,37.73,14.92,24.97,6.38,3.3,8.75
2017-05-17,46.78,45.98,46.97,45.91,-0.99,2.25,1.6637,2.3,2357984.0,108422462.3,46.63,46.18,44.06,43.26,42.86,42.41,42.11,41.74,41.34,40.87,44.32,42.98,42.32,41.78,40.77,40.26,39.44,38.91,38.43,38.27,37.6,88.91,41.13,36.95,46.47,11.41,38.44,45.41,8.32,41.13,37.73,11.79,21.87,3.75,3.4,9.01
2017-05-18,46.05,46.51,46.66,45.94,-0.04,1.57,1.1181,1.26,1596111.0,74238314.83,46.62,46.36,44.23,43.35,42.95,42.5,42.18,41.81,41.41,40.92,44.32,42.98,42.32,41.78,40.77,40.26,39.44,38.91,38.43,38.27,37.6,95.74,41.2,37.17,46.47,11.13,38.44,45.63,8.55,41.2,37.73,12.89,23.28,4.94,3.47,9.2
2017-05-19,46.57,46.7,46.89,46.55,0.19,0.73,0.9766,0.98,1392849.0,65046744.72,46.64,46.46,44.4,43.44,43.03,42.59,42.25,41.87,41.48,40.97,45.43,43.43,42.77,42.18,41.0,40.45,39.65,39.08,38.6,38.4,37.77,98.93,41.26,37.17,46.68,11.35,38.44,45.63,8.55,41.26,37.95,13.19,23.06,2.81,3.31,8.72
2017-05-22,46.75,47.09,47.09,46.75,0.51,0.74,0.7871,0.75,1118907.0,52692687.35,46.69,46.55,44.6,43.54,43.13,42.69,42.33,41.94,41.56,41.02,45.43,43.43,42.77,42.18,41.0,40.45,39.65,39.08,38.6,38.4,37.77,99.32,41.31,37.17,46.68,11.35,38.44,45.63,8.55,41.31,37.95,14.0,24.09,3.67,3.36,8.85
2017-05-23,47.4,47.44,47.57,47.13,0.62,0.94,0.8912,0.85,1269442.0,60223597.92,46.75,46.66,44.8,43.66,43.23,42.78,42.41,42.02,41.63,41.08,45.43,43.43,42.77,42.18,41.0,40.45,39.65,39.08,38.6,38.4,37.77,99.65,41.38,37.17,46.68,11.35,38.65,45.84,8.51,41.38,37.95,14.65,25.01,4.44,3.43,9.04
2017-05-24,47.65,47.75,47.75,47.48,3.84,0.59,0.7347,0.67,1031483.0,49251250.28,47.1,46.75,45.02,43.79,43.34,42.89,42.49,42.09,41.71,41.13,45.43,43.43,42.77,42.18,41.0,40.45,39.65,39.08,38.6,38.4,37.77,100.0,41.43,37.17,46.68,11.35,38.65,46.05,8.74,41.43,37.95,15.25,25.82,5.11,3.48,9.17
2017-05-25,47.87,48.48,48.63,47.77,4.22,1.8,1.18,1.3,1659922.0,80468038.79,47.49,46.88,45.27,43.95,43.45,42.99,42.58,42.18,41.8,41.19,45.43,43.43,42.77,42.18,41.0,40.45,39.65,39.08,38.6,38.4,37.77,99.81,41.53,37.38,46.68,11.07,38.65,46.26,8.97,41.53,37.95,16.73,27.74,6.72,3.58,9.43
2017-05-26,48.48,48.57,48.75,48.25,4.01,1.03,0.8864,0.97,1251430.0,60786335.1,47.87,47.03,45.51,44.12,43.57,43.1,42.67,42.26,41.9,41.25,46.71,44.03,43.29,42.6,41.29,40.7,39.9,39.26,38.78,38.55,37.97,99.12,41.6,37.38,46.89,11.29,38.65,46.26,8.97,41.6,38.16,16.76,27.29,3.99,3.44,9.01
2017-05-30,48.52,48.79,48.81,48.47,3.61,0.69,1.0315,1.16,1466288.0,71546056.67,48.21,47.17,45.74,44.3,43.69,43.21,42.77,42.35,41.99,41.31,46.71,44.03,43.29,42.6,41.29,40.7,39.9,39.26,38.78,38.55,37.97,99.22,41.68,37.38,47.32,11.74,38.65,46.47,9.19,41.68,38.16,17.07,27.87,4.47,3.52,9.22
2017-05-31,48.75,48.24,48.96,48.01,1.69,1.96,1.695,1.83,2447196.0,118060076.63,48.37,47.28,45.96,44.46,43.8,43.31,42.86,42.44,42.07,41.36,46.71,44.03,43.29,42.6,41.29,40.7,39.9,39.26,38.78,38.55,37.97,95.91,41.81,37.38,47.95,12.39,38.65,46.47,9.19,41.81,38.16,15.39,26.42,3.29,3.65,9.56
2017-06-01,48.45,48.35,48.58,48.0,1.26,1.19,0.9726,0.9,1410194.0,68179354.41,48.49,47.4,46.17,44.62,43.92,43.41,42.94,42.53,42.15,41.41,46.71,44.03,43.29,42.6,41.29,40.7,39.9,39.26,38.78,38.55,37.97,95.26,41.88,37.59,48.16,12.33,38.65,46.47,9.19,41.88,38.16,15.44,26.7,3.51,3.72,9.75
2017-06-02,48.47,48.78,48.79,48.3,0.63,1.02,1.197,1.06,1750772.0,85402658.16,48.55,47.55,46.39,44.78,44.03,43.52,43.02,42.62,42.24,41.47,47.4,44.84,43.78,43.02,41.65,40.95,40.19,39.46,38.95,38.69,38.17,99.06,41.98,37.59,48.37,12.55,38.65,46.47,9.19,41.98,38.39,16.2,27.06,2.9,3.59,9.35
2017-06-05,48.83,49.18,49.35,48.76,1.26,1.21,0.856,0.75,1251915.0,61574187.36,48.67,47.73,46.63,44.95,44.15,43.63,43.1,42.72,42.32,41.53,47.4,44.84,43.78,43.02,41.65,40.95,40.19,39.46,38.95,38.69,38.17,99.51,42.05,37.59,48.37,12.55,38.65,46.68,9.42,42.05,38.39,16.97,28.12,3.75,3.66,9.53
2017-06-06,49.16,48.83,49.41,48.76,0.07,1.33,1.239,1.09,1814374.0,88593160.86,48.68,47.86,46.82,45.12,44.26,43.73,43.18,42.81,42.39,41.59,47.4,44.84,43.78,43.02,41.65,40.95,40.19,39.46,38.95,38.69,38.17,98.27,42.15,37.59,48.59,12.76,38.65,46.68,9.42,42.15,38.39,15.84,27.19,3.0,3.76,9.79
2017-06-07,48.98,49.05,49.21,48.79,1.68,0.86,0.9849,0.83,1447192.0,70990556.37,48.84,47.98,47.0,45.27,44.38,43.83,43.27,42.9,42.47,41.66,47.4,44.84,43.78,43.02,41.65,40.95,40.19,39.46,38.95,38.69,38.17,99.24,42.22,37.59,48.59,12.76,38.65,46.68,9.42,42.22,38.39,16.19,27.78,3.48,3.83,9.98
2017-06-08,49.12,49.17,49.23,48.86,1.7,0.75,0.9975,0.96,1477184.0,72633875.87,49.0,48.2,47.19,45.44,44.49,43.93,43.37,42.98,42.55,41.72,47.4,44.84,43.78,43.02,41.65,40.95,40.19,39.46,38.95,38.69,38.17,99.0,42.3,37.8,48.8,12.7,38.86,46.68,9.15,42.3,38.39,16.24,28.08,3.73,3.91,10.18
2017-06-09,49.22,47.49,49.22,46.78,-2.64,4.97,2.1851,2.14,3306186.0,157015732.42,48.75,48.26,47.31,45.57,44.58,44.01,43.46,43.05,42.61,41.79,47.63,45.44,44.19,43.38,41.97,41.18,40.46,39.62,39.14,38.82,38.35,85.98,42.44,37.8,48.8,12.7,38.86,47.11,9.59,42.44,38.68,11.9,22.78,-0.29,3.76,9.72
2017-06-12,46.98,47.14,47.47,45.76,-4.15,3.59,2.4127,2.02,3762440.0,177380233.8,48.34,48.29,47.37,45.7,44.66,44.08,43.54,43.11,42.68,41.85,47.63,45.44,44.19,43.38,41.97,41.18,40.46,39.62,39.14,38.82,38.35,85.2,42.55,37.8,48.8,12.7,38.86,47.11,9.59,42.55,38.68,10.8,21.88,-1.02,3.87,10.01
2017-06-13,47.6,47.67,48.0,47.2,-2.37,1.69,1.2868,0.85,2013077.0,95963380.59,48.11,48.33,47.44,45.84,44.74,44.17,43.63,43.18,42.74,41.91,47.63,45.44,44.19,43.38,41.97,41.18,40.46,39.62,39.14,38.82,38.35,86.61,42.63,37.8,48.8,12.7,38.86,47.32,9.82,42.63,38.68,11.82,23.24,0.08,3.95,10.21
2017-06-14,48.0,47.54,48.06,47.11,-3.09,1.98,0.9482,0.62,1487430.0,70709447.34,47.8,48.34,47.5,45.98,44.83,44.25,43.71,43.25,42.81,41.97,47.63,45.44,44.19,43.38,41.97,41.18,40.46,39.62,39.14,38.82,38.35,86.37,42.69,37.8,48.8,12.7,38.86,47.53,10.04,42.69,38.68,11.36,22.9,-0.2,4.01,10.37
2017-06-15,46.7,47.12,47.17,46.22,-4.18,1.99,1.3221,0.86,2065277.0,97306558.49,47.39,48.29,47.52,46.11,44.92,44.33,43.79,43.32,42.87,42.02,47.63,45.44,44.19,43.38,41.97,41.18,40.46,39.62,39.14,38.82,38.35,83.33,42.76,38.01,48.59,12.21,38.86,47.53,10.04,42.76,38.68,10.19,21.81,-1.08,4.08,10.55
2017-06-16,47.0,46.99,47.1,46.58,-1.06,1.11,1.926,1.21,3061998.0,143880224.02,47.29,48.19,47.54,46.24,45.01,44.4,43.86,43.38,42.93,42.07,47.71,46.01,44.56,43.67,42.27,41.4,40.7,39.8,39.32,38.92,38.53,81.82,42.86,38.01,48.59,12.21,38.86,47.32,9.82,42.86,38.94,9.63,20.67,-1.5,3.92,10.07
2017-06-19,47.5,47.87,48.0,47.45,1.53,1.16,0.9828,0.62,1530467.0,73261159.59,47.44,48.15,47.59,46.39,45.13,44.48,43.94,43.45,43.0,42.13,47.71,46.01,44.56,43.67,42.27,41.4,40.7,39.8,39.32,38.92,38.53,88.3,42.91,38.01,48.59,12.21,38.86,47.53,10.04,42.91,38.94,11.56,22.93,0.34,3.97,10.2
2017-06-20,47.88,47.53,48.08,47.5,-0.29,1.21,0.7297,0.55,1125862.0,53513909.65,47.41,48.06,47.62,46.52,45.24,44.56,44.02,43.52,43.07,42.2,47.71,46.01,44.56,43.67,42.27,41.4,40.7,39.8,39.32,38.92,38.53,85.74,42.96,38.01,48.59,12.21,39.07,47.53,9.77,42.96,38.94,10.64,22.06,-0.37,4.02,10.32
2017-06-21,47.68,47.97,48.0,47.54,0.91,0.98,0.7849,0.65,1201976.0,57661793.66,47.5,48.05,47.66,46.65,45.36,44.65,44.1,43.6,43.14,42.27,47.71,46.01,44.56,43.67,42.27,41.4,40.7,39.8,39.32,38.92,38.53,89.38,43.01,38.01,48.59,12.21,39.07,47.74,9.99,43.01,38.94,11.54,23.2,0.56,4.07,10.45
2017-06-22,47.94,47.85,48.04,47.73,1.57,0.64,0.6195,0.52,941678.0,45063529.85,47.64,48.01,47.71,46.79,45.47,44.73,44.18,43.66,43.21,42.34,47.71,46.01,44.56,43.67,42.27,41.4,40.7,39.8,39.32,38.92,38.53,87.29,43.06,38.01,48.59,12.21,39.07,47.74,9.99,43.06,38.94,11.13,22.89,0.31,4.12,10.58
2017-06-23,47.84,48.28,48.3,47.71,2.75,1.23,1.0077,0.97,1527515.0,73747660.44,47.9,47.98,47.77,46.92,45.58,44.82,44.26,43.73,43.29,42.41,48.02,46.72,44.96,44.08,42.61,41.65,40.96,40.03,39.51,39.07,38.72,90.79,43.12,38.01,48.59,12.21,39.07,47.74,9.99,43.12,39.11,11.97,23.45,0.53,4.01,10.25
2017-06-26,48.5,47.61,48.67,47.54,-0.53,2.33,1.0472,1.26,1596876.0,76032855.43,47.85,47.87,47.8,47.04,45.68,44.9,44.33,43.79,43.36,42.47,48.02,46.72,44.96,44.08,42.61,41.65,40.96,40.03,39.51,39.07,38.72,82.49,43.18,38.01,48.59,12.21,39.07,47.74,9.99,43.18,39.11,10.27,21.74,-0.85,4.07,10.41
2017-06-27,47.12,46.37,47.41,46.34,-2.45,2.25,1.6693,2.02,2578143.0,119539467.41,47.62,47.71,47.78,47.12,45.76,44.95,44.39,43.83,43.42,42.52,48.02,46.72,44.96,44.08,42.61,41.65,40.96,40.03,39.51,39.07,38.72,64.14,43.25,38.01,48.59,12.21,39.07,47.74,9.99,43.25,39.11,7.21,18.55,-3.45,4.14,10.59
2017-06-28,46.45,47.02,47.14,45.8,-1.98,2.88,1.7409,1.73,2719227.0,127870290.06,47.43,47.58,47.78,47.19,45.85,45.02,44.45,43.89,43.48,42.58,48.02,46.72,44.96,44.08,42.61,41.65,40.96,40.03,39.51,39.07,38.72,77.55,43.32,38.01,48.59,12.21,39.07,47.74,9.99,43.32,39.11,8.55,20.24,-2.08,4.21,10.76
2017-06-29,46.5,45.89,46.56,45.53,-4.11,2.19,2.0559,1.76,3288129.0,150890595.75,47.03,47.36,47.78,47.24,45.92,45.06,44.5,43.94,43.53,42.63,48.02,46.72,44.96,44.08,42.61,41.65,40.96,40.03,39.51,39.07,38.72,60.19,43.39,38.22,48.59,11.94,39.28,47.74,9.72,43.39,39.11,5.76,17.33,-4.44,4.28,10.94
2017-06-30,46.3,45.44,46.3,45.42,-5.89,1.93,1.2973,0.89,2086402.0,94798804.47,46.47,47.22,47.74,47.28,45.98,45.11,44.55,44.0,43.57,42.68,47.4,47.05,45.15,44.32,42.88,41.8,41.15,40.2,39.66,39.17,38.86,56.33,43.43,38.22,48.59,11.94,39.28,47.74,9.72,43.43,39.35,4.62,15.47,-4.13,4.08,10.37
2017-07-03,45.61,44.94,45.7,44.74,-5.63,2.11,1.0585,0.7,1710373.0,76855610.76,45.93,47.07,47.68,47.27,46.04,45.14,44.58,44.04,43.61,42.72,47.4,47.05,45.15,44.32,42.88,41.8,41.15,40.2,39.66,39.17,38.86,54.3,43.45,38.22,48.59,11.94,39.28,47.74,9.72,43.45,39.35,3.42,14.19,-5.19,4.1,10.42
2017-07-05,45.09,45.59,45.73,44.92,-1.68,1.78,1.1135,0.73,1813319.0,82661053.27,45.77,46.93,47.63,47.27,46.11,45.18,44.63,44.1,43.65,42.77,47.4,47.05,45.15,44.32,42.88,41.8,41.15,40.2,39.66,39.17,38.86,56.82,43.48,38.22,48.59,11.94,39.28,47.74,9.72,43.48,39.35,4.84,15.85,-3.82,4.13,10.5
2017-07-06,45.21,45.33,45.75,44.98,-3.59,1.67,0.8707,0.61,1424384.0,64573736.45,45.44,46.79,47.56,47.26,46.18,45.22,44.67,44.15,43.69,42.82,47.4,47.05,45.15,44.32,42.88,41.8,41.15,40.2,39.66,39.17,38.86,54.65,43.51,38.22,48.59,11.94,39.28,47.74,9.72,43.51,39.35,4.19,15.21,-4.35,4.16,10.57
2017-07-07,45.44,45.93,46.08,45.44,0.09,1.4,0.9955,0.79,1637785.0,75222646.16,45.44,46.71,47.5,47.25,46.26,45.28,44.72,44.2,43.74,42.87,46.83,47.11,45.5,44.54,43.09,41.98,41.33,40.37,39.8,39.28,39.01,61.89,43.54,38.22,48.59,11.94,39.28,47.74,9.72,43.54,39.46,5.49,16.4,-2.52,4.08,10.34
2017-07-10,46.09,46.44,46.52,45.98,2.21,1.17,0.7229,0.69,1192825.0,55394793.0,45.64,46.67,47.43,47.25,46.35,45.34,44.78,44.26,43.79,42.93,46.83,47.11,45.5,44.54,43.09,41.98,41.33,40.37,39.8,39.28,39.01,65.78,43.56,38.22,48.59,11.94,39.28,47.74,9.72,43.56,39.46,6.61,17.69,-1.43,4.1,10.39
2017-07-11,46.48,46.5,46.57,46.1,3.49,1.01,0.4647,0.49,764072.0,35532786.32,45.96,46.58,47.36,47.25,46.44,45.42,44.83,44.32,43.84,42.99,46.83,47.11,45.5,44.54,43.09,41.98,41.33,40.37,39.8,39.28,39.01,71.01,43.58,38.22,48.59,11.94,39.28,47.74,9.72,43.58,39.46,6.71,17.85,-1.3,4.12,10.44
2017-07-12,46.93,47.19,47.32,46.72,3.52,1.27,0.6678,0.81,1100245.0,51922211.92,46.28,46.56,47.31,47.26,46.53,45.5,44.9,44.38,43.9,43.05,46.83,47.11,45.5,44.54,43.09,41.98,41.33,40.37,39.8,39.28,39.01,81.49,43.61,38.22,48.59,11.94,39.28,47.74,9.72,43.61,39.46,8.21,19.59,0.16,4.15,10.52
2017-07-13,47.31,47.36,47.72,47.15,4.46,1.19,0.5514,0.74,909160.0,43055999.28,46.68,46.52,47.28,47.28,46.62,45.59,44.96,44.45,43.96,43.11,46.83,47.11,45.5,44.54,43.09,41.98,41.33,40.37,39.8,39.28,39.01,82.62,43.64,38.22,48.59,11.94,39.28,47.74,9.72,43.64,39.46,8.52,20.02,0.52,4.18,10.59
2017-07-14,47.6,47.8,47.85,47.4,4.07,0.94,0.4207,0.62,691729.0,33064300.34,47.06,46.51,47.26,47.31,46.72,45.68,45.03,44.51,44.02,43.17,46.89,47.26,45.92,44.86,43.37,42.2,41.51,40.58,39.97,39.4,39.15,87.66,43.66,38.22,48.59,11.94,39.28,47.74,9.72,43.66,39.56,9.48,20.83,1.14,4.1,10.36
2017-07-17,47.85,47.67,48.04,47.46,2.65,1.2,0.4751,0.84,779855.0,37176467.7,47.3,46.47,47.23,47.34,46.81,45.76,45.1,44.58,44.07,43.23,46.89,47.26,45.92,44.86,43.37,42.2,41.51,40.58,39.97,39.4,39.15,84.13,43.68,38.22,48.59,11.94,39.49,47.74,9.45,43.68,39.56,9.14,20.5,0.87,4.12,10.41
2017-07-18,47.65,48.27,48.4,47.53,3.8,1.83,0.4902,0.94,800392.0,38634921.84,47.66,46.52,47.2,47.37,46.91,45.85,45.17,44.65,44.13,43.29,46.89,47.26,45.92,44.86,43.37,42.2,41.51,40.58,39.97,39.4,39.15,91.96,43.71,38.22,48.59,11.94,39.49,47.74,9.45,43.71,39.56,10.43,22.02,2.14,4.15,10.49
2017-07-19,48.39,48.54,48.65,48.2,2.87,0.93,0.7511,1.43,1224540.0,59444682.03,47.93,46.66,47.19,47.41,47.0,45.94,45.24,44.72,44.18,43.35,46.89,47.26,45.92,44.86,43.37,42.2,41.51,40.58,39.97,39.4,39.15,93.59,43.75,38.22,48.59,11.94,39.49,47.74,9.45,43.75,39.56,10.96,22.71,2.72,4.19,10.59
2017-07-20,48.75,48.41,48.8,48.08,2.22,1.48,0.5769,1.06,933391.0,45183124.83,48.14,46.75,47.16,47.44,47.08,46.03,45.31,44.78,44.25,43.41,46.89,47.26,45.92,44.86,43.37,42.2,41.51,40.58,39.97,39.4,39.15,93.42,43.79,38.44,48.59,11.66,39.49,47.74,9.45,43.79,39.56,10.54,22.36,2.43,4.23,10.69
2017-07-21,48.11,48.65,48.66,48.01,1.77,1.35,0.7201,1.31,1164147.0,56631094.96,48.31,46.94,47.15,47.5,47.17,46.12,45.38,44.85,44.32,43.47,47.22,47.46,46.42,45.22,43.67,42.45,41.7,40.78,40.14,39.56,39.29,96.07,43.83,38.44,48.59,11.66,39.49,47.74,9.45,43.83,39.68,10.99,22.6,2.49,4.15,10.46
2017-07-24,48.61,49.02,49.31,48.54,2.82,1.58,1.3205,2.18,2137580.0,104777758.86,48.58,47.18,47.2,47.55,47.25,46.22,45.45,44.92,44.39,43.53,47.22,47.46,46.42,45.22,43.67,42.45,41.7,40.78,40.14,39.56,39.29,99.06,43.91,38.44,48.8,11.88,39.49,47.95,9.67,43.91,39.68,11.63,23.53,3.28,4.23,10.66
2017-07-25,47.69,47.54,47.98,47.27,-1.52,1.46,2.0538,2.66,3326468.0,158123656.38,48.43,47.35,47.21,47.57,47.29,46.3,45.51,44.98,44.46,43.58,47.22,47.46,46.42,45.22,43.67,42.45,41.7,40.78,40.14,39.56,39.29,80.25,43.99,38.44,48.8,11.88,39.7,47.95,9.41,43.99,39.68,8.06,19.8,0.15,4.31,10.86
2017-07-26,47.74,47.39,47.75,47.12,-2.38,1.32,0.8973,0.82,1443256.0,68395901.84,48.2,47.47,47.2,47.58,47.32,46.39,45.56,45.03,44.52,43.63,47.22,47.46,46.42,45.22,43.67,42.45,41.7,40.78,40.14,39.56,39.29,76.56,44.04,38.44,48.8,11.88,39.7,47.95,9.41,44.04,39.68,7.61,19.43,-0.15,4.36,10.99
2017-07-27,47.59,46.7,47.59,46.0,-3.52,3.35,1.9636,1.78,3212996.0,150061371.68,47.86,47.56,47.17,47.56,47.34,46.46,45.61,45.08,44.57,43.68,47.22,47.46,46.42,45.22,43.67,42.45,41.7,40.78,40.14,39.56,39.29,68.07,44.11,38.44,48.59,11.66,39.7,47.95,9.41,44.11,39.68,5.88,17.7,-1.6,4.43,11.16
2017-07-28,46.44,47.08,47.19,46.39,-3.23,1.72,0.7972,0.58,1301801.0,61284234.78,47.54,47.64,47.17,47.55,47.35,46.54,45.67,45.14,44.63,43.73,46.98,47.5,46.81,45.47,43.96,42.62,41.86,40.96,40.28,39.72,39.41,72.01,44.14,38.44,48.59,11.66,39.7,47.95,9.41,44.14,39.92,6.65,17.93,-0.89,4.22,10.57
2017-07-31,47.09,46.52,47.18,46.3,-5.08,1.86,1.1997,0.86,1970095.0,91658669.88,47.05,47.64,47.16,47.5,47.35,46.61,45.73,45.19,44.68,43.78,46.98,47.5,46.81,45.47,43.96,42.62,41.86,40.96,40.28,39.72,39.41,62.43,44.18,38.44,48.59,11.66,39.7,47.74,9.19,44.18,39.92,5.31,16.55,-2.05,4.26,10.67
2017-08-01,46.62,46.54,46.87,46.46,-2.09,0.88,0.5773,0.42,938585.0,43683153.78,46.85,47.65,47.11,47.46,47.35,46.68,45.79,45.23,44.74,43.82,46.98,47.5,46.81,45.47,43.96,42.62,41.86,40.96,40.28,39.72,39.41,62.1,44.2,38.44,48.59,11.66,39.92,47.74,8.93,44.2,39.92,5.3,16.59,-2.02,4.28,10.72
2017-08-02,46.43,46.52,46.63,45.83,-1.84,1.71,0.711,0.65,1154034.0,53685084.66,46.67,47.6,47.08,47.41,47.35,46.74,45.85,45.28,44.79,43.87,46.98,47.5,46.81,45.47,43.96,42.62,41.86,40.96,40.28,39.72,39.41,62.37,44.22,38.44,48.59,11.66,39.92,47.74,8.93,44.22,39.92,5.2,16.53,-2.06,4.3,10.77
2017-08-03,46.52,46.18,46.61,46.11,-1.12,1.07,0.4915,0.46,791198.0,36539501.64,46.57,47.52,47.02,47.36,47.34,46.8,45.91,45.33,44.83,43.92,46.98,47.5,46.81,45.47,43.96,42.62,41.86,40.96,40.28,39.72,39.41,53.39,44.24,38.44,48.59,11.66,39.92,47.74,8.93,44.24,39.92,4.39,15.69,-2.77,4.32,10.82
2017-08-04,46.34,46.4,46.52,46.15,-1.44,0.79,0.4751,0.62,761644.0,35338758.31,46.43,47.43,46.97,47.32,47.34,46.86,45.97,45.37,44.88,43.96,47.17,47.28,47.09,45.66,44.16,42.79,42.01,41.13,40.41,39.84,39.52,56.3,44.25,38.44,48.59,11.66,39.92,47.74,8.93,44.25,40.03,4.85,15.91,-1.87,4.22,10.54
2017-08-07,46.45,46.47,46.58,46.32,-0.12,0.56,0.4306,0.61,689149.0,32023375.73,46.42,47.35,46.91,47.27,47.34,46.92,46.02,45.42,44.92,44.02,47.17,47.28,47.09,45.66,44.16,42.79,42.01,41.13,40.41,39.84,39.52,56.0,44.26,38.44,48.59,11.66,39.92,47.74,8.93,44.26,40.03,4.99,16.08,-1.72,4.23,10.57
2017-08-08,46.35,46.34,46.79,46.28,-0.43,1.1,0.48,0.88,765969.0,35494620.48,46.38,47.22,46.87,47.2,47.33,46.97,46.08,45.46,44.97,44.06,47.17,47.28,47.09,45.66,44.16,42.79,42.01,41.13,40.41,39.84,39.52,55.69,44.28,38.44,48.59,11.66,39.92,47.74,8.93,44.28,40.03,4.65,15.76,-1.99,4.25,10.62
2017-08-09,46.03,46.14,46.3,45.86,-0.81,0.94,0.7463,1.43,1192081.0,55008577.74,46.31,47.06,46.86,47.14,47.32,47.01,46.13,45.5,45.01,44.11,47.17,47.28,47.09,45.66,44.16,42.79,42.01,41.13,40.41,39.84,39.52,52.65,44.29,38.44,48.59,11.66,39.92,47.74,8.93,44.29,40.03,4.19,15.28,-2.41,4.26,10.64
2017-08-10,45.88,45.36,45.96,45.31,-1.78,1.42,1.1318,2.17,1823967.0,82738791.05,46.14,46.86,46.8,47.06,47.29,47.04,46.17,45.53,45.04,44.15,47.17,47.28,47.09,45.66,44.16,42.79,42.01,41.13,40.41,39.84,39.52,42.99,44.31,38.44,48.59,11.66,39.92,47.74,8.93,44.31,40.03,2.37,13.32,-4.06,4.28,10.69
2017-08-11,45.38,45.72,45.89,45.28,-1.46,1.34,0.7579,1.15,1206782.0,55173469.65,46.01,46.66,46.8,46.99,47.29,47.07,46.21,45.56,45.08,44.18,47.13,46.98,47.12,45.91,44.34,42.98,42.16,41.32,40.54,39.95,39.61,48.74,44.33,38.44,48.59,11.66,39.92,47.74,8.93,44.33,40.12,3.13,13.96,-2.99,4.21,10.49
2017-08-14,46.13,46.13,46.23,45.91,-0.72,0.71,0.6723,0.94,1064530.0,49110494.76,45.94,46.47,46.82,46.95,47.28,47.1,46.26,45.6,45.11,44.22,47.13,46.98,47.12,45.91,44.34,42.98,42.16,41.32,40.54,39.95,39.61,53.88,44.34,38.44,48.59,11.66,39.92,47.74,8.93,44.34,40.12,4.04,14.99,-2.11,4.22,10.52
2017-08-15,46.21,46.11,46.33,45.99,-0.49,0.73,0.5609,0.73,883369.0,40733027.96,45.89,46.37,46.86,46.93,47.27,47.11,46.32,45.63,45.15,44.26,47.13,46.98,47.12,45.91,44.34,42.98,42.16,41.32,40.54,39.95,39.61,53.9,44.36,38.44,48.59,11.66,39.92,47.74,8.93,44.36,40.12,3.95,14.93,-2.16,4.24,10.57
2017-08-16,46.26,46.35,46.64,46.17,0.44,1.0,0.64,0.82,1006711.0,46659041.43,45.93,46.3,46.89,46.9,47.26,47.12,46.37,45.67,45.19,44.3,47.13,46.98,47.12,45.91,44.34,42.98,42.16,41.32,40.54,39.95,39.61,57.32,44.37,38.44,48.59,11.66,39.92,47.74,8.93,44.37,40.12,4.46,15.52,-1.65,4.25,10.59
2017-08-17,46.29,45.55,46.34,45.55,0.41,1.71,0.8119,1.07,1277238.0,58176913.66,45.97,46.23,46.89,46.86,47.23,47.11,46.42,45.7,45.23,44.33,47.13,46.98,47.12,45.91,44.34,42.98,42.16,41.32,40.54,39.95,39.61,43.99,44.38,38.44,48.59,11.66,39.92,47.74,8.93,44.38,40.12,2.63,13.53,-3.35,4.26,10.62
2017-08-18,45.52,45.53,45.76,45.36,-0.41,0.89,0.8507,1.23,1342689.0,61137329.58,45.94,46.13,46.88,46.82,47.19,47.1,46.47,45.73,45.26,44.37,46.67,46.78,47.06,46.11,44.51,43.18,42.3,41.51,40.64,40.09,39.7,43.88,44.4,38.44,48.59,11.66,39.92,47.74,8.93,44.4,40.22,2.55,13.21,-3.25,4.18,10.39
2017-08-21,45.5,45.33,45.65,45.17,-1.74,1.05,0.6023,0.85,943441.0,42769010.85,45.77,46.05,46.84,46.79,47.14,47.09,46.51,45.77,45.29,44.4,46.67,46.78,47.06,46.11,44.51,43.18,42.3,41.51,40.64,40.09,39.7,40.71,44.41,38.44,48.59,11.66,40.13,47.74,8.66,44.41,40.22,2.08,12.71,-3.68,4.19,10.42
2017-08-22,45.64,46.23,46.29,45.57,0.27,1.59,0.7455,1.07,1166737.0,53943501.83,45.8,46.03,46.84,46.75,47.1,47.09,46.57,45.82,45.33,44.44,46.67,46.78,47.06,46.11,44.51,43.18,42.3,41.51,40.64,40.09,39.7,54.62,44.42,38.44,48.59,11.66,40.13,47.74,8.66,44.42,40.22,4.08,14.95,-1.76,4.2,10.44
2017-08-23,46.1,46.35,46.5,45.97,0.0,1.14,0.6994,0.95,1090248.0,50532994.8,45.8,46.01,46.81,46.72,47.06,47.08,46.62,45.88,45.37,44.48,46.67,46.78,47.06,46.11,44.51,43.18,42.3,41.51,40.64,40.09,39.7,58.8,44.44,38.44,48.59,11.66,40.13,47.74,8.66,44.44,40.22,4.3,15.24,-1.52,4.22,10.49
2017-08-24,46.43,46.06,46.54,45.78,1.13,1.65,0.8253,1.09,1270306.0,58515375.58,45.9,46.01,46.76,46.68,47.02,47.07,46.67,45.92,45.41,44.52,46.67,46.78,47.06,46.11,44.51,43.18,42.3,41.51,40.64,40.09,39.7,54.35,44.46,38.44,48.59,11.66,40.13,47.74,8.66,44.46,40.22,3.61,14.53,-2.13,4.24,10.54
2017-08-25,46.17,45.79,46.28,45.78,0.57,1.09,0.687,0.91,1053376.0,48238827.23,45.96,45.97,46.7,46.64,46.98,47.06,46.71,45.97,45.45,44.55,46.1,46.66,47.01,46.34,44.67,43.37,42.45,41.69,40.78,40.24,39.78,46.8,44.47,38.44,48.59,11.66,40.13,47.74,8.66,44.47,40.31,2.98,13.61,-2.59,4.16,10.32
2017-08-28,45.8,45.69,45.96,45.59,0.79,0.81,0.7138,0.98,1086484.0,49641997.2,46.03,45.91,46.63,46.58,46.93,47.05,46.75,46.01,45.48,44.58,46.1,46.66,47.01,46.34,44.67,43.37,42.45,41.69,40.78,40.24,39.78,46.72,44.49,38.65,48.59,11.39,40.13,47.74,8.66,44.49,40.31,2.7,13.35,-2.81,4.18,10.37
2017-08-29,45.26,46.06,46.17,45.25,-0.37,2.01,0.7794,1.05,1185564.0,54612412.88,45.99,45.9,46.56,46.54,46.88,47.05,46.79,46.05,45.51,44.61,46.1,46.66,47.01,46.34,44.67,43.37,42.45,41.69,40.78,40.24,39.78,55.32,44.5,38.65,48.59,11.39,40.13,47.74,8.66,44.5,40.31,3.52,14.28,-2.01,4.19,10.39
2017-08-30,46.0,46.48,46.54,45.98,0.28,1.21,0.8603,1.14,1301225.0,60478986.16,46.02,45.92,46.49,46.55,46.84,47.04,46.83,46.1,45.55,44.65,46.1,46.66,47.01,46.34,44.67,43.37,42.45,41.69,40.78,40.24,39.78,67.21,44.53,38.65,48.59,11.39,40.13,47.74,8.66,44.53,40.31,4.38,15.3,-1.13,4.22,10.47
2017-08-31,46.59,46.97,47.1,46.59,1.96,1.1,1.0448,1.34,1582579.0,74328196.6,46.2,46.02,46.44,46.54,46.8,47.04,46.87,46.15,45.59,44.68,46.1,46.66,47.01,46.34,44.67,43.37,42.45,41.69,40.78,40.24,39.78,76.48,44.56,38.65,48.59,11.39,40.13,47.74,8.66,44.56,40.31,5.4,16.51,-0.09,4.25,10.54
2017-09-01,47.03,46.87,47.12,46.76,2.34,0.78,0.6291,0.76,947374.0,44400577.26,46.41,46.1,46.38,46.57,46.76,47.05,46.9,46.2,45.63,44.73,46.06,46.52,47.02,46.62,44.89,43.59,42.62,41.89,40.96,40.39,39.89,71.23,44.58,38.65,48.59,11.39,40.13,47.74,8.66,44.58,40.43,5.13,15.92,-0.33,4.15,10.26
2017-09-05,46.65,46.42,46.85,46.1,1.6,1.6,0.9151,1.1,1348292.0,62591085.37,46.56,46.12,46.29,46.59,46.75,47.05,46.93,46.24,45.66,44.77,46.06,46.52,47.02,46.62,44.89,43.59,42.62,41.89,40.96,40.39,39.89,58.3,44.6,38.65,48.59,11.39,40.34,47.74,8.4,44.6,40.43,4.09,14.82,-1.27,4.17,10.31
2017-09-06,46.51,46.39,46.55,45.96,0.71,1.25,1.0638,1.2,1527650.0,70868447.32,46.62,46.14,46.26,46.62,46.73,47.05,46.95,46.29,45.69,44.82,46.06,46.52,47.02,46.62,44.89,43.59,42.62,41.89,40.96,40.39,39.89,58.34,44.62,38.65,48.59,11.39,40.34,47.74,8.4,44.62,40.43,3.97,14.74,-1.34,4.19,10.36
2017-09-07,46.59,46.8,46.82,46.18,0.69,1.38,0.8524,0.9,1212743.0,56753340.54,46.69,46.17,46.24,46.65,46.72,47.04,46.96,46.34,45.73,44.86,46.06,46.52,47.02,46.62,44.89,43.59,42.62,41.89,40.96,40.39,39.89,72.04,44.65,38.65,48.59,11.39,40.34,47.74,8.4,44.65,40.43,4.81,15.75,-0.48,4.22,10.44
2017-09-08,46.82,46.32,46.85,46.24,-1.37,1.29,0.715,0.76,1011538.0,46859497.85,46.56,46.22,46.22,46.67,46.7,47.03,46.97,46.39,45.76,44.9,46.05,46.61,46.87,46.83,45.08,43.81,42.76,42.06,41.11,40.52,40.0,57.48,44.67,38.65,48.59,11.39,40.34,47.74,8.4,44.67,40.52,3.7,14.33,-1.16,4.15,10.24
2017-09-11,46.71,46.45,46.92,46.35,-0.88,1.24,0.904,1.05,1266991.0,58856799.91,46.48,46.28,46.2,46.68,46.69,47.01,46.97,46.44,45.8,44.95,46.05,46.61,46.87,46.83,45.08,43.81,42.76,42.06,41.11,40.52,40.0,56.88,44.69,38.65,48.59,11.39,40.34,47.74,8.4,44.69,40.52,3.95,14.64,-0.89,4.17,10.29
2017-09-12,46.63,46.6,46.67,46.19,0.39,1.04,0.8284,0.89,1134397.0,52866870.59,46.51,46.37,46.21,46.69,46.68,46.98,46.97,46.49,45.85,44.99,46.05,46.61,46.87,46.83,45.08,43.81,42.76,42.06,41.11,40.52,40.0,66.41,44.71,38.86,48.59,11.12,40.34,47.74,8.4,44.71,40.52,4.24,15.01,-0.57,4.19,10.34
2017-09-13,46.53,46.75,46.86,46.49,0.78,0.79,0.8094,0.9,1102631.0,51552961.09,46.59,46.4,46.21,46.69,46.66,46.96,46.97,46.55,45.89,45.03,46.05,46.61,46.87,46.83,45.08,43.81,42.76,42.06,41.11,40.52,40.0,72.9,44.73,38.86,48.59,11.12,40.34,47.53,8.18,44.73,40.52,4.53,15.39,-0.25,4.21,10.39
2017-09-14,46.56,46.26,46.64,46.2,-1.16,0.94,1.0226,1.22,1397644.0,64648722.04,46.48,46.4,46.2,46.67,46.64,46.93,46.97,46.59,45.94,45.07,46.05,46.61,46.87,46.83,45.08,43.81,42.76,42.06,41.11,40.52,40.0,49.61,44.76,38.86,48.59,11.12,40.55,47.53,7.92,44.76,40.52,3.34,14.15,-1.31,4.24,10.46
2017-09-15,46.23,46.01,46.32,45.82,-0.67,1.1,1.8044,2.12,2505430.0,115286108.74,46.42,46.39,46.2,46.64,46.61,46.9,46.96,46.63,45.98,45.11,46.11,46.62,46.69,46.87,45.23,43.97,42.91,42.21,41.26,40.66,40.09,44.15,44.79,38.86,48.59,11.12,40.55,47.53,7.92,44.79,40.67,2.73,13.14,-1.82,4.12,10.13
2017-09-18,46.0,45.75,46.1,45.53,-1.52,1.25,0.9372,0.88,1306922.0,59791681.5,46.28,46.39,46.18,46.59,46.57,46.86,46.95,46.66,46.02,45.14,46.11,46.62,46.69,46.87,45.23,43.97,42.91,42.21,41.26,40.66,40.09,40.42,44.8,38.86,48.59,11.12,40.55,47.53,7.92,44.8,40.67,2.12,12.49,-2.38,4.13,10.15
2017-09-19,45.87,46.09,46.12,45.63,-1.1,1.08,0.6764,0.63,936654.0,43170851.19,46.17,46.42,46.16,46.56,46.54,46.83,46.95,46.7,46.06,45.17,46.11,46.62,46.69,46.87,45.23,43.97,42.91,42.21,41.26,40.66,40.09,51.02,44.82,38.86,48.59,11.12,40.55,47.53,7.92,44.82,40.67,2.83,13.33,-1.65,4.15,10.2
2017-09-20,46.15,46.58,46.69,46.1,-0.38,1.29,1.2048,1.15,1669763.0,77775890.78,46.14,46.45,46.17,46.52,46.52,46.79,46.95,46.74,46.1,45.21,46.11,46.62,46.69,46.87,45.23,43.97,42.91,42.21,41.26,40.66,40.09,67.6,44.84,38.86,48.59,11.12,40.76,47.53,7.66,44.84,40.67,3.88,14.53,-0.61,4.17,10.25
2017-09-21,46.65,46.62,46.83,46.19,0.79,1.36,0.9459,0.83,1290607.0,60171324.86,46.21,46.46,46.19,46.48,46.52,46.76,46.94,46.78,46.14,45.24,46.11,46.62,46.69,46.87,45.23,43.97,42.91,42.21,41.26,40.66,40.09,67.42,44.87,38.86,48.59,11.12,40.76,47.53,7.66,44.87,40.67,3.91,14.64,-0.52,4.2,10.33
2017-09-22,46.39,46.43,46.74,46.32,0.9,0.88,0.7875,0.68,1052704.0,48873362.26,46.29,46.42,46.22,46.43,46.51,46.73,46.94,46.8,46.18,45.28,46.29,46.48,46.62,46.87,45.4,44.15,43.06,42.34,41.42,40.78,40.19,56.11,44.89,38.86,48.59,11.12,40.76,47.53,7.66,44.89,40.79,3.42,13.82,-0.95,4.1,10.05
2017-09-25,46.27,46.05,46.32,45.48,0.65,1.8,1.4143,1.48,1856822.0,85503867.87,46.35,46.37,46.24,46.38,46.52,46.69,46.94,46.83,46.22,45.31,46.29,46.48,46.62,46.87,45.4,44.15,43.06,42.34,41.42,40.78,40.19,49.84,44.91,38.86,48.59,11.12,40.97,47.53,7.41,44.91,40.79,2.54,12.89,-1.75,4.12,10.1
2017-09-26,46.19,46.24,46.54,46.06,0.33,1.05,1.2765,1.22,1666861.0,77080653.22,46.38,46.36,46.24,46.32,46.53,46.67,46.93,46.85,46.26,45.34,46.29,46.48,46.62,46.87,45.4,44.15,43.06,42.34,41.42,40.78,40.19,49.12,44.93,39.07,48.59,10.86,40.97,47.53,7.41,44.93,40.79,2.92,13.37,-1.34,4.14,10.15
2017-09-27,46.39,47.22,47.5,46.39,1.39,2.4,1.7034,1.49,2239441.0,105756481.5,46.51,46.41,46.28,46.31,46.57,46.67,46.94,46.87,46.31,45.38,46.29,46.48,46.62,46.87,45.4,44.15,43.06,42.34,41.42,40.78,40.19,81.99,44.97,39.07,48.59,10.86,40.97,47.53,7.41,44.97,40.79,5.01,15.77,0.76,4.18,10.25
2017-09-28,47.07,47.48,47.53,47.03,1.83,1.07,0.784,0.63,1020312.0,48439312.2,46.68,46.46,46.31,46.31,46.6,46.67,46.94,46.89,46.36,45.42,46.29,46.48,46.62,46.87,45.4,44.15,43.06,42.34,41.42,40.78,40.19,84.13,45.0,39.07,48.59,10.86,40.97,47.53,7.41,45.0,40.79,5.5,16.39,1.29,4.21,10.32
2017-09-29,47.6,47.96,47.99,47.58,3.29,0.87,1.2124,1.01,1580994.0,75817357.77,46.99,46.57,46.39,46.34,46.64,46.67,46.95,46.91,46.41,45.46,46.72,46.41,46.68,46.94,45.62,44.36,43.24,42.49,41.58,40.92,40.32,91.37,45.04,39.07,48.59,10.86,40.97,47.53,7.41,45.04,40.96,6.47,17.08,2.17,4.08,9.96
2017-10-02,48.0,47.66,48.13,47.39,3.51,1.53,0.9887,0.77,1283444.0,61173433.09,47.31,46.65,46.46,46.35,46.67,46.68,46.95,46.92,46.47,45.5,46.72,46.41,46.68,46.94,45.62,44.36,43.24,42.49,41.58,40.92,40.32,85.06,45.08,39.07,48.59,10.86,40.97,47.53,7.41,45.08,40.96,5.73,16.37,1.55,4.12,10.06
2017-10-03,47.7,47.89,47.9,47.46,3.56,0.93,0.687,0.57,888346.0,42542445.77,47.64,46.73,46.55,46.38,46.7,46.69,46.94,46.93,46.52,45.54,46.72,46.41,46.68,46.94,45.62,44.36,43.24,42.49,41.58,40.92,40.32,88.7,45.1,39.28,48.59,10.59,41.18,47.74,7.37,45.1,40.96,6.19,16.92,2.03,4.14,10.11
2017-10-04,47.85,47.58,48.02,47.53,0.76,1.01,0.7347,0.68,952391.0,45318573.34,47.71,46.79,46.59,46.4,46.71,46.69,46.93,46.95,46.58,45.59,46.72,46.41,46.68,46.94,45.62,44.36,43.24,42.49,41.58,40.92,40.32,83.88,45.13,39.28,48.59,10.59,41.18,47.74,7.37,45.13,40.96,5.44,16.17,1.38,4.17,10.18
2017-10-05,47.77,48.5,48.55,47.76,2.15,1.65,0.9351,1.06,1213816.0,58867648.37,47.92,46.94,46.67,46.45,46.74,46.7,46.93,46.96,46.63,45.63,46.72,46.41,46.68,46.94,45.62,44.36,43.24,42.49,41.58,40.92,40.32,94.84,45.16,39.28,48.59,10.59,41.18,47.74,7.37,45.16,40.96,7.39,18.4,3.33,4.2,10.25
2017-10-06,48.34,48.94,48.97,48.17,2.06,1.66,0.9012,0.99,1173882.0,57455067.55,48.12,47.13,46.76,46.51,46.76,46.71,46.94,46.98,46.69,45.68,47.13,46.6,46.72,47.05,45.84,44.62,43.42,42.65,41.76,41.07,40.48,97.71,45.2,39.28,48.59,10.59,41.18,47.74,7.37,45.2,41.11,8.28,19.06,3.84,4.09,9.95
2017-10-09,49.0,48.85,49.27,48.81,2.49,0.95,0.6826,0.81,891355.0,43542691.75,48.35,47.34,46.86,46.56,46.78,46.73,46.94,47.01,46.75,45.73,47.13,46.6,46.72,47.05,45.84,44.62,43.42,42.65,41.76,41.07,40.48,96.98,45.24,39.28,48.59,10.59,41.18,47.74,7.37,45.24,41.11,7.98,18.83,3.64,4.13,10.05
2017-10-10,49.0,48.63,49.08,48.3,1.55,1.59,0.7398,0.95,968362.0,47091444.06,48.5,47.51,46.96,46.61,46.8,46.73,46.94,47.03,46.8,45.78,47.13,46.6,46.72,47.05,45.84,44.62,43.42,42.65,41.76,41.07,40.48,95.25,45.27,39.28,48.59,10.59,41.18,47.74,7.37,45.27,41.11,7.42,18.29,3.18,4.16,10.12
2017-10-11,48.69,49.46,49.54,48.61,3.95,1.9,1.279,1.63,1693274.0,83753565.22,48.88,47.7,47.08,46.68,46.82,46.76,46.94,47.05,46.86,45.83,47.13,46.6,46.72,47.05,45.84,44.62,43.42,42.65,41.76,41.07,40.48,100.0,45.33,39.28,48.8,10.8,41.18,47.95,7.59,45.33,41.11,9.12,20.32,4.94,4.22,10.27
2017-10-12,49.37,49.39,49.71,49.25,1.84,0.92,0.9534,1.06,1262793.0,62371240.46,49.06,47.89,47.17,46.75,46.83,46.8,46.95,47.08,46.92,45.88,47.13,46.6,46.72,47.05,45.84,44.62,43.42,42.65,41.76,41.07,40.48,98.41,45.37,39.49,49.01,10.75,41.18,47.95,7.59,45.37,41.11,8.86,20.14,4.79,4.26,10.36
2017-10-13,49.6,49.48,49.86,49.45,1.1,0.83,0.8806,0.98,1169777.0,57885245.07,49.16,48.09,47.26,46.85,46.85,46.83,46.95,47.1,46.97,45.92,47.76,46.91,46.99,47.09,46.07,44.85,43.61,42.83,41.96,41.22,40.63,98.85,45.42,39.49,49.01,10.75,41.18,47.95,7.59,45.42,41.27,8.95,19.9,3.6,4.15,10.06
2017-10-16,49.6,49.6,49.7,49.2,1.54,1.0,0.6876,0.76,910543.0,45162932.8,49.31,48.33,47.35,46.93,46.86,46.88,46.96,47.14,47.02,45.97,47.76,46.91,46.99,47.09,46.07,44.85,43.61,42.83,41.96,41.22,40.63,98.51,45.46,39.49,49.01,10.75,41.4,48.16,7.56,45.46,41.27,9.11,20.18,3.84,4.19,10.15
2017-10-17,49.51,49.61,49.82,49.43,2.01,0.79,0.9848,1.07,1290186.0,64004837.27,49.51,48.55,47.45,47.01,46.87,46.93,46.98,47.16,47.06,46.02,47.76,46.91,46.99,47.09,46.07,44.85,43.61,42.83,41.96,41.22,40.63,97.47,45.51,39.49,49.22,10.97,41.4,48.16,7.56,45.51,41.27,9.01,20.21,3.86,4.24,10.27
2017-10-18,49.59,49.64,49.84,49.35,0.36,0.98,0.8312,0.84,1057581.0,52498849.63,49.54,48.71,47.56,47.09,46.91,47.0,47.01,47.19,47.1,46.07,47.76,46.91,46.99,47.09,46.07,44.85,43.61,42.83,41.96,41.22,40.63,96.79,45.55,39.49,49.43,11.18,41.4,48.37,7.77,45.55,41.27,8.98,20.28,3.93,4.28,10.37
2017-10-19,49.3,49.22,49.44,48.92,-0.34,1.06,1.0342,1.15,1313575.0,64657445.44,49.51,48.83,47.64,47.15,46.94,47.05,47.03,47.21,47.13,46.11,47.76,46.91,46.99,47.09,46.07,44.85,43.61,42.83,41.96,41.22,40.63,94.87,45.6,39.49,49.43,11.18,41.4,48.37,7.77,45.6,41.27,7.94,19.27,3.05,4.33,10.49
2017-10-20,49.47,49.41,49.55,49.23,-0.15,0.65,0.957,1.03,1183186.0,58461220.26,49.5,48.93,47.75,47.24,46.99,47.1,47.05,47.23,47.16,46.16,48.44,47.28,47.23,47.13,46.36,45.07,43.84,43.01,42.17,41.38,40.76,93.87,45.64,39.49,49.43,11.18,41.4,48.37,7.77,45.64,41.44,8.26,19.23,1.99,4.2,10.14
2017-10-23,49.48,48.42,49.48,48.31,-2.37,2.37,1.193,1.28,1478448.0,71590148.28,49.26,48.98,47.81,47.3,47.01,47.13,47.06,47.24,47.18,46.2,48.44,47.28,47.23,47.13,46.36,45.07,43.84,43.01,42.17,41.38,40.76,84.39,45.69,39.49,49.43,11.18,41.4,48.59,7.99,45.69,41.44,5.98,16.85,-0.04,4.25,10.26
2017-10-24,48.5,48.53,48.61,48.05,-2.18,1.16,0.9882,0.96,1212153.0,58822148.63,49.04,49.02,47.88,47.37,47.04,47.16,47.08,47.24,47.19,46.25,48.44,47.28,47.23,47.13,46.36,45.07,43.84,43.01,42.17,41.38,40.76,84.27,45.72,39.49,49.43,11.18,41.4,48.59,7.99,45.72,41.44,6.14,17.1,0.17,4.28,10.33
2017-10-25,48.42,48.67,48.8,48.03,-1.96,1.6,0.9838,0.97,1211262.0,58947882.12,48.85,49.09,47.94,47.43,47.08,47.19,47.09,47.24,47.21,46.3,48.44,47.28,47.23,47.13,46.36,45.07,43.84,43.01,42.17,41.38,40.76,87.32,45.76,39.49,49.43,11.18,41.4,48.59,7.99,45.76,41.44,6.35,17.44,0.46,4.32,10.42
2017-10-26,49.0,48.63,49.38,48.61,-1.21,1.58,1.639,1.6,2042149.0,99305621.57,48.73,49.1,48.02,47.48,47.11,47.21,47.1,47.24,47.23,46.36,48.44,47.28,47.23,47.13,46.36,45.07,43.84,43.01,42.17,41.38,40.76,85.72,45.84,39.7,49.43,10.91,41.61,48.59,7.74,45.84,41.44,6.08,17.35,0.38,4.4,10.62
2017-10-27,50.46,50.96,52.42,50.41,3.14,4.13,3.9182,3.63,5167689.0,263363518.35,49.04,49.23,48.18,47.59,47.19,47.26,47.13,47.26,47.27,46.42,49.35,47.82,47.44,47.3,46.68,45.34,44.1,43.22,42.41,41.54,40.95,97.15,46.08,39.7,49.64,11.12,41.61,49.01,8.17,46.08,41.7,10.6,22.21,3.27,4.38,10.5
2017-10-30,50.7,50.86,51.25,50.38,5.02,1.71,1.5549,0.94,2085062.0,106036870.54,49.53,49.37,48.35,47.7,47.27,47.3,47.17,47.29,47.3,46.49,49.35,47.82,47.44,47.3,46.68,45.34,44.1,43.22,42.41,41.54,40.95,95.44,46.17,39.7,50.7,12.16,41.61,49.01,8.17,46.17,41.7,10.15,21.96,3.05,4.47,10.72
2017-10-31,50.76,50.83,51.2,50.52,4.75,1.34,0.985,0.57,1331391.0,67677267.31,49.99,49.51,48.51,47.81,47.34,47.34,47.2,47.31,47.34,46.55,49.35,47.82,47.44,47.3,46.68,45.34,44.1,43.22,42.41,41.54,40.95,94.81,46.23,39.92,50.91,12.11,41.61,49.01,8.17,46.23,41.7,9.95,21.9,3.0,4.53,10.86
2017-11-01,50.86,51.28,51.48,50.85,5.36,1.25,1.0086,0.58,1373444.0,70423341.1,50.51,49.64,48.67,47.93,47.42,47.38,47.24,47.33,47.38,46.61,49.35,47.82,47.44,47.3,46.68,45.34,44.1,43.22,42.41,41.54,40.95,97.5,46.3,39.92,50.91,12.11,41.61,49.22,8.38,46.3,41.7,10.75,22.96,3.9,4.6,11.03
2017-11-02,51.09,51.28,51.4,50.65,5.45,1.47,0.7716,0.44,1048970.0,53790132.63,51.04,49.76,48.82,48.04,47.51,47.42,47.29,47.35,47.41,46.68,49.35,47.82,47.44,47.3,46.68,45.34,44.1,43.22,42.41,41.54,40.95,97.26,46.35,39.92,50.91,12.11,41.82,49.22,8.13,46.35,41.7,10.63,22.97,3.91,4.65,11.15
2017-11-03,51.11,51.62,51.63,51.02,1.3,1.19,0.7991,0.49,1076350.0,55565492.4,51.17,49.9,49.0,48.14,47.61,47.46,47.34,47.38,47.45,46.74,50.09,48.4,47.64,47.53,47.03,45.6,44.38,43.45,42.65,41.74,41.15,99.19,46.4,39.92,51.12,12.31,41.82,49.22,8.13,46.4,41.92,11.26,23.15,3.07,4.48,10.69
2017-11-06,51.45,51.3,51.74,51.25,0.86,0.96,0.8362,0.81,1125185.0,57716364.58,51.26,50.02,49.17,48.24,47.7,47.49,47.4,47.4,47.5,46.81,50.09,48.4,47.64,47.53,47.03,45.6,44.38,43.45,42.65,41.74,41.15,95.62,46.45,39.92,51.12,12.31,41.82,49.43,8.34,46.45,41.92,10.43,22.36,2.42,4.53,10.81
2017-11-07,51.36,51.67,51.7,51.26,1.64,0.86,0.8262,0.93,1112331.0,57470249.61,51.43,50.15,49.35,48.35,47.8,47.53,47.47,47.44,47.54,46.88,50.09,48.4,47.64,47.53,47.03,45.6,44.38,43.45,42.65,41.74,41.15,99.21,46.51,40.13,51.33,12.25,42.03,49.43,8.09,46.51,41.92,11.09,23.25,3.16,4.59,10.95
2017-11-08,51.53,51.99,52.18,51.42,1.4,1.46,0.8066,0.95,1088716.0,56605066.63,51.57,50.31,49.51,48.48,47.89,47.59,47.55,47.48,47.58,46.95,50.09,48.4,47.64,47.53,47.03,45.6,44.38,43.45,42.65,41.74,41.15,99.85,46.58,40.13,51.33,12.25,42.03,49.43,8.09,46.58,41.92,11.62,24.03,3.81,4.66,11.12
2017-11-09,51.7,51.56,51.7,50.98,0.55,1.38,0.9198,1.14,1245246.0,64208619.5,51.63,50.47,49.65,48.58,47.98,47.65,47.62,47.52,47.62,47.02,50.09,48.4,47.64,47.53,47.03,45.6,44.38,43.45,42.65,41.74,41.15,98.45,46.64,40.13,51.33,12.25,42.03,49.64,8.3,46.64,41.92,10.56,23.0,2.95,4.72,11.26
2017-11-10,51.32,51.4,51.54,51.26,-0.43,0.53,0.536,0.64,720676.0,37045268.77,51.58,50.6,49.76,48.7,48.08,47.71,47.68,47.56,47.65,47.08,50.58,48.86,47.92,47.69,47.37,45.88,44.64,43.66,42.88,41.95,41.33,95.86,46.69,40.34,51.33,12.0,42.03,49.64,8.3,46.69,42.1,10.1,22.1,1.63,4.59,10.9
2017-11-13,51.17,51.29,51.58,51.13,-0.01,0.88,0.6626,0.84,885779.0,45429390.46,51.58,50.79,49.88,48.8,48.17,47.76,47.74,47.6,47.68,47.15,50.58,48.86,47.92,47.69,47.37,45.88,44.64,43.66,42.88,41.95,41.33,91.84,46.74,40.34,51.33,12.0,42.24,49.64,8.06,46.74,42.1,9.73,21.82,1.4,4.64,11.02
2017-11-14,51.13,51.3,51.34,50.71,-0.71,1.23,0.7174,0.95,959222.0,49208088.6,51.51,50.98,50.0,48.91,48.27,47.83,47.8,47.64,47.71,47.22,50.58,48.86,47.92,47.69,47.37,45.88,44.64,43.66,42.88,41.95,41.33,91.8,46.78,40.34,51.33,12.0,42.24,49.64,8.06,46.78,42.1,9.66,21.85,1.43,4.68,11.12
2017-11-15,50.96,51.05,51.2,50.77,-1.82,0.85,0.6412,0.87,853992.0,43592448.64,51.32,51.13,50.11,49.0,48.35,47.89,47.85,47.67,47.73,47.28,50.58,48.86,47.92,47.69,47.37,45.88,44.64,43.66,42.88,41.95,41.33,88.96,46.81,40.34,51.33,12.0,42.45,50.7,8.85,46.81,42.1,9.05,21.25,0.93,4.71,11.19
2017-11-16,51.13,51.62,51.8,51.13,0.12,1.31,0.8477,1.21,1129688.0,58320143.0,51.33,51.33,50.22,49.12,48.44,47.96,47.9,47.71,47.75,47.35,50.58,48.86,47.92,47.69,47.37,45.88,44.64,43.66,42.88,41.95,41.33,98.36,46.87,40.34,51.33,12.0,42.45,50.7,8.85,46.87,42.1,10.15,22.62,2.07,4.77,11.33
2017-11-17,51.7,50.95,51.72,50.89,-0.87,1.61,1.0467,1.54,1397064.0,71186697.59,51.24,51.33,50.28,49.23,48.52,48.02,47.94,47.73,47.77,47.41,50.87,49.32,48.23,47.96,47.66,46.14,44.91,43.86,43.1,42.14,41.5,87.33,46.92,40.34,51.33,12.0,42.45,50.91,9.06,46.92,42.26,8.6,20.57,0.16,4.66,11.03
2017-11-20,51.01,50.92,51.13,50.88,-0.72,0.5,0.7153,0.91,953470.0,48549738.93,51.17,51.34,50.35,49.35,48.61,48.08,47.97,47.76,47.79,47.47,50.87,49.32,48.23,47.96,47.66,46.14,44.91,43.86,43.1,42.14,41.5,87.39,46.96,40.34,51.33,12.0,42.88,50.91,8.57,46.96,42.26,8.43,20.49,0.09,4.7,11.12
2017-11-21,51.17,51.72,51.76,51.13,0.83,1.22,0.8228,1.04,1096999.0,56741724.78,51.25,51.4,50.46,49.47,48.71,48.15,48.02,47.8,47.82,47.53,50.87,49.32,48.23,47.96,47.66,46.14,44.91,43.86,43.1,42.14,41.5,98.4,47.01,40.55,51.55,11.94,43.3,50.91,8.08,47.01,42.26,10.03,22.4,1.68,4.75,11.24
2017-11-22,51.75,51.8,51.99,51.57,1.47,0.8,0.5633,0.69,746878.0,38686786.64,51.4,51.43,50.53,49.59,48.8,48.22,48.06,47.84,47.84,47.6,50.87,49.32,48.23,47.96,47.66,46.14,44.91,43.86,43.1,42.14,41.5,99.11,47.04,40.55,51.55,11.94,43.51,50.91,7.84,47.04,42.26,10.11,22.57,1.82,4.78,11.31
2017-11-24,51.79,52.03,52.16,51.75,0.79,0.79,0.4089,0.5,536996.0,27940170.38,51.49,51.48,50.62,49.71,48.9,48.3,48.09,47.89,47.87,47.66,51.4,49.92,48.65,48.27,47.88,46.41,45.16,44.07,43.31,42.34,41.68,99.86,47.08,40.55,51.55,11.94,43.51,50.91,7.84,47.08,42.37,10.52,22.8,1.24,4.71,11.12
2017-11-27,52.0,52.71,52.77,51.92,3.45,1.64,0.9995,1.38,1307881.0,68939061.45,51.84,51.55,50.73,49.85,48.99,48.4,48.14,47.94,47.9,47.72,51.4,49.92,48.65,48.27,47.88,46.41,45.16,44.07,43.31,42.34,41.68,100.0,47.14,40.76,51.55,11.68,43.72,51.12,7.8,47.14,42.37,11.82,24.41,2.56,4.77,11.26
2017-11-28,52.75,52.37,53.12,52.0,2.85,2.12,1.0819,1.53,1424394.0,74596225.98,52.13,51.63,50.82,49.99,49.08,48.49,48.18,48.01,47.92,47.78,51.4,49.92,48.65,48.27,47.88,46.41,45.16,44.07,43.31,42.34,41.68,98.16,47.22,40.76,51.55,11.68,44.78,51.12,6.62,47.22,42.37,10.91,23.6,1.9,4.85,11.45
2017-11-29,52.13,51.08,52.2,50.78,-1.24,2.71,1.8422,2.41,2459426.0,125634858.36,52.0,51.59,50.87,50.1,49.16,48.55,48.21,48.06,47.95,47.83,51.4,49.92,48.65,48.27,47.88,46.41,45.16,44.07,43.31,42.34,41.68,82.2,47.32,40.76,51.76,11.89,45.2,51.12,6.15,47.32,42.37,7.95,20.56,-0.61,4.95,11.68
2017-11-30,51.12,51.07,51.42,50.75,-1.4,1.32,1.2882,1.33,1724031.0,88047125.19,51.85,51.53,50.92,50.18,49.24,48.62,48.25,48.12,47.99,47.86,51.4,49.92,48.65,48.27,47.88,46.41,45.16,44.07,43.31,42.34,41.68,81.46,47.38,40.97,51.76,11.63,45.41,51.12,5.91,47.38,42.37,7.79,20.53,-0.63,5.01,11.82
2017-12-01,50.79,50.51,51.12,50.1,-2.93,2.0,1.4146,1.28,1909566.0,96449314.31,51.55,51.46,50.96,50.25,49.3,48.68,48.28,48.16,48.01,47.9,51.3,50.33,48.98,48.4,48.02,46.63,45.38,44.27,43.48,42.53,41.84,75.86,47.44,40.97,51.76,11.63,45.41,51.12,5.91,47.44,42.65,6.47,18.43,-1.55,4.79,11.23
2017-12-04,50.63,49.93,50.8,49.78,-5.27,2.03,1.3968,1.08,1906439.0,95196125.03,50.99,51.36,50.98,50.29,49.36,48.73,48.32,48.21,48.03,47.92,51.3,50.33,48.98,48.4,48.02,46.63,45.38,44.27,43.48,42.53,41.84,73.85,47.49,40.97,51.55,11.43,45.41,51.12,5.91,47.49,42.65,5.15,17.08,-2.67,4.84,11.35
2017-12-05,49.8,50.26,51.03,49.41,-4.03,3.24,1.5,1.1,2067318.0,103898234.38,50.57,51.29,51.04,50.35,49.43,48.8,48.35,48.25,48.06,47.95,51.3,50.33,48.98,48.4,48.02,46.63,45.38,44.27,43.48,42.53,41.84,73.81,47.54,40.97,51.55,11.43,45.41,51.12,5.91,47.54,42.65,5.72,17.84,-2.04,4.89,11.47
2017-12-06,50.08,50.92,51.25,50.06,-0.32,2.37,0.9214,0.63,1271964.0,64767134.92,50.54,51.26,51.12,50.42,49.5,48.87,48.4,48.29,48.09,47.98,51.3,50.33,48.98,48.4,48.02,46.63,45.38,44.27,43.48,42.53,41.84,82.31,47.58,40.97,51.55,11.43,45.41,51.12,5.91,47.58,42.65,7.02,19.39,-0.75,4.93,11.56
2017-12-07,51.02,51.55,51.71,50.9,0.93,1.59,1.0518,0.82,1458242.0,75167271.25,50.63,51.3,51.22,50.51,49.58,48.94,48.46,48.34,48.12,48.01,51.3,50.33,48.98,48.4,48.02,46.63,45.38,44.27,43.48,42.53,41.84,95.23,47.64,40.97,51.55,11.43,45.41,51.12,5.91,47.64,42.65,8.2,20.86,0.47,4.99,11.7
2017-12-08,51.87,51.85,52.1,51.63,2.66,0.92,0.9322,0.75,1290774.0,66929858.84,50.9,51.31,51.32,50.58,49.67,49.02,48.52,48.38,48.16,48.05,51.35,50.72,49.38,48.56,48.2,46.89,45.63,44.49,43.66,42.72,42.01,96.18,47.69,41.18,51.76,11.38,45.41,51.33,6.12,47.69,42.86,8.73,20.98,0.98,4.83,11.27
2017-12-11,51.78,52.06,52.19,51.6,4.25,1.13,0.8753,0.75,1192838.0,62093182.09,51.33,51.39,51.36,50.65,49.77,49.1,48.58,48.43,48.19,48.08,51.35,50.72,49.38,48.56,48.2,46.89,45.63,44.49,43.66,42.72,42.01,97.82,47.74,41.18,51.76,11.38,45.63,51.33,5.89,47.74,42.86,9.04,21.45,1.37,4.88,11.39
2017-12-12,51.98,52.02,52.52,51.68,3.51,1.6,0.9393,0.88,1279659.0,66572979.82,51.68,51.46,51.4,50.72,49.88,49.18,48.64,48.47,48.22,48.12,51.35,50.72,49.38,48.56,48.2,46.89,45.63,44.49,43.66,42.72,42.01,97.35,47.79,41.18,51.97,11.58,45.63,51.33,5.89,47.79,42.86,8.86,21.38,1.31,4.93,11.5
2017-12-13,52.31,52.03,52.33,51.92,2.18,0.8,0.9376,0.99,1282677.0,66738325.65,51.9,51.48,51.44,50.8,49.97,49.26,48.7,48.51,48.26,48.16,51.35,50.72,49.38,48.56,48.2,46.89,45.63,44.49,43.66,42.72,42.01,96.84,47.84,41.18,51.97,11.58,45.63,51.33,5.89,47.84,42.86,8.76,21.4,1.33,4.98,11.62
2017-12-14,52.25,52.46,52.92,52.16,1.77,1.48,1.141,1.2,1558835.0,81772587.01,52.08,51.52,51.48,50.86,50.07,49.35,48.77,48.55,48.3,48.2,51.35,50.72,49.38,48.56,48.2,46.89,45.63,44.49,43.66,42.72,42.01,98.45,47.91,41.18,51.97,11.58,45.63,51.33,5.89,47.91,42.86,9.49,22.39,2.16,5.05,11.78
2017-12-15,52.73,53.21,53.38,52.48,2.62,1.73,2.3411,2.48,3275931.0,174310650.54,52.36,51.6,51.54,50.95,50.18,49.44,48.85,48.6,48.35,48.24,51.71,51.14,49.81,48.87,48.41,47.17,45.92,44.71,43.86,42.94,42.19,99.04,48.05,41.18,52.39,11.98,45.63,51.55,6.09,48.05,43.14,10.74,23.34,2.9,4.91,11.38
2017-12-18,53.3,53.86,53.92,53.1,3.46,1.55,1.1043,0.9,1554552.0,83723507.06,52.72,51.68,51.62,51.05,50.31,49.53,48.95,48.65,48.41,48.28,51.71,51.14,49.81,48.87,48.41,47.17,45.92,44.71,43.86,42.94,42.19,99.57,48.12,41.18,52.6,12.18,45.63,51.55,6.09,48.12,43.14,11.92,24.84,4.15,4.98,11.54
2017-12-19,53.76,53.53,53.84,53.18,2.9,1.23,0.9569,0.75,1338725.0,71667304.15,53.02,51.76,51.69,51.13,50.43,49.62,49.03,48.69,48.47,48.33,51.71,51.14,49.81,48.87,48.41,47.17,45.92,44.71,43.86,42.94,42.19,98.76,48.18,41.4,52.6,11.92,45.63,51.55,6.09,48.18,43.14,11.11,24.09,3.53,5.04,11.68
2017-12-20,53.59,53.25,53.67,53.08,2.34,1.11,0.9111,0.7,1268582.0,67548820.04,53.26,51.9,51.74,51.21,50.55,49.71,49.11,48.73,48.54,48.38,51.71,51.14,49.81,48.87,48.41,47.17,45.92,44.71,43.86,42.94,42.19,97.63,48.24,41.4,53.03,12.32,45.63,51.55,6.09,48.24,43.14,10.38,23.43,2.97,5.1,11.82
2017-12-21,53.25,53.18,53.47,53.09,1.38,0.71,0.7259,0.55,995703.0,52952979.09,53.41,52.04,51.78,51.29,50.65,49.8,49.19,48.79,48.61,48.42,51.71,51.14,49.81,48.87,48.41,47.17,45.92,44.71,43.86,42.94,42.19,95.09,48.28,41.4,53.03,12.32,45.63,51.76,6.3,48.28,43.14,10.15,23.28,2.84,5.14,11.91
2017-12-22,53.06,53.01,53.21,52.97,-0.38,0.45,0.5523,0.45,755095.0,40024565.57,53.37,52.21,51.83,51.38,50.74,49.88,49.26,48.84,48.67,48.46,52.12,51.5,50.25,49.2,48.56,47.43,46.18,44.93,44.07,43.15,42.36,93.64,48.31,41.4,53.03,12.32,45.63,51.76,6.3,48.31,43.34,9.72,22.3,1.7,4.97,11.47
2017-12-26,52.9,52.84,53.01,52.51,-1.89,0.94,0.5624,0.64,761237.0,40221479.37,53.16,52.4,51.88,51.45,50.82,49.97,49.35,48.9,48.73,48.5,52.12,51.5,50.25,49.2,48.56,47.43,46.18,44.93,44.07,43.15,42.36,93.67,48.34,41.4,53.03,12.32,45.84,51.76,6.07,48.34,43.34,9.3,21.91,1.37,5.0,11.54
2017-12-27,52.87,52.47,52.92,52.4,-1.99,0.98,0.9398,1.24,1271911.0,66735262.3,52.95,52.55,51.92,51.54,50.9,50.05,49.42,48.95,48.79,48.53,52.12,51.5,50.25,49.2,48.56,47.43,46.18,44.93,44.07,43.15,42.36,90.02,48.39,41.4,53.03,12.32,45.84,51.97,6.27,48.39,43.34,8.43,21.06,0.67,5.05,11.65
2017-12-28,52.58,52.41,52.74,52.24,-1.58,0.95,0.6189,0.83,837121.0,43871000.25,52.78,52.65,51.96,51.63,50.98,50.13,49.5,49.01,48.84,48.56,52.12,51.5,50.25,49.2,48.56,47.43,46.18,44.93,44.07,43.15,42.36,89.87,48.43,41.4,53.03,12.32,45.84,51.97,6.27,48.43,43.34,8.21,20.92,0.55,5.09,11.74
2017-12-29,52.34,52.32,52.48,52.24,-1.62,0.46,0.6567,0.96,887511.0,46434575.52,52.61,52.7,52.0,51.71,51.06,50.2,49.57,49.06,48.89,48.58,52.18,51.79,50.67,49.53,48.68,47.72,46.41,45.16,44.27,43.37,42.53,87.52,48.47,41.4,53.03,12.32,45.84,51.97,6.27,48.47,43.46,7.94,20.39,0.27,5.01,11.53
2018-01-02,52.42,53.25,53.35,52.26,0.46,2.07,0.9155,1.37,1237564.0,65900283.0,52.66,52.79,52.05,51.81,51.13,50.29,49.65,49.13,48.94,48.61,52.18,51.79,50.67,49.53,48.68,47.72,46.41,45.16,44.27,43.37,42.53,97.7,48.52,41.4,53.24,12.51,45.84,51.97,6.27,48.52,43.46,9.75,22.53,2.05,5.06,11.64
2018-01-03,53.22,54.12,54.31,53.16,2.44,2.17,1.0546,1.43,1430170.0,77406521.08,52.91,52.93,52.16,51.88,51.22,50.4,49.73,49.2,48.99,48.65,52.18,51.79,50.67,49.53,48.68,47.72,46.41,45.16,44.27,43.37,42.53,99.96,48.58,41.4,53.24,12.51,45.84,52.18,6.47,48.58,43.46,11.41,24.54,3.73,5.12,11.78
2018-01-04,54.4,54.32,54.68,54.2,3.53,0.88,0.7398,0.89,1004605.0,54570143.6,53.28,53.08,52.27,51.96,51.31,50.52,49.83,49.28,49.05,48.69,52.18,51.79,50.67,49.53,48.68,47.72,46.41,45.16,44.27,43.37,42.53,99.7,48.64,41.4,53.24,12.51,45.84,52.39,6.67,48.64,43.46,11.68,24.99,4.1,5.18,11.92
2018-01-05,54.7,55.11,55.21,54.6,5.16,1.13,0.9383,1.19,1279123.0,70494387.21,53.83,53.29,52.38,52.06,51.42,50.64,49.93,49.36,49.11,48.73,53.1,52.2,51.25,50.01,48.93,48.06,46.71,45.45,44.5,43.64,42.73,99.54,48.71,41.4,53.45,12.71,45.84,52.39,6.67,48.71,43.63,13.14,26.32,3.79,5.08,11.64
2018-01-08,55.11,55.35,55.56,55.08,5.79,0.88,0.7746,0.9,1047603.0,57981683.24,54.43,53.48,52.5,52.15,51.52,50.75,50.04,49.45,49.17,48.77,53.1,52.2,51.25,50.01,48.93,48.06,46.71,45.45,44.5,43.64,42.73,99.31,48.77,41.4,53.45,12.71,45.84,52.39,6.67,48.77,43.63,13.49,26.86,4.23,5.14,11.78
2018-01-09,55.47,55.31,55.53,55.06,3.87,0.84,0.6703,0.75,902541.0,49922250.33,54.84,53.62,52.61,52.24,51.62,50.87,50.14,49.53,49.22,48.82,53.1,52.2,51.25,50.01,48.93,48.06,46.71,45.45,44.5,43.64,42.73,98.79,48.82,41.61,53.66,12.65,45.84,52.39,6.67,48.82,43.63,13.3,26.78,4.17,5.19,11.9
2018-01-10,54.86,55.13,55.23,54.81,1.86,0.77,0.7757,0.92,1042793.0,57489699.49,55.04,53.71,52.69,52.31,51.71,50.99,50.23,49.63,49.28,48.86,53.1,52.2,51.25,50.01,48.93,48.06,46.71,45.45,44.5,43.64,42.73,97.4,48.88,41.61,53.87,12.85,45.84,52.6,6.87,48.88,43.63,12.79,26.36,3.82,5.25,12.03
2018-01-11,55.32,55.28,55.33,54.98,1.76,0.63,0.7271,0.93,978292.0,54076068.59,55.24,53.82,52.79,52.4,51.81,51.11,50.32,49.72,49.33,48.9,53.1,52.2,51.25,50.01,48.93,48.06,46.71,45.45,44.5,43.64,42.73,98.81,48.94,41.61,54.08,13.04,45.84,52.6,6.87,48.94,43.63,12.95,26.69,4.1,5.31,12.17
2018-01-12,55.12,56.11,56.21,55.06,1.82,2.09,1.272,1.64,1720533.0,96544268.23,55.44,54.01,52.96,52.5,51.91,51.24,50.43,49.81,49.39,48.95,53.95,52.65,51.8,50.53,49.24,48.43,47.01,45.76,44.76,43.9,42.95,99.92,49.04,41.61,54.93,13.8,46.05,52.82,6.84,49.04,43.86,14.42,27.94,4.01,5.18,11.81
2018-01-16,56.63,56.09,57.0,55.89,1.34,1.97,1.1572,1.38,1575261.0,88353238.97,55.58,54.21,53.12,52.59,52.02,51.36,50.53,49.91,49.47,49.01,53.95,52.65,51.8,50.53,49.24,48.43,47.01,45.76,44.76,43.9,42.95,98.89,49.14,41.61,55.14,13.99,46.05,52.82,6.84,49.14,43.86,14.14,27.88,3.96,5.28,12.04
2018-01-17,56.31,56.6,56.63,55.85,2.32,1.39,0.8847,0.97,1202639.0,68068164.76,55.84,54.45,53.33,52.7,52.14,51.48,50.64,50.0,49.54,49.07,53.95,52.65,51.8,50.53,49.24,48.43,47.01,45.76,44.76,43.9,42.95,99.56,49.21,41.61,55.14,13.99,46.05,53.03,7.04,49.21,43.86,15.02,29.04,4.91,5.35,12.2
2018-01-18,56.57,56.49,56.63,55.88,2.47,1.33,0.8813,0.92,1198234.0,67687639.54,56.11,54.69,53.55,52.82,52.26,51.59,50.76,50.11,49.62,49.13,53.95,52.65,51.8,50.53,49.24,48.43,47.01,45.76,44.76,43.9,42.95,99.55,49.29,41.61,55.35,14.18,46.05,53.03,7.04,49.29,43.86,14.61,28.8,4.7,5.43,12.38
2018-01-19,56.59,56.88,56.89,56.42,2.89,0.85,1.3031,1.33,1778229.0,101137663.49,56.43,54.98,53.77,52.94,52.4,51.72,50.87,50.22,49.71,49.2,54.69,53.2,52.32,51.03,49.52,48.82,47.35,46.07,45.02,44.17,43.2,100.0,49.4,41.61,55.99,14.73,46.05,53.24,7.24,49.4,44.1,15.13,28.97,4.01,5.3,12.02
2018-01-22,56.87,57.79,57.99,56.76,2.99,2.18,1.1798,1.08,1617975.0,93503584.24,56.77,55.34,54.0,53.08,52.56,51.85,51.0,50.34,49.8,49.27,54.69,53.2,52.32,51.03,49.52,48.82,47.35,46.07,45.02,44.17,43.2,99.78,49.51,41.61,56.2,14.92,46.05,53.24,7.24,49.51,44.1,16.72,31.04,5.68,5.41,12.27
2018-01-23,57.99,58.5,58.58,57.94,4.3,1.11,0.9706,0.9,1333056.0,77981776.42,57.25,55.76,54.23,53.25,52.72,52.0,51.13,50.45,49.9,49.34,54.69,53.2,52.32,51.03,49.52,48.82,47.35,46.07,45.02,44.17,43.2,99.56,49.61,41.61,56.41,15.1,46.05,53.45,7.44,49.61,44.1,17.92,32.65,6.97,5.51,12.49
2018-01-24,58.87,58.21,58.99,58.05,2.85,1.61,1.0393,0.99,1416625.0,82464574.5,57.57,56.09,54.44,53.4,52.88,52.12,51.26,50.57,50.0,49.41,54.69,53.2,52.32,51.03,49.52,48.82,47.35,46.07,45.02,44.17,43.2,98.17,49.72,41.82,56.62,15.04,46.05,53.66,7.64,49.72,44.1,17.08,32.0,6.45,5.62,12.74
2018-01-25,58.63,58.52,58.8,58.14,3.59,1.13,1.1375,1.01,1480540.0,86638979.99,57.98,56.38,54.65,53.56,53.01,52.25,51.4,50.68,50.1,49.48,54.69,53.2,52.32,51.03,49.52,48.82,47.35,46.07,45.02,44.17,43.2,98.16,49.85,41.82,56.83,15.22,46.05,54.08,8.03,49.85,44.1,17.39,32.7,7.01,5.75,13.04
2018-01-26,58.75,58.79,58.79,57.91,3.37,1.51,1.5523,1.32,2018755.0,118686643.96,58.36,56.68,54.88,53.74,53.14,52.38,51.54,50.81,50.2,49.56,55.84,53.98,52.94,51.65,49.97,49.24,47.71,46.42,45.3,44.46,43.45,99.97,50.01,42.03,58.1,16.05,46.05,54.93,8.8,50.01,44.48,17.56,32.18,5.28,5.53,12.43
2018-01-29,58.82,58.78,59.34,58.6,1.71,1.27,1.0597,0.88,1378913.0,81051127.23,58.56,56.92,55.11,53.9,53.27,52.52,51.68,50.93,50.3,49.63,55.84,53.98,52.94,51.65,49.97,49.24,47.71,46.42,45.3,44.46,43.45,99.31,50.13,42.03,58.31,16.23,46.05,55.14,8.99,50.13,44.48,17.25,32.15,5.26,5.65,12.7
2018-01-30,58.39,58.18,58.83,58.18,-0.54,1.11,1.1932,1.02,1556346.0,90555213.84,58.5,57.11,55.3,54.04,53.39,52.64,51.81,51.05,50.4,49.7,55.84,53.98,52.94,51.65,49.97,49.24,47.71,46.42,45.3,44.46,43.45,93.11,50.25,42.03,58.31,16.23,46.26,55.35,8.95,50.25,44.48,15.79,30.81,4.19,5.77,12.97
2018-01-31,58.53,58.5,58.65,57.96,0.49,1.19,1.1724,0.98,1538688.0,90008631.94,58.55,57.32,55.47,54.18,53.51,52.76,51.95,51.16,50.51,49.78,55.84,53.98,52.94,51.65,49.97,49.24,47.71,46.42,45.3,44.46,43.45,94.81,50.36,42.03,58.53,16.4,46.26,55.35,8.95,50.36,44.48,16.16,31.51,4.75,5.88,13.22
2018-02-01,58.13,58.38,58.7,57.88,-0.23,1.41,1.8072,1.51,2412114.0,140831275.89,58.53,57.54,55.62,54.31,53.62,52.88,52.08,51.27,50.62,49.85,55.84,53.98,52.94,51.65,49.97,49.24,47.71,46.42,45.3,44.46,43.45,94.33,50.52,42.24,58.53,16.16,46.26,56.2,9.7,50.52,44.48,15.57,31.26,4.55,6.04,13.58
2018-02-02,56.1,55.6,56.15,55.36,-5.44,1.35,3.4776,2.73,4857943.0,270077341.08,57.89,57.56,55.69,54.38,53.69,52.96,52.18,51.35,50.7,49.92,56.5,54.34,53.36,52.13,50.29,49.5,47.99,46.69,45.54,44.69,43.68,82.2,50.73,42.45,58.53,15.92,46.26,55.99,9.51,50.73,44.87,9.59,23.9,-1.6,5.86,13.06
2018-02-05,54.53,52.79,55.5,52.6,-10.19,5.21,2.6346,1.62,3798301.0,200512309.79,56.69,57.34,55.68,54.42,53.71,53.0,52.26,51.41,50.75,49.97,56.5,54.34,53.36,52.13,50.29,49.5,47.99,46.69,45.54,44.69,43.68,66.64,50.82,42.45,58.53,15.92,46.26,55.99,9.51,50.82,44.87,3.88,17.65,-6.56,5.95,13.26
2018-02-06,51.36,54.03,54.09,51.16,-7.14,5.55,2.3281,1.22,3447956.0,186293062.68,55.86,57.2,55.7,54.48,53.74,53.06,52.33,51.49,50.82,50.03,56.5,54.34,53.36,52.13,50.29,49.5,47.99,46.69,45.54,44.69,43.68,76.08,50.88,43.09,58.53,15.19,46.26,55.99,9.51,50.88,44.87,6.19,20.41,-4.37,6.01,13.39
2018-02-07,54.08,52.43,54.09,52.41,-10.37,3.1,1.5797,0.74,2369232.0,124216464.53,54.65,56.92,55.69,54.53,53.76,53.1,52.39,51.54,50.87,50.07,56.5,54.34,53.36,52.13,50.29,49.5,47.99,46.69,45.54,44.69,43.68,62.58,50.92,43.51,58.53,14.72,46.26,55.99,9.51,50.92,44.87,2.96,16.85,-7.2,6.05,13.48
2018-02-08,52.77,50.08,52.93,50.03,-14.23,5.53,1.8622,0.85,2859136.0,143174094.34,52.98,56.5,55.59,54.53,53.74,53.11,52.41,51.58,50.91,50.1,56.5,54.34,53.36,52.13,50.29,49.5,47.99,46.69,45.54,44.69,43.68,41.08,50.93,43.72,58.31,14.3,46.26,55.78,9.33,50.93,44.87,-1.68,11.6,-11.37,6.06,13.51
2018-02-09,50.86,51.89,52.2,49.63,-6.67,5.13,2.2202,1.01,3505862.0,181915673.32,52.24,56.16,55.57,54.57,53.75,53.16,52.46,51.63,50.96,50.14,55.85,54.48,53.42,52.4,50.43,49.64,48.2,46.9,45.73,44.86,43.86,58.7,50.94,43.72,58.31,14.3,46.47,55.78,9.1,50.94,45.1,1.86,15.05,-7.1,5.84,12.95
2018-02-12,52.4,52.6,53.08,52.05,-0.37,1.98,1.2882,0.64,2057718.0,108229793.65,52.2,55.82,55.58,54.6,53.77,53.21,52.51,51.69,51.02,50.19,55.85,54.48,53.42,52.4,50.43,49.64,48.2,46.9,45.73,44.86,43.86,63.7,50.97,44.99,58.31,12.9,46.47,55.78,9.1,50.97,45.1,3.19,16.62,-5.83,5.87,13.02
2018-02-13,52.25,52.6,52.92,52.2,-2.64,1.36,0.7886,0.44,1265054.0,66548165.67,51.92,55.43,55.59,54.63,53.79,53.26,52.57,51.74,51.07,50.23,55.85,54.48,53.42,52.4,50.43,49.64,48.2,46.9,45.73,44.86,43.86,66.65,50.99,45.2,58.31,12.67,46.47,55.78,9.1,50.99,45.1,3.17,16.64,-5.82,5.89,13.06
2018-02-14,52.45,53.48,53.59,52.34,2.01,2.37,0.9655,0.65,1555787.0,83211267.69,52.13,55.11,55.6,54.66,53.83,53.33,52.62,51.81,51.13,50.27,55.85,54.48,53.42,52.4,50.43,49.64,48.2,46.9,45.73,44.86,43.86,75.73,51.02,45.2,58.31,12.67,46.47,55.78,9.1,51.02,45.1,4.83,18.59,-4.24,5.92,13.13
2018-02-15,53.95,54.48,54.57,53.22,8.79,2.54,1.1388,0.82,1843442.0,100423346.39,53.01,54.84,55.61,54.72,53.88,53.37,52.68,51.89,51.2,50.32,55.85,54.48,53.42,52.4,50.43,49.64,48.2,46.9,45.73,44.86,43.86,79.17,51.07,45.41,58.31,12.44,46.47,55.78,9.1,51.07,45.1,6.67,20.79,-2.47,5.97,13.24
2018-02-16,54.42,54.74,55.23,54.42,5.49,1.5,1.0311,0.82,1681612.0,92051440.88,53.58,54.57,55.62,54.78,53.95,53.43,52.75,51.98,51.28,50.36,55.58,54.77,53.63,52.74,50.63,49.84,48.47,47.15,45.95,45.05,44.06,79.74,51.11,45.41,58.31,12.44,46.47,55.78,9.1,51.11,45.3,7.1,20.84,-1.51,5.81,12.83
2018-02-20,54.53,55.12,55.7,54.43,4.8,2.32,0.8697,0.85,1423145.0,78448021.83,54.09,54.33,55.62,54.85,54.0,53.48,52.82,52.06,51.36,50.41,55.58,54.77,53.63,52.74,50.63,49.84,48.47,47.15,45.95,45.05,44.06,80.23,51.16,45.41,58.31,12.44,46.47,55.56,8.91,51.16,45.3,7.75,21.68,-0.82,5.86,12.94
2018-02-21,55.32,55.57,56.7,55.32,5.63,2.51,0.9174,0.97,1512910.0,84067869.97,54.68,54.15,55.63,54.91,54.07,53.54,52.89,52.15,51.44,50.46,55.58,54.77,53.63,52.74,50.63,49.84,48.47,47.15,45.95,45.05,44.06,84.55,51.21,45.41,58.31,12.44,46.47,55.78,9.1,51.21,45.3,8.51,22.66,-0.02,5.91,13.05
2018-02-22,55.81,55.33,56.14,55.13,3.45,1.82,0.7925,0.82,1317166.0,72880770.53,55.05,53.94,55.63,54.96,54.12,53.59,52.96,52.23,51.51,50.51,55.58,54.77,53.63,52.74,50.63,49.84,48.47,47.15,45.95,45.05,44.06,80.68,51.26,45.41,58.31,12.44,46.47,55.78,9.1,51.26,45.3,7.94,22.14,-0.44,5.96,13.16
2018-02-23,55.63,56.34,56.36,55.24,3.42,2.04,0.759,0.81,1260968.0,71042306.64,55.42,53.8,55.67,55.02,54.18,53.66,53.03,52.33,51.59,50.56,55.47,55.08,53.96,53.11,50.94,50.08,48.75,47.45,46.19,45.27,44.29,88.61,51.3,45.41,58.31,12.44,46.47,55.78,9.1,51.3,45.46,9.82,23.93,1.57,5.84,12.85
2018-02-26,56.39,57.19,57.2,56.34,4.47,1.53,0.9372,1.08,1559079.0,89159830.31,55.91,53.91,55.74,55.1,54.26,53.74,53.12,52.43,51.67,50.62,55.47,55.08,53.96,53.11,50.94,50.08,48.75,47.45,46.19,45.27,44.29,91.09,51.37,45.41,58.31,12.44,46.47,55.99,9.29,51.37,45.46,11.32,25.8,3.09,5.91,13.0
2018-02-27,57.06,55.91,57.2,55.9,1.44,2.28,1.0738,1.25,1774080.0,99196796.16,56.07,54.12,55.73,55.16,54.34,53.79,53.19,52.52,51.75,50.66,55.47,55.08,53.96,53.11,50.94,50.08,48.75,47.45,46.19,45.27,44.29,83.94,51.43,45.63,58.31,12.21,46.47,55.99,9.29,51.43,45.46,8.72,23.0,0.8,5.97,13.13
2018-02-28,56.15,55.24,56.38,55.16,-0.59,2.17,1.1377,1.27,1882600.0,103988234.9,56.0,54.2,55.7,55.2,54.41,53.84,53.25,52.6,51.83,50.71,55.47,55.08,53.96,53.11,50.94,50.08,48.75,47.45,46.19,45.27,44.29,77.26,51.49,45.63,58.31,12.21,46.47,55.99,9.29,51.49,45.46,7.28,21.51,-0.42,6.03,13.26
2018-03-01,55.39,53.48,55.51,53.35,-3.35,3.9,1.5112,1.61,2515910.0,134540803.16,55.63,54.27,55.6,55.21,54.46,53.86,53.3,52.66,51.88,50.75,55.47,55.08,53.96,53.11,50.94,50.08,48.75,47.45,46.19,45.27,44.29,67.93,51.54,45.63,58.31,12.21,46.47,55.99,9.29,51.54,45.46,3.76,17.63,-3.6,6.08,13.37
2018-03-02,52.65,53.95,54.1,52.41,-4.25,3.17,1.3594,1.26,2271551.0,122541090.25,55.15,54.53,55.51,55.24,54.53,53.89,53.35,52.71,51.95,50.8,54.5,55.17,54.16,53.33,51.19,50.21,48.98,47.68,46.39,45.46,44.49,71.33,51.57,45.63,58.31,12.21,46.47,55.99,9.29,51.57,45.71,4.61,18.02,-2.22,5.86,12.82
2018-03-05,53.76,54.55,54.86,53.45,-4.62,2.6,0.7257,0.6,1202174.0,65574384.09,54.62,54.7,55.43,55.28,54.6,53.94,53.41,52.78,52.01,50.85,54.5,55.17,54.16,53.33,51.19,50.21,48.98,47.68,46.39,45.46,44.49,74.13,51.6,45.63,58.31,12.21,46.47,55.99,9.29,51.6,45.71,5.71,19.33,-1.13,5.89,12.89
2018-03-06,54.96,54.75,55.09,54.49,-2.08,1.11,0.9229,0.79,1532783.0,83924467.6,54.39,54.85,55.33,55.34,54.66,53.98,53.48,52.84,52.08,50.91,54.5,55.17,54.16,53.33,51.19,50.21,48.98,47.68,46.39,45.46,44.49,75.02,51.64,45.63,58.31,12.21,46.68,55.99,9.06,51.64,45.71,6.03,19.78,-0.76,5.93,12.97
2018-03-07,54.46,55.48,55.61,54.27,0.44,2.44,0.7795,0.69,1292537.0,71712537.83,54.44,55.04,55.23,55.41,54.73,54.04,53.56,52.92,52.15,50.97,54.5,55.17,54.16,53.33,51.19,50.21,48.98,47.68,46.39,45.46,44.49,80.16,51.67,45.63,58.31,12.21,46.68,55.99,9.06,51.67,45.71,7.38,21.38,0.56,5.96,13.04
2018-03-08,55.77,56.3,56.38,55.64,5.28,1.33,0.8167,0.77,1355125.0,76293537.5,55.01,55.23,55.17,55.47,54.8,54.11,53.64,52.99,52.24,51.03,54.5,55.17,54.16,53.33,51.19,50.21,48.98,47.68,46.39,45.46,44.49,88.21,51.72,45.63,58.31,12.21,46.68,55.99,9.06,51.72,45.71,8.86,23.17,2.04,6.01,13.15
2018-03-09,56.8,58.0,58.04,56.62,7.52,2.52,1.2706,1.39,2128038.0,123430460.08,55.82,55.46,55.15,55.56,54.9,54.2,53.72,53.08,52.34,51.11,54.98,55.74,54.55,53.76,51.6,50.44,49.32,47.97,46.67,45.7,44.75,92.67,51.81,45.63,58.31,12.21,46.68,55.99,9.06,51.81,45.92,11.95,26.31,4.06,5.89,12.83
2018-03-12,58.19,58.22,58.85,57.87,6.74,1.69,1.2856,1.45,2172272.0,126480537.2,56.55,55.7,55.13,55.65,55.01,54.3,53.8,53.17,52.44,51.19,54.98,55.74,54.55,53.76,51.6,50.44,49.32,47.97,46.67,45.7,44.75,92.61,51.9,45.63,58.31,12.21,46.68,56.2,9.25,51.9,45.92,12.19,26.8,4.46,5.98,13.02
2018-03-13,58.5,56.91,58.84,56.67,3.94,3.73,1.1218,1.12,1907171.0,108534240.85,56.98,55.81,55.07,55.69,55.09,54.37,53.87,53.25,52.53,51.26,54.98,55.74,54.55,53.76,51.6,50.44,49.32,47.97,46.67,45.7,44.75,87.91,51.98,45.63,58.31,12.21,46.68,56.41,9.44,51.98,45.92,9.48,23.93,2.1,6.06,13.2
2018-03-14,57.26,57.47,57.93,57.07,3.59,1.51,0.7616,0.73,1291415.0,74223431.42,57.38,55.94,55.05,55.73,55.17,54.44,53.94,53.33,52.62,51.33,54.98,55.74,54.55,53.76,51.6,50.44,49.32,47.97,46.67,45.7,44.75,89.73,52.03,45.84,58.31,11.98,46.68,56.41,9.44,52.03,45.92,10.46,25.16,3.11,6.11,13.31
2018-03-15,57.5,57.48,58.05,56.73,2.09,2.31,0.8839,0.83,1472226.0,84622078.25,57.62,56.08,55.01,55.78,55.24,54.51,54.01,53.4,52.71,51.41,54.98,55.74,54.55,53.76,51.6,50.44,49.32,47.97,46.67,45.7,44.75,89.54,52.09,45.84,58.31,11.98,46.68,56.62,9.62,52.09,45.92,10.35,25.17,3.12,6.17,13.44
2018-03-16,57.71,56.79,57.79,56.6,-2.1,2.08,1.8283,1.72,3091954.0,175581245.82,57.37,56.11,54.96,55.82,55.29,54.57,54.07,53.47,52.8,51.48,55.96,55.91,54.97,54.05,51.98,50.68,49.63,48.24,46.95,45.93,45.0,83.49,52.19,45.84,58.31,11.98,46.68,56.83,9.81,52.19,46.23,8.81,22.83,1.47,5.96,12.89
2018-03-19,56.0,54.99,56.1,54.45,-5.55,2.9,1.6355,1.41,2805937.0,154301281.57,56.73,55.97,54.94,55.81,55.32,54.6,54.11,53.52,52.87,51.55,55.96,55.91,54.97,54.05,51.98,50.68,49.63,48.24,46.95,45.93,45.0,69.04,52.26,45.84,58.31,11.98,46.89,56.83,9.58,52.26,46.23,5.23,18.95,-1.74,6.03,13.04
2018-03-20,54.95,54.89,55.26,54.17,-3.55,1.98,1.0619,0.87,1831896.0,100544527.91,56.32,55.9,55.01,55.79,55.34,54.65,54.14,53.57,52.95,51.6,55.96,55.91,54.97,54.05,51.98,50.68,49.63,48.24,46.95,45.93,45.0,67.06,52.3,45.84,58.31,11.98,46.89,56.83,9.58,52.3,46.23,4.94,18.72,-1.93,6.07,13.13
2018-03-21,54.64,54.54,55.32,54.26,-5.1,1.93,1.08,0.9,1878873.0,102481248.91,55.74,55.85,55.03,55.75,55.37,54.7,54.17,53.62,53.01,51.66,55.96,55.91,54.97,54.05,51.98,50.68,49.63,48.24,46.95,45.93,45.0,64.64,52.35,45.84,58.31,11.98,46.89,56.83,9.58,52.35,46.23,4.19,17.98,-2.54,6.12,13.24
2018-03-22,54.09,52.45,54.14,52.3,-8.74,3.39,1.5054,1.2,2666964.0,139892929.66,54.73,55.79,55.03,55.66,55.36,54.73,54.18,53.65,53.05,51.7,55.96,55.91,54.97,54.05,51.98,50.68,49.63,48.24,46.95,45.93,45.0,46.06,52.37,45.84,58.31,11.98,46.89,56.83,9.58,52.37,46.23,0.16,13.46,-6.27,6.14,13.28
2018-03-23,52.35,51.08,53.17,51.06,-10.05,4.02,1.2016,0.88,2156672.0,110159570.75,53.59,55.59,55.06,55.54,55.33,54.74,54.18,53.67,53.07,51.74,55.23,55.4,54.92,54.03,52.15,50.78,49.83,48.41,47.13,46.09,45.18,32.31,52.37,46.05,58.31,11.75,47.11,56.83,9.36,52.37,46.44,-2.47,9.99,-7.81,5.93,12.77
2018-03-26,52.3,52.66,52.78,50.42,-4.24,4.62,1.4659,1.18,2665131.0,140347131.03,53.12,55.47,55.09,55.45,55.33,54.77,54.19,53.71,53.12,51.79,55.23,55.4,54.92,54.03,52.15,50.78,49.83,48.41,47.13,46.09,45.18,50.28,52.38,46.05,58.31,11.75,47.11,56.83,9.36,52.38,46.44,0.54,13.39,-4.95,5.94,12.79
2018-03-27,53.15,50.26,53.24,49.85,-8.44,6.45,1.668,1.38,3095315.0,155555055.33,52.2,55.17,55.01,55.28,55.29,54.77,54.18,53.72,53.14,51.82,55.23,55.4,54.92,54.03,52.15,50.78,49.83,48.41,47.13,46.09,45.18,26.31,52.36,46.05,58.31,11.75,47.32,56.62,8.95,52.36,46.44,-4.02,8.21,-9.29,5.92,12.75
2018-03-28,49.9,50.23,51.21,49.03,-7.91,4.34,1.776,1.35,3369275.0,169231944.7,51.34,54.82,54.93,55.09,55.26,54.75,54.17,53.74,53.16,51.84,55.23,55.4,54.92,54.03,52.15,50.78,49.83,48.41,47.13,46.09,45.18,26.72,52.33,46.05,58.31,11.75,47.32,56.62,8.95,52.33,46.44,-4.02,8.16,-9.34,5.89,12.68
2018-03-29,50.58,51.59,52.15,50.14,-1.65,3.99,1.4188,0.98,2726830.0,140675796.28,51.16,54.5,54.87,54.95,55.23,54.74,54.17,53.77,53.18,51.88,55.23,55.4,54.92,54.03,52.15,50.78,49.83,48.41,47.13,46.09,45.18,41.93,52.32,46.05,58.31,11.75,47.53,56.62,8.73,52.32,46.44,-1.4,11.09,-6.89,5.88,12.66
2018-04-02,51.14,50.32,51.74,49.52,-1.48,4.31,1.3792,0.96,2679482.0,134840912.43,51.01,53.99,54.73,54.77,55.17,54.72,54.17,53.76,53.19,51.91,54.28,54.88,54.81,54.04,52.31,50.86,50.03,48.6,47.33,46.26,45.36,27.71,52.3,46.05,58.31,11.75,47.53,56.62,8.73,52.3,46.58,-3.78,8.04,-8.3,5.72,12.28
2018-04-03,50.7,50.67,51.05,49.7,-3.78,2.67,1.1584,0.78,2275076.0,115279238.46,50.61,53.49,54.59,54.58,55.11,54.7,54.16,53.76,53.21,51.94,54.28,54.88,54.81,54.04,52.31,50.86,50.03,48.6,47.33,46.26,45.36,29.71,52.28,46.05,58.31,11.75,47.53,56.41,8.55,52.28,46.58,-3.08,8.78,-7.66,5.7,12.24
2018-04-04,49.67,51.26,51.44,49.65,1.99,3.52,1.2523,0.88,2484651.0,127355756.31,50.81,53.11,54.46,54.42,55.04,54.69,54.16,53.76,53.23,51.98,54.28,54.88,54.81,54.04,52.31,50.86,50.03,48.6,47.33,46.26,45.36,38.15,52.27,46.05,58.31,11.75,47.74,56.41,8.32,52.27,46.58,-1.94,10.04,-6.59,5.69,12.22
2018-04-05,52.07,51.39,52.14,51.01,2.31,2.21,0.6852,0.5,1363049.0,70047769.63,51.05,52.71,54.32,54.27,54.98,54.68,54.15,53.76,53.25,52.01,54.28,54.88,54.81,54.04,52.31,50.86,50.03,48.6,47.33,46.26,45.36,41.38,52.27,46.05,58.31,11.75,47.74,56.41,8.32,52.27,46.58,-1.68,10.33,-6.35,5.69,12.22
2018-04-06,51.0,50.35,51.57,50.15,-2.4,2.76,0.8718,0.76,1746430.0,87936243.36,50.8,52.23,54.16,54.09,54.89,54.64,54.13,53.76,53.26,52.04,53.56,54.03,54.64,54.01,52.44,50.99,50.2,48.76,47.51,46.39,45.52,27.2,52.26,46.05,58.31,11.75,47.74,56.41,8.32,52.26,46.68,-3.65,7.87,-7.84,5.58,11.95
2018-04-09,50.84,50.77,51.98,50.7,0.89,2.53,0.8692,0.83,1751559.0,88931029.33,50.89,51.83,53.97,53.92,54.82,54.6,54.11,53.75,53.27,52.06,53.56,54.03,54.64,54.01,52.44,50.99,50.2,48.76,47.51,46.39,45.52,31.68,52.26,46.05,58.31,11.75,47.74,56.41,8.32,52.26,46.68,-2.85,8.77,-7.07,5.58,11.95
2018-04-10,51.32,51.58,51.81,50.57,1.8,2.46,0.9985,1.05,2029648.0,104693303.14,51.07,51.6,53.79,53.83,54.76,54.57,54.1,53.75,53.28,52.1,53.56,54.03,54.64,54.01,52.44,50.99,50.2,48.76,47.51,46.39,45.52,45.7,52.26,46.05,58.31,11.75,47.74,56.41,8.32,52.26,46.68,-1.3,10.5,-5.59,5.58,11.95
2018-04-11,51.4,51.0,51.57,50.79,-0.5,1.5,0.7314,0.79,1483881.0,75675705.18,51.02,51.34,53.62,53.79,54.68,54.54,54.1,53.74,53.29,52.13,53.56,54.03,54.64,54.01,52.44,50.99,50.2,48.76,47.51,46.39,45.52,34.81,52.25,46.05,58.31,11.75,47.74,56.2,8.14,52.25,46.68,-2.4,9.25,-6.66,5.57,11.93
2018-04-12,51.25,51.63,52.03,51.07,0.46,1.89,0.6713,0.81,1359389.0,70179136.82,51.07,51.15,53.5,53.73,54.6,54.52,54.11,53.74,53.31,52.16,53.56,54.03,54.64,54.01,52.44,50.99,50.2,48.76,47.51,46.39,45.52,46.2,52.25,46.26,58.31,11.53,47.95,56.2,7.92,52.25,46.68,-1.2,10.59,-5.51,5.57,11.93
2018-04-13,52.04,51.46,52.32,51.15,2.21,2.27,0.6038,0.73,1223017.0,62940735.38,51.29,51.08,53.43,53.71,54.52,54.5,54.12,53.74,53.33,52.19,52.25,53.62,54.58,53.98,52.63,51.12,50.32,48.93,47.68,46.55,45.68,42.46,52.25,46.26,58.31,11.53,47.95,56.2,7.92,52.25,46.76,-1.51,10.06,-5.71,5.49,11.74
2018-04-16,51.85,51.9,52.16,51.34,2.22,1.6,0.5979,0.77,1211208.0,62860483.99,51.51,51.14,53.37,53.75,54.44,54.49,54.14,53.74,53.35,52.23,52.25,53.62,54.58,53.98,52.63,51.12,50.32,48.93,47.68,46.55,45.68,48.73,52.26,46.26,58.31,11.53,47.95,56.2,7.92,52.26,46.76,-0.69,10.99,-4.91,5.5,11.76
2018-04-17,52.57,53.71,53.89,52.41,4.12,2.85,1.1403,1.59,2320266.0,124616846.33,51.94,51.21,53.34,53.79,54.39,54.51,54.18,53.77,53.39,52.28,52.25,53.62,54.58,53.98,52.63,51.12,50.32,48.93,47.68,46.55,45.68,66.75,52.27,46.26,58.31,11.53,47.95,56.2,7.92,52.27,46.76,2.75,14.86,-1.59,5.51,11.78
2018-04-18,53.87,53.6,53.87,53.31,5.11,1.04,0.6621,0.88,1344138.0,72051173.35,52.46,51.43,53.3,53.82,54.32,54.52,54.21,53.79,53.44,52.32,52.25,53.62,54.58,53.98,52.63,51.12,50.32,48.93,47.68,46.55,45.68,64.73,52.29,46.26,58.31,11.53,48.16,56.2,7.7,52.29,46.76,2.51,14.64,-1.79,5.53,11.83
2018-04-19,53.47,54.38,54.71,53.41,5.35,2.42,0.8579,1.17,1747671.0,95047087.34,53.01,51.71,53.26,53.86,54.25,54.55,54.24,53.82,53.48,52.38,52.25,53.62,54.58,53.98,52.63,51.12,50.32,48.93,47.68,46.55,45.68,70.07,52.31,46.26,58.31,11.53,48.16,56.2,7.7,52.31,46.76,3.97,16.31,-0.35,5.55,11.87
2018-04-20,54.1,53.65,54.62,53.48,4.24,2.09,0.9241,1.2,1889686.0,101377874.53,53.45,51.85,53.17,53.86,54.17,54.55,54.26,53.84,53.53,52.42,51.63,53.79,54.48,54.14,52.87,51.27,50.47,49.13,47.88,46.74,45.85,63.46,52.34,46.26,58.31,11.53,48.16,56.2,7.7,52.34,46.88,2.5,14.44,-1.53,5.46,11.65
2018-04-23,53.89,53.37,54.14,53.04,2.84,2.05,1.1369,1.38,2341258.0,124958792.6,53.74,52.05,53.02,53.83,54.09,54.54,54.28,53.86,53.55,52.47,51.63,53.79,54.48,54.14,52.87,51.27,50.47,49.13,47.88,46.74,45.85,60.74,52.36,46.26,58.31,11.53,48.37,56.2,7.48,52.36,46.88,1.93,13.85,-2.03,5.48,11.69
2018-04-24,52.6,51.0,52.85,50.53,-5.04,4.35,2.2614,2.47,4760260.0,242768499.74,53.2,52.07,52.78,53.75,53.96,54.5,54.26,53.86,53.55,52.51,51.63,53.79,54.48,54.14,52.87,51.27,50.47,49.13,47.88,46.74,45.85,31.8,52.34,46.26,58.31,11.53,48.37,55.99,7.29,52.34,46.88,-2.56,8.79,-6.39,5.46,11.65
2018-04-25,51.28,51.06,51.62,50.77,-4.75,1.68,1.1269,0.99,2391105.0,122087430.2,52.69,52.06,52.58,53.66,53.83,54.45,54.25,53.86,53.55,52.54,51.63,53.79,54.48,54.14,52.87,51.27,50.47,49.13,47.88,46.74,45.85,31.64,52.34,46.26,58.31,11.53,48.59,55.99,7.08,52.34,46.88,-2.45,8.91,-6.28,5.46,11.65
2018-04-26,51.48,52.0,52.4,50.91,-4.38,2.92,0.976,0.79,2079533.0,108139875.07,52.22,52.1,52.4,53.58,53.72,54.4,54.25,53.86,53.56,52.58,51.63,53.79,54.48,54.14,52.87,51.27,50.47,49.13,47.88,46.74,45.85,50.14,52.34,46.26,58.31,11.53,48.59,55.99,7.08,52.34,46.88,-0.65,10.93,-4.55,5.46,11.65
2018-04-27,52.3,51.5,52.48,51.28,-4.0,2.3,0.7598,0.6,1619796.0,83423543.49,51.79,52.17,52.2,53.5,53.61,54.35,54.23,53.85,53.56,52.61,51.71,53.47,54.17,54.12,52.98,51.34,50.57,49.3,48.05,46.89,45.99,40.05,52.35,46.26,58.31,11.53,48.59,55.99,7.08,52.35,47.03,-1.62,9.51,-4.93,5.32,11.31
2018-04-30,51.5,50.87,51.85,50.84,-4.7,1.96,0.7885,0.63,1671254.0,85010841.59,51.29,52.18,52.01,53.38,53.48,54.29,54.2,53.84,53.55,52.64,51.71,53.47,54.17,54.12,52.98,51.34,50.57,49.3,48.05,46.89,45.99,26.58,52.34,46.47,58.31,11.3,48.59,55.99,7.08,52.34,47.03,-2.82,8.16,-6.1,5.31,11.29
2018-05-01,50.68,51.87,51.92,50.41,1.7,2.97,0.6923,0.57,1427857.0,74056517.23,51.46,52.2,51.9,53.26,53.42,54.25,54.18,53.83,53.56,52.68,51.71,53.47,54.17,54.12,52.98,51.34,50.57,49.3,48.05,46.89,45.99,48.29,52.34,46.47,58.31,11.3,48.8,55.99,6.86,52.34,47.03,-0.91,10.28,-4.26,5.31,11.29
2018-05-02,51.4,51.22,52.02,51.14,0.31,1.69,0.7913,0.87,1603081.0,82108205.74,51.49,52.21,51.78,53.15,53.39,54.18,54.16,53.83,53.55,52.71,51.71,53.47,54.17,54.12,52.98,51.34,50.57,49.3,48.05,46.89,45.99,35.12,52.34,46.47,58.31,11.3,48.8,55.99,6.86,52.34,47.03,-2.14,8.91,-5.45,5.31,11.29
2018-05-03,50.95,51.19,51.48,50.31,-1.57,2.28,0.9082,1.08,1815058.0,92905558.79,51.33,52.19,51.67,53.06,53.35,54.12,54.13,53.83,53.55,52.74,51.71,53.47,54.17,54.12,52.98,51.34,50.57,49.3,48.05,46.89,45.99,35.5,52.33,46.47,58.31,11.3,48.8,55.99,6.86,52.33,47.03,-2.19,8.84,-5.51,5.3,11.27
2018-05-04,50.84,52.41,52.43,50.84,1.76,3.09,0.9735,1.19,1938658.0,101606035.11,51.51,52.25,51.67,53.04,53.35,54.06,54.13,53.85,53.55,52.77,51.88,53.08,53.88,54.08,53.1,51.47,50.68,49.47,48.25,47.05,46.13,55.71,52.33,46.47,58.1,11.12,49.01,55.99,6.65,52.33,47.11,0.15,11.25,-3.08,5.22,11.08
2018-05-07,52.46,52.74,53.08,52.36,3.68,1.39,0.7449,0.87,1466065.0,77319535.07,51.88,52.3,51.72,53.01,53.39,54.01,54.13,53.88,53.56,52.8,51.88,53.08,53.88,54.08,53.1,51.47,50.68,49.47,48.25,47.05,46.13,58.08,52.34,46.47,58.1,11.12,49.01,55.99,6.65,52.34,47.11,0.76,11.95,-2.48,5.23,11.1
2018-05-08,52.93,52.7,53.03,52.36,1.6,1.27,0.6309,0.74,1217721.0,64168416.96,52.05,52.24,51.72,52.97,53.4,53.96,54.13,53.9,53.58,52.84,51.88,53.08,53.88,54.08,53.1,51.47,50.68,49.47,48.25,47.05,46.13,58.04,52.35,46.47,58.1,11.12,49.01,55.99,6.65,52.35,47.11,0.66,11.86,-2.56,5.24,11.12
2018-05-09,52.9,54.14,54.27,52.82,5.7,2.76,1.0535,1.26,2032818.0,110052700.88,52.63,52.27,51.85,52.96,53.43,53.91,54.15,53.93,53.6,52.88,51.88,53.08,53.88,54.08,53.1,51.47,50.68,49.47,48.25,47.05,46.13,72.72,52.36,46.47,58.1,11.12,49.01,55.99,6.65,52.36,47.11,3.4,14.92,0.11,5.25,11.14
2018-05-10,54.3,54.88,55.02,54.28,7.21,1.37,0.7467,0.85,1443025.0,79191047.46,53.37,52.31,52.01,52.94,53.47,53.86,54.18,53.96,53.63,52.93,51.88,53.08,53.88,54.08,53.1,51.47,50.68,49.47,48.25,47.05,46.13,76.8,52.39,46.47,58.1,11.12,49.22,55.78,6.24,52.39,47.11,4.75,16.49,1.48,5.28,11.21
2018-05-11,54.68,54.91,55.07,54.55,4.77,0.95,0.6504,0.77,1253665.0,68842506.14,53.87,52.39,52.12,52.91,53.49,53.82,54.19,53.99,53.66,52.97,52.79,53.17,53.62,54.17,53.28,51.69,50.81,49.68,48.46,47.24,46.31,76.49,52.41,46.47,58.1,11.12,49.22,55.78,6.24,52.41,47.22,4.78,16.29,1.37,5.19,10.99
2018-05-14,55.0,55.01,55.54,54.96,4.31,1.06,0.7898,1.02,1518077.0,83509415.77,54.33,52.5,52.27,52.85,53.5,53.77,54.2,54.02,53.69,53.01,52.79,53.17,53.62,54.17,53.28,51.69,50.81,49.68,48.46,47.24,46.31,78.2,52.43,46.47,58.1,11.12,49.22,55.78,6.24,52.43,47.22,4.92,16.5,1.54,5.21,11.03
2018-05-15,54.5,53.96,54.5,53.67,2.4,1.51,0.779,1.0,1494872.0,80665535.43,54.58,52.7,52.38,52.75,53.49,53.7,54.2,54.04,53.72,53.04,52.79,53.17,53.62,54.17,53.28,51.69,50.81,49.68,48.46,47.24,46.31,69.32,52.46,46.47,58.1,11.12,49.43,55.78,6.03,52.46,47.22,2.86,14.28,-0.39,5.24,11.1
2018-05-16,53.87,54.09,54.46,53.81,-0.09,1.21,0.5734,0.71,1097317.0,59352230.55,54.57,52.9,52.48,52.69,53.47,53.64,54.19,54.06,53.74,53.08,52.79,53.17,53.62,54.17,53.28,51.69,50.81,49.68,48.46,47.24,46.31,70.98,52.47,46.47,58.1,11.12,49.43,55.78,6.03,52.47,47.22,3.08,14.55,-0.16,5.25,11.12
2018-05-17,53.99,53.93,54.34,53.68,-1.73,1.24,0.5477,0.77,1043766.0,56289778.5,54.38,53.03,52.56,52.61,53.44,53.58,54.17,54.07,53.76,53.11,52.79,53.17,53.62,54.17,53.28,51.69,50.81,49.68,48.46,47.24,46.31,68.82,52.49,46.47,58.1,11.12,49.43,55.78,6.03,52.49,47.22,2.74,14.21,-0.45,5.27,11.16
2018-05-18,53.09,53.32,53.5,53.03,-2.9,0.86,0.8195,1.22,1565240.0,83455466.32,54.06,53.15,52.66,52.52,53.41,53.52,54.15,54.07,53.77,53.14,53.16,52.71,53.47,54.22,53.41,51.88,50.9,49.89,48.65,47.43,46.48,61.19,52.5,46.47,58.1,11.12,49.43,55.78,6.03,52.5,47.33,1.56,12.65,-1.67,5.17,10.92
2018-05-21,53.7,53.98,54.4,53.68,-1.87,1.35,0.5368,0.76,1023211.0,55231906.57,53.86,53.36,52.77,52.46,53.37,53.46,54.14,54.08,53.78,53.17,53.16,52.71,53.47,54.22,53.41,51.88,50.9,49.89,48.65,47.43,46.48,68.88,52.51,46.47,58.1,11.12,49.64,55.78,5.82,52.51,47.33,2.8,14.05,-0.45,5.18,10.94
2018-05-22,54.18,53.49,54.33,53.33,-0.88,1.84,0.5742,0.88,1090002.0,58300391.97,53.76,53.46,52.83,52.42,53.31,53.43,54.12,54.08,53.79,53.19,53.16,52.71,53.47,54.22,53.41,51.88,50.9,49.89,48.65,47.43,46.48,63.2,52.52,46.47,58.1,11.12,49.64,55.78,5.82,52.52,47.33,1.84,13.01,-1.36,5.19,10.97
2018-05-23,53.26,53.98,54.04,53.09,-0.19,1.78,0.5623,0.91,1060683.0,57260441.41,53.74,53.65,52.93,52.4,53.28,53.45,54.09,54.08,53.81,53.22,53.16,52.71,53.47,54.22,53.41,51.88,50.9,49.89,48.65,47.43,46.48,69.13,52.53,46.47,58.1,11.12,49.64,55.78,5.82,52.53,47.33,2.77,14.06,-0.44,5.2,10.99
2018-05-24,53.95,53.96,54.02,53.31,0.06,1.33,0.4106,0.66,766773.0,41376604.63,53.75,53.83,53.01,52.39,53.26,53.44,54.07,54.09,53.83,53.25,53.16,52.71,53.47,54.22,53.41,51.88,50.9,49.89,48.65,47.43,46.48,69.24,52.54,46.47,58.1,11.12,49.64,55.78,5.82,52.54,47.33,2.71,14.01,-0.48,5.21,11.01
2018-05-25,53.95,53.78,54.13,53.69,0.87,0.81,0.4886,0.82,899406.0,48372752.9,53.84,53.92,53.09,52.42,53.26,53.46,54.04,54.1,53.86,53.28,53.19,52.41,53.59,54.16,53.51,52.08,51.02,50.09,48.84,47.63,46.65,65.48,52.55,46.47,58.1,11.12,49.64,55.78,5.82,52.55,47.41,2.35,13.44,-0.69,5.14,10.84
2018-05-29,53.24,53.02,53.67,52.76,-1.78,1.69,1.017,1.93,1865139.0,98882209.22,53.65,53.94,53.12,52.46,53.24,53.5,54.0,54.1,53.89,53.31,53.19,52.41,53.59,54.16,53.51,52.08,51.02,50.09,48.84,47.63,46.65,54.27,52.56,46.47,58.1,11.12,49.85,55.78,5.61,52.56,47.41,0.87,11.82,-2.11,5.15,10.86
2018-05-30,53.15,53.39,53.46,52.84,-0.18,1.17,0.6211,1.0,1138457.0,60782219.23,53.63,53.99,53.11,52.48,53.23,53.52,53.96,54.11,53.91,53.34,53.19,52.41,53.59,54.16,53.51,52.08,51.02,50.09,48.84,47.63,46.65,59.78,52.57,46.47,58.1,11.12,49.85,55.78,5.61,52.57,47.41,1.56,12.61,-1.42,5.16,10.88
2018-05-31,53.38,54.25,54.86,53.38,0.49,2.77,1.6614,2.69,3088305.0,167539002.1,53.68,54.0,53.13,52.57,53.22,53.54,53.92,54.13,53.94,53.38,53.19,52.41,53.59,54.16,53.51,52.08,51.02,50.09,48.84,47.63,46.65,71.93,52.6,46.47,58.1,11.12,50.07,55.56,5.21,52.6,47.41,3.14,14.43,0.17,5.19,10.95
2018-06-01,54.97,55.98,56.0,54.92,3.73,1.98,1.2897,1.56,2421598.0,135548948.05,54.08,54.07,53.19,52.69,53.23,53.59,53.89,54.16,53.98,53.43,54.08,52.9,53.67,54.15,53.65,52.34,51.2,50.34,49.05,47.85,46.85,86.34,52.65,46.47,58.1,11.12,50.07,55.78,5.39,52.65,47.55,6.32,17.72,3.37,5.1,10.73
2018-06-04,56.12,56.96,57.09,56.1,5.92,1.78,1.0016,1.0,1889579.0,107638922.95,54.72,54.21,53.3,52.81,53.24,53.63,53.88,54.2,54.02,53.48,54.08,52.9,53.67,54.15,53.65,52.34,51.2,50.34,49.05,47.85,46.85,91.16,52.69,46.47,57.89,10.94,50.07,55.78,5.39,52.69,47.55,8.11,19.8,5.2,5.14,10.81
2018-06-05,57.05,56.98,57.29,56.66,7.48,1.1,0.893,0.81,1677973.0,95615935.46,55.51,54.34,53.42,52.96,53.22,53.67,53.86,54.22,54.06,53.52,54.08,52.9,53.67,54.15,53.65,52.34,51.2,50.34,49.05,47.85,46.85,90.64,52.74,46.47,57.89,10.94,50.07,55.99,5.58,52.74,47.55,8.05,19.84,5.23,5.19,10.91
2018-06-06,57.11,56.84,57.15,56.29,6.47,1.51,0.9076,0.83,1698247.0,96535152.47,56.2,54.53,53.61,53.1,53.2,53.7,53.84,54.25,54.1,53.56,54.08,52.9,53.67,54.15,53.65,52.34,51.2,50.34,49.05,47.85,46.85,90.57,52.78,46.47,57.89,10.94,50.28,55.99,5.37,52.78,47.55,7.7,19.55,4.98,5.23,11.0
2018-06-07,56.57,56.19,56.79,55.83,3.58,1.7,0.8152,0.71,1520020.0,85414483.86,56.59,54.67,53.78,53.21,53.18,53.71,53.81,54.26,54.14,53.6,54.08,52.9,53.67,54.15,53.65,52.34,51.2,50.34,49.05,47.85,46.85,84.61,52.82,46.47,57.89,10.94,50.28,56.2,5.56,52.82,47.55,6.39,18.18,3.77,5.27,11.08
2018-06-08,55.91,56.04,56.33,55.61,0.12,1.29,0.6923,0.7,1290845.0,72343471.76,56.61,54.81,53.92,53.31,53.16,53.72,53.79,54.26,54.17,53.63,54.81,53.34,53.65,54.11,53.8,52.57,51.36,50.59,49.28,48.08,47.04,84.49,52.86,46.47,57.89,10.94,50.28,56.2,5.56,52.86,47.73,6.02,17.42,2.26,5.13,10.75
2018-06-11,55.93,56.5,56.86,55.93,-0.82,1.66,0.5808,0.67,1079294.0,60979571.35,56.51,55.02,54.09,53.45,53.14,53.73,53.77,54.28,54.19,53.66,54.81,53.34,53.65,54.11,53.8,52.57,51.36,50.59,49.28,48.08,47.04,87.06,52.89,46.47,57.89,10.94,50.28,56.2,5.56,52.89,47.73,6.82,18.37,3.09,5.16,10.81
2018-06-12,56.55,56.97,56.99,56.54,-0.03,0.8,0.5006,0.63,912018.0,51954017.39,56.51,55.22,54.29,53.59,53.15,53.74,53.75,54.29,54.22,53.7,54.81,53.34,53.65,54.11,53.8,52.57,51.36,50.59,49.28,48.08,47.04,90.77,52.91,46.47,57.89,10.94,50.28,56.2,5.56,52.91,47.73,7.67,19.35,3.94,5.18,10.85
2018-06-13,57.06,56.74,57.32,56.67,-0.18,1.15,0.8368,1.16,1506407.0,85472779.98,56.49,55.44,54.45,53.7,53.18,53.73,53.76,54.31,54.25,53.74,54.81,53.34,53.65,54.11,53.8,52.57,51.36,50.59,49.28,48.08,47.04,87.24,52.95,46.47,57.89,10.94,50.28,56.41,5.75,52.95,47.73,7.16,18.88,3.53,5.22,10.94
2018-06-14,57.19,57.61,57.77,57.03,2.51,1.31,0.7538,1.07,1350868.0,77818102.01,56.77,55.68,54.66,53.85,53.22,53.76,53.82,54.32,54.28,53.77,54.81,53.34,53.65,54.11,53.8,52.57,51.36,50.59,49.28,48.08,47.04,93.92,53.0,46.47,57.89,10.94,50.49,56.41,5.54,53.0,47.73,8.69,20.69,5.11,5.27,11.04
2018-06-15,57.44,57.61,57.67,57.17,2.8,0.86,1.1817,1.73,2122476.0,122282209.79,57.08,55.92,54.88,53.98,53.27,53.79,53.86,54.34,54.32,53.81,55.35,54.07,53.9,54.05,54.03,52.85,51.6,50.84,49.52,48.33,47.25,93.99,53.06,46.47,57.89,10.94,50.49,56.62,5.73,53.06,47.89,8.58,20.3,4.1,5.17,10.8
2018-06-18,57.18,58.67,58.72,57.18,3.85,2.67,0.7963,1.01,1413692.0,82945550.72,57.52,56.25,55.09,54.14,53.38,53.86,53.93,54.36,54.37,53.86,55.35,54.07,53.9,54.05,54.03,52.85,51.6,50.84,49.52,48.33,47.25,99.12,53.11,46.68,58.1,10.9,50.49,56.83,5.91,53.11,47.89,10.47,22.52,6.01,5.22,10.9
2018-06-19,57.92,58.4,58.56,57.7,2.52,1.47,0.9177,1.11,1621018.0,94672314.25,57.81,56.61,55.28,54.29,53.5,53.92,54.02,54.37,54.41,53.91,55.35,54.07,53.9,54.05,54.03,52.85,51.6,50.84,49.52,48.33,47.25,97.33,53.17,46.68,58.1,10.9,50.49,56.83,5.91,53.17,47.89,9.84,21.95,5.52,5.28,11.03
2018-06-20,58.77,58.49,59.31,58.46,3.09,1.47,0.9423,1.03,1648536.0,96426167.71,58.16,56.95,55.47,54.39,53.6,53.97,54.09,54.39,54.46,53.95,55.35,54.07,53.9,54.05,54.03,52.85,51.6,50.84,49.52,48.33,47.25,96.33,53.23,46.68,58.31,11.08,50.49,56.83,5.91,53.23,47.89,9.89,22.14,5.68,5.34,11.15
2018-06-21,58.74,57.88,58.86,57.61,0.48,2.14,0.7205,0.76,1238118.0,71665984.19,58.21,57.19,55.59,54.49,53.72,54.01,54.15,54.39,54.51,54.0,55.35,54.07,53.9,54.05,54.03,52.85,51.6,50.84,49.52,48.33,47.25,91.66,53.27,46.68,58.31,11.08,50.49,56.83,5.91,53.27,47.89,8.66,20.87,4.58,5.38,11.23
2018-06-22,57.96,57.77,58.12,57.36,0.28,1.32,0.7784,0.81,1310967.0,75739807.46,58.24,57.31,55.69,54.56,53.85,54.04,54.21,54.38,54.55,54.04,56.24,54.7,53.88,54.16,54.22,53.14,51.84,51.05,49.75,48.56,47.46,91.37,53.31,46.68,58.31,11.08,50.49,57.04,6.1,53.31,48.08,8.37,20.16,2.73,5.23,10.88
2018-06-25,57.18,56.24,57.2,55.64,-4.15,2.69,1.2882,1.49,2157310.0,121328193.06,57.76,57.26,55.74,54.62,53.93,54.04,54.24,54.36,54.58,54.07,56.24,54.7,53.88,54.16,54.22,53.14,51.84,51.05,49.75,48.56,47.46,78.43,53.36,46.68,58.31,11.08,50.7,57.04,5.89,53.36,48.08,5.4,16.97,0.0,5.28,10.98
2018-06-26,56.4,55.92,56.66,55.83,-4.25,1.47,0.9439,0.98,1563225.0,87420231.68,57.26,57.19,55.77,54.68,54.02,54.01,54.26,54.34,54.59,54.11,56.24,54.7,53.88,54.16,54.22,53.14,51.84,51.05,49.75,48.56,47.46,73.56,53.4,46.68,58.31,11.08,50.7,57.04,5.89,53.4,48.08,4.72,16.31,-0.56,5.32,11.06
2018-06-27,56.07,55.2,56.59,55.18,-5.63,2.52,0.7891,0.82,1293892.0,71421544.51,56.6,57.08,55.81,54.77,54.1,53.97,54.26,54.3,54.6,54.14,56.24,54.7,53.88,54.16,54.22,53.14,51.84,51.05,49.75,48.56,47.46,67.99,53.44,46.68,58.31,11.08,50.7,57.04,5.89,53.44,48.08,3.29,14.81,-1.85,5.36,11.15
2018-06-28,55.1,55.71,56.12,54.8,-3.75,2.38,0.6636,0.71,1072438.0,59746593.42,56.17,57.05,55.86,54.87,54.17,53.96,54.27,54.28,54.61,54.16,56.24,54.7,53.88,54.16,54.22,53.14,51.84,51.05,49.75,48.56,47.46,71.53,53.46,46.89,58.31,10.85,50.7,56.83,5.7,53.46,48.08,4.21,15.87,-0.94,5.38,11.19
2018-06-29,56.0,55.78,56.41,55.75,-3.45,1.19,0.8141,0.89,1315121.0,73360737.18,55.77,57.03,55.92,54.96,54.24,53.94,54.27,54.25,54.61,54.19,56.64,54.91,53.82,54.35,54.39,53.38,52.0,51.21,49.96,48.76,47.64,73.3,53.49,46.89,58.31,10.85,50.7,56.83,5.7,53.49,48.24,4.29,15.64,-1.51,5.25,10.88
2018-07-02,54.95,56.37,56.4,54.69,0.24,3.07,0.7577,0.82,1217311.0,68623473.0,55.8,57.03,56.02,55.07,54.34,53.92,54.28,54.23,54.62,54.22,56.64,54.91,53.82,54.35,54.39,53.38,52.0,51.21,49.96,48.76,47.64,78.97,53.52,47.11,58.31,10.63,50.7,56.83,5.7,53.52,48.24,5.33,16.86,-0.47,5.28,10.95
2018-07-03,56.79,55.14,56.79,55.0,-1.39,3.18,0.4274,0.53,679034.0,37444990.41,55.64,56.9,56.06,55.16,54.42,53.9,54.27,54.2,54.62,54.23,56.64,54.91,53.82,54.35,54.39,53.38,52.0,51.21,49.96,48.76,47.64,66.23,53.53,47.11,58.31,10.63,50.7,56.83,5.7,53.53,48.24,3.02,14.31,-2.64,5.29,10.97
2018-07-05,55.53,56.21,56.38,55.42,1.84,1.72,0.6783,0.96,1066685.0,59962097.25,55.84,56.87,56.15,55.26,54.49,53.91,54.26,54.21,54.63,54.26,56.64,54.91,53.82,54.35,54.39,53.38,52.0,51.21,49.96,48.76,47.64,79.15,53.56,47.32,58.31,10.41,50.7,56.83,5.7,53.56,48.24,4.95,16.53,-0.75,5.32,11.03
2018-07-06,56.18,57.01,57.05,56.04,2.33,1.8,0.6367,0.93,996079.0,56784969.67,56.1,56.83,56.25,55.39,54.59,53.94,54.27,54.25,54.63,54.3,56.84,55.46,54.21,54.47,54.57,53.6,52.17,51.38,50.18,48.98,47.85,85.49,53.58,47.32,58.31,10.41,50.91,56.83,5.5,53.58,48.33,6.4,17.96,0.29,5.25,10.86
2018-07-09,57.42,57.7,57.73,57.17,3.44,0.99,0.5838,0.86,908969.0,52449783.72,56.49,56.83,56.38,55.53,54.69,53.99,54.3,54.28,54.65,54.34,56.84,55.46,54.21,54.47,54.57,53.6,52.17,51.38,50.18,48.98,47.85,91.97,53.61,47.32,58.31,10.41,50.91,57.04,5.68,53.61,48.33,7.63,19.39,1.51,5.28,10.92
2018-07-10,57.85,57.64,57.98,57.48,2.25,0.87,0.5151,0.82,798412.0,46022064.5,56.74,56.77,56.51,55.65,54.8,54.05,54.34,54.33,54.66,54.39,56.84,55.46,54.21,54.47,54.57,53.6,52.17,51.38,50.18,48.98,47.85,89.8,53.64,47.53,58.31,10.19,50.91,57.04,5.68,53.64,48.33,7.46,19.27,1.4,5.31,10.99
2018-07-11,57.23,57.7,58.21,57.05,4.63,2.02,0.7233,1.26,1119993.0,64617996.14,57.25,56.72,56.66,55.76,54.89,54.14,54.38,54.41,54.67,54.44,56.84,55.46,54.21,54.47,54.57,53.6,52.17,51.38,50.18,48.98,47.85,91.7,53.67,47.53,58.31,10.19,50.91,57.04,5.68,53.67,48.33,7.5,19.38,1.5,5.34,11.05
2018-07-12,57.99,59.17,59.22,57.8,5.27,2.47,0.8179,1.28,1251884.0,74078983.82,57.84,56.76,56.86,55.9,54.99,54.23,54.44,54.47,54.69,54.5,56.84,55.46,54.21,54.47,54.57,53.6,52.17,51.38,50.18,48.98,47.85,100.0,53.72,47.53,58.31,10.19,50.91,57.26,5.87,53.72,48.33,10.15,22.44,4.1,5.39,11.15
2018-07-13,59.25,59.44,59.77,59.0,4.27,1.3,0.7995,1.2,1222072.0,72641181.75,58.33,56.87,57.03,56.02,55.08,54.35,54.49,54.54,54.7,54.56,57.52,56.17,54.74,54.62,54.77,53.87,52.41,51.59,50.43,49.24,48.06,99.72,53.77,47.53,58.31,10.19,50.91,57.26,5.87,53.77,48.49,10.55,22.58,3.33,5.28,10.89
2018-07-16,59.47,59.19,59.55,58.96,2.58,0.99,0.6959,1.0,1055662.0,62487800.77,58.63,56.96,57.14,56.11,55.16,54.47,54.53,54.6,54.71,54.61,57.52,56.17,54.74,54.62,54.77,53.87,52.41,51.59,50.43,49.24,48.06,99.03,53.82,47.74,58.53,10.15,50.91,57.47,6.05,53.82,48.49,9.98,22.07,2.9,5.33,10.99
2018-07-17,58.61,59.94,60.15,58.53,3.99,2.74,1.0648,1.48,1610353.0,96524558.82,59.09,57.21,57.24,56.23,55.27,54.58,54.57,54.66,54.72,54.66,57.52,56.17,54.74,54.62,54.77,53.87,52.41,51.59,50.43,49.24,48.06,99.79,53.89,47.74,58.53,10.15,50.91,57.47,6.05,53.89,48.49,11.23,23.61,4.2,5.4,11.14
2018-07-18,59.83,59.79,60.22,59.52,3.64,1.18,0.9312,1.11,1393606.0,83329277.16,59.51,57.47,57.33,56.33,55.37,54.71,54.59,54.71,54.73,54.72,57.52,56.17,54.74,54.62,54.77,53.87,52.41,51.59,50.43,49.24,48.06,99.49,53.95,47.74,58.74,10.33,50.91,57.47,6.05,53.95,48.49,10.83,23.31,3.95,5.46,11.26
2018-07-19,59.55,59.35,60.0,59.17,0.29,1.39,0.8875,0.98,1276667.0,75767633.12,59.54,57.74,57.41,56.45,55.51,54.82,54.6,54.76,54.73,54.76,57.52,56.17,54.74,54.62,54.77,53.87,52.41,51.59,50.43,49.24,48.06,96.21,54.01,47.74,58.95,10.51,50.91,57.68,6.23,54.01,48.49,9.88,22.39,3.17,5.52,11.38
2018-07-20,59.35,59.25,59.84,59.21,-0.33,1.06,0.8795,0.95,1248400.0,73962082.2,59.5,57.98,57.52,56.57,55.65,54.93,54.63,54.8,54.74,54.81,57.85,56.6,55.33,54.89,54.98,54.11,52.67,51.77,50.67,49.48,48.28,95.28,54.07,47.74,59.16,10.68,50.91,57.68,6.23,54.07,48.71,9.57,21.63,2.41,5.36,11.0
2018-07-23,59.05,60.28,60.32,59.05,1.83,2.15,1.8336,1.99,2619234.0,157874329.35,59.72,58.28,57.66,56.71,55.79,55.05,54.66,54.84,54.76,54.86,57.85,56.6,55.33,54.89,54.98,54.11,52.67,51.77,50.67,49.48,48.28,100.0,54.2,47.95,59.37,10.64,50.91,57.89,6.41,54.2,48.71,11.21,23.74,4.19,5.49,11.27
2018-07-24,63.13,62.4,63.3,61.78,4.11,2.53,2.2778,2.04,3318204.0,207069202.42,60.21,58.68,57.85,56.91,55.97,55.21,54.71,54.91,54.79,54.93,57.85,56.6,55.33,54.89,54.98,54.11,52.67,51.77,50.67,49.48,48.28,98.65,54.41,48.37,59.79,10.56,50.91,58.31,6.78,54.41,48.71,14.69,28.11,7.87,5.7,11.7
2018-07-25,61.96,63.18,63.29,61.96,5.67,2.14,1.4612,1.09,2139999.0,135215836.82,60.89,59.22,58.06,57.11,56.17,55.38,54.79,54.97,54.83,54.99,57.85,56.6,55.33,54.89,54.98,54.11,52.67,51.77,50.67,49.48,48.28,100.0,54.56,48.59,60.01,10.52,51.12,58.31,6.57,54.56,48.71,15.81,29.72,9.22,5.85,12.01
2018-07-26,62.55,63.42,63.49,62.45,6.86,1.64,1.6245,1.13,2405638.0,152557142.23,61.71,59.7,58.28,57.34,56.37,55.53,54.88,55.03,54.89,55.05,57.85,56.6,55.33,54.89,54.98,54.11,52.67,51.77,50.67,49.48,48.28,100.0,54.71,48.59,62.33,12.39,51.12,58.53,6.75,54.71,48.71,15.91,30.19,9.62,6.0,12.32
2018-07-27,63.55,61.92,63.69,61.55,4.52,3.38,1.4302,0.91,2130558.0,131934804.15,62.24,60.03,58.43,57.51,56.55,55.68,54.96,55.09,54.97,55.11,58.68,57.46,56.03,55.08,55.3,54.42,52.99,51.99,50.97,49.75,48.54,93.33,54.84,48.8,62.54,12.35,51.12,58.74,6.93,54.84,49.1,12.92,26.12,5.53,5.74,11.69
2018-07-30,61.4,60.99,61.75,60.57,1.18,1.89,1.2413,0.73,1849904.0,112820095.25,62.38,60.24,58.54,57.67,56.71,55.8,55.03,55.15,55.03,55.16,58.68,57.46,56.03,55.08,55.3,54.42,52.99,51.99,50.97,49.75,48.54,91.94,54.93,48.8,62.33,12.18,51.12,59.16,7.29,54.93,49.1,11.03,24.21,3.93,5.83,11.87
2018-07-31,61.0,60.86,61.38,60.28,-2.47,1.8,1.1073,0.69,1644722.0,100102715.09,62.08,60.46,58.61,57.83,56.85,55.93,55.12,55.22,55.1,55.22,58.68,57.46,56.03,55.08,55.3,54.42,52.99,51.99,50.97,49.75,48.54,91.66,55.01,49.01,62.33,11.97,51.12,59.37,7.46,55.01,49.1,10.64,23.96,3.72,5.91,12.04
2018-08-01,61.4,61.0,61.67,60.51,-3.46,1.91,1.0539,0.77,1567264.0,95603887.63,61.64,60.68,58.7,58.0,56.99,56.05,55.23,55.28,55.19,55.27,58.68,57.46,56.03,55.08,55.3,54.42,52.99,51.99,50.97,49.75,48.54,91.01,55.08,49.01,62.33,11.97,51.12,59.37,7.46,55.08,49.1,10.75,24.24,3.95,5.98,12.18
2018-08-02,60.3,61.31,61.49,60.24,-3.33,2.06,1.0262,0.8,1531299.0,93880113.44,61.22,60.82,58.79,58.18,57.13,56.15,55.33,55.35,55.27,55.33,58.68,57.46,56.03,55.08,55.3,54.42,52.99,51.99,50.97,49.75,48.54,92.79,55.15,49.01,62.33,11.97,51.12,59.58,7.64,55.15,49.1,11.17,24.86,4.48,6.05,12.32
2018-08-03,61.48,61.19,61.5,60.75,-1.19,1.22,0.7381,0.62,1089896.0,66685831.71,61.07,60.94,58.9,58.33,57.25,56.25,55.45,55.41,55.34,55.39,59.76,58.2,56.53,55.3,55.5,54.68,53.31,52.22,51.25,50.01,48.8,91.49,55.2,49.22,62.33,11.75,51.12,59.58,7.64,55.2,49.38,10.84,23.91,2.38,5.82,11.79
2018-08-06,61.25,61.24,61.3,60.79,0.41,0.84,0.7356,0.7,1081723.0,66243093.94,61.12,61.07,59.02,58.45,57.35,56.34,55.57,55.46,55.41,55.45,59.76,58.2,56.53,55.3,55.5,54.68,53.31,52.22,51.25,50.01,48.8,91.25,55.25,49.22,62.33,11.75,51.12,59.79,7.82,55.25,49.38,10.84,24.01,2.47,5.87,11.89
2018-08-07,61.85,62.11,62.56,61.81,2.05,1.22,1.0132,1.08,1493980.0,92792591.78,61.37,61.22,59.21,58.56,57.47,56.46,55.69,55.52,55.48,55.51,59.76,58.2,56.53,55.3,55.5,54.68,53.31,52.22,51.25,50.01,48.8,92.89,55.33,49.43,62.33,11.54,51.12,60.01,7.99,55.33,49.38,12.26,25.78,3.93,5.95,12.05
2018-08-08,62.02,62.28,62.82,61.9,2.1,1.49,0.9313,1.01,1370913.0,85381147.1,61.62,61.38,59.43,58.68,57.6,56.58,55.82,55.56,55.55,55.56,59.76,58.2,56.53,55.3,55.5,54.68,53.31,52.22,51.25,50.01,48.8,93.44,55.41,49.43,62.33,11.54,51.12,60.22,8.17,55.41,49.38,12.4,26.12,4.22,6.03,12.21
2018-08-09,62.5,62.46,62.78,62.3,1.87,0.77,0.5807,0.65,848601.0,52999375.46,61.85,61.59,59.67,58.81,57.74,56.73,55.95,55.6,55.61,55.61,59.76,58.2,56.53,55.3,55.5,54.68,53.31,52.22,51.25,50.01,48.8,94.57,55.46,49.43,62.54,11.71,51.12,60.64,8.51,55.46,49.38,12.61,26.48,4.51,6.08,12.31
2018-08-10,62.15,61.88,62.28,61.6,1.14,1.1,0.7587,0.94,1108919.0,68620462.18,61.99,61.77,59.87,58.93,57.87,56.87,56.07,55.65,55.67,55.66,60.74,58.79,57.22,55.84,55.7,54.94,53.63,52.47,51.55,50.27,49.07,90.19,55.52,49.43,62.54,11.71,51.12,60.85,8.69,55.52,49.6,11.46,24.76,1.89,5.92,11.94
2018-08-13,61.85,61.75,62.46,61.68,0.84,1.26,0.6828,0.84,997346.0,61586614.17,62.1,61.87,60.07,59.06,58.0,57.0,56.19,55.69,55.72,55.7,60.74,58.79,57.22,55.84,55.7,54.94,53.63,52.47,51.55,50.27,49.07,89.62,55.58,49.43,62.54,11.71,51.12,60.85,8.69,55.58,49.6,11.1,24.5,1.67,5.98,12.06
2018-08-14,61.76,62.1,62.29,61.26,-0.01,1.68,0.9252,1.16,1348194.0,83729588.37,62.09,61.85,60.26,59.18,58.14,57.14,56.32,55.73,55.78,55.75,60.74,58.79,57.22,55.84,55.7,54.94,53.63,52.47,51.55,50.27,49.07,90.72,55.64,49.64,62.54,11.5,51.33,61.06,8.65,55.64,49.6,11.62,25.21,2.25,6.04,12.18
2018-08-15,61.46,60.72,61.76,60.48,-2.51,2.07,1.2436,1.61,1828814.0,111043757.27,61.78,61.68,60.45,59.27,58.26,57.28,56.43,55.77,55.81,55.79,60.74,58.79,57.22,55.84,55.7,54.94,53.63,52.47,51.55,50.27,49.07,82.29,55.72,49.64,62.54,11.5,51.33,61.06,8.65,55.72,49.6,8.97,22.42,-0.03,6.12,12.34
2018-08-16,61.24,60.32,61.3,60.13,-3.41,1.93,0.9108,1.1,1343161.0,81025515.74,61.36,61.48,60.59,59.35,58.37,57.39,56.52,55.82,55.84,55.82,60.74,58.79,57.22,55.84,55.7,54.94,53.63,52.47,51.55,50.27,49.07,80.61,55.78,49.64,62.54,11.5,51.33,61.06,8.65,55.78,49.6,8.15,21.62,-0.68,6.18,12.46
2018-08-17,60.1,60.05,60.45,59.41,-2.96,1.72,0.9388,1.05,1389645.0,83445402.96,60.99,61.35,60.69,59.4,58.47,57.51,56.62,55.87,55.87,55.85,60.86,59.19,57.73,56.27,55.8,55.15,53.89,52.66,51.81,50.52,49.31,79.87,55.83,49.64,62.54,11.5,51.33,61.06,8.65,55.83,49.85,7.56,20.46,-1.33,5.98,12.0
2018-08-20,60.25,60.39,60.55,59.73,-2.21,1.36,0.5876,0.63,870772.0,52584614.92,60.72,61.31,60.78,59.46,58.58,57.63,56.72,55.93,55.92,55.87,60.86,59.19,57.73,56.27,55.8,55.15,53.89,52.66,51.81,50.52,49.31,80.64,55.86,49.85,62.54,11.29,51.33,61.06,8.65,55.86,49.85,8.11,21.14,-0.77,6.01,12.06
2018-08-21,60.4,60.08,60.86,60.02,-3.26,1.4,0.8107,0.89,1205580.0,72432451.98,60.31,61.26,60.86,59.49,58.68,57.73,56.82,56.0,55.97,55.9,60.86,59.19,57.73,56.27,55.8,55.15,53.89,52.66,51.81,50.52,49.31,78.8,55.91,49.85,62.54,11.29,51.33,61.06,8.65,55.91,49.85,7.46,20.52,-1.27,6.06,12.16
2018-08-22,60.0,60.37,60.59,59.95,-0.58,1.07,0.6033,0.67,887389.0,53568568.07,60.24,61.22,60.95,59.54,58.81,57.83,56.91,56.09,56.03,55.92,60.86,59.19,57.73,56.27,55.8,55.15,53.89,52.66,51.81,50.52,49.31,80.15,55.94,49.85,62.54,11.29,51.33,61.06,8.65,55.94,49.85,7.91,21.1,-0.81,6.09,12.22
2018-08-23,60.36,60.27,61.06,60.21,-0.09,1.41,0.676,0.87,992604.0,59823250.48,60.23,61.15,60.98,59.58,58.92,57.93,56.98,56.16,56.07,55.95,60.86,59.19,57.73,56.27,55.8,55.15,53.89,52.66,51.81,50.52,49.31,79.59,55.98,50.07,62.33,10.91,51.33,61.06,8.65,55.98,49.85,7.66,20.9,-0.97,6.13,12.3
2018-08-24,60.44,61.03,61.08,60.32,1.64,1.27,0.6609,0.89,946840.0,57788012.3,60.43,61.14,61.04,59.65,59.03,58.03,57.07,56.26,56.13,55.97,61.21,59.53,58.14,56.8,55.88,55.4,54.19,52.92,52.08,50.77,49.57,84.58,56.02,50.07,62.33,10.91,51.33,61.06,8.65,56.02,50.01,8.95,22.04,-0.3,6.01,12.02
2018-08-27,61.38,62.09,62.15,61.29,2.82,1.42,0.8191,1.18,1156255.0,71793029.2,60.77,61.19,61.13,59.74,59.14,58.12,57.15,56.38,56.18,55.99,61.21,59.53,58.14,56.8,55.88,55.4,54.19,52.92,52.08,50.77,49.57,91.14,56.08,50.07,62.33,10.91,51.33,61.06,8.65,56.08,50.01,10.72,24.16,1.43,6.07,12.14
2018-08-28,62.06,61.56,62.13,61.43,2.46,1.12,0.9302,1.26,1304007.0,80271410.9,61.06,61.16,61.19,59.86,59.21,58.21,57.24,56.47,56.22,56.01,61.21,59.53,58.14,56.8,55.88,55.4,54.19,52.92,52.08,50.77,49.57,87.81,56.14,50.07,62.33,10.91,51.33,61.06,8.65,56.14,50.01,9.65,23.09,0.56,6.13,12.26
2018-08-29,61.87,62.46,62.53,61.82,3.48,1.16,0.9381,1.24,1309312.0,81786174.08,61.48,61.17,61.28,60.01,59.3,58.31,57.34,56.59,56.26,56.04,61.21,59.53,58.14,56.8,55.88,55.4,54.19,52.92,52.08,50.77,49.57,95.17,56.21,50.07,62.33,10.91,51.33,61.27,8.83,56.21,50.01,11.13,24.91,2.04,6.2,12.4
2018-08-30,62.21,61.96,62.68,61.63,2.8,1.68,0.9582,1.17,1331439.0,82490634.68,61.82,61.14,61.36,60.16,59.39,58.42,57.46,56.69,56.29,56.06,61.21,59.53,58.14,56.8,55.88,55.4,54.19,52.92,52.08,50.77,49.57,89.88,56.28,50.28,62.33,10.7,51.33,61.27,8.83,56.28,50.01,10.09,23.89,1.21,6.27,12.54
2018-08-31,61.75,60.91,61.83,60.56,-0.2,2.05,1.3026,1.5,1816426.0,110637599.45,61.8,61.07,61.42,60.27,59.47,58.51,57.57,56.79,56.33,56.07,61.01,59.85,58.64,57.27,56.05,55.63,54.48,53.17,52.31,51.02,49.81,80.57,56.36,50.28,62.33,10.7,51.33,61.27,8.83,56.36,50.27,8.07,21.16,-0.17,6.09,12.11
2018-09-04,60.21,59.85,60.65,59.62,-3.61,1.68,1.3046,1.32,1831045.0,109588043.25,61.35,60.94,61.41,60.36,59.53,58.59,57.66,56.87,56.35,56.09,61.01,59.85,58.64,57.27,56.05,55.63,54.48,53.17,52.31,51.02,49.81,71.16,56.42,50.28,62.33,10.7,51.55,61.27,8.62,56.42,50.27,6.08,19.06,-1.9,6.15,12.23
2018-09-05,59.69,59.32,59.95,58.1,-3.63,3.09,1.4518,1.36,2061309.0,122285095.12,60.9,60.76,61.3,60.43,59.58,58.67,57.75,56.95,56.36,56.09,61.01,59.85,58.64,57.27,56.05,55.63,54.48,53.17,52.31,51.02,49.81,66.58,56.47,50.28,62.33,10.7,51.55,61.27,8.62,56.47,50.27,5.05,18.01,-2.77,6.2,12.33
2018-09-06,59.32,58.57,59.32,57.6,-6.23,2.89,1.315,1.13,1888467.0,110611289.12,60.12,60.62,61.15,60.5,59.6,58.73,57.83,57.03,56.38,56.09,61.01,59.85,58.64,57.27,56.05,55.63,54.48,53.17,52.31,51.02,49.81,63.82,56.5,50.28,62.33,10.7,51.55,61.27,8.62,56.5,50.27,3.67,16.51,-4.0,6.23,12.39
2018-09-07,57.93,58.24,58.76,57.86,-6.0,1.54,0.977,0.78,1401404.0,81619871.07,59.38,60.48,60.98,60.55,59.63,58.79,57.9,57.09,56.4,56.11,60.42,60.09,58.94,57.5,56.27,55.82,54.72,53.35,52.48,51.23,50.02,59.82,56.53,50.28,62.33,10.7,51.55,61.27,8.62,56.53,50.47,3.03,15.4,-3.61,6.06,12.01
2018-09-10,58.61,58.23,58.73,58.01,-4.4,1.24,0.78,0.62,1115796.0,64975032.67,58.84,60.36,60.85,60.58,59.64,58.85,57.98,57.16,56.43,56.15,60.42,60.09,58.94,57.5,56.27,55.82,54.72,53.35,52.48,51.23,50.02,59.51,56.55,50.49,62.33,10.5,51.55,61.27,8.62,56.55,50.47,2.97,15.38,-3.63,6.08,12.05
2018-09-11,58.08,58.87,58.93,57.81,-1.64,1.93,0.8547,0.73,1209565.0,71204672.42,58.65,60.25,60.78,60.6,59.66,58.91,58.07,57.23,56.47,56.18,60.42,60.09,58.94,57.5,56.27,55.82,54.72,53.35,52.48,51.23,50.02,65.91,56.58,50.49,62.33,10.5,51.55,61.27,8.62,56.58,50.47,4.04,16.64,-2.57,6.11,12.11
2018-09-12,58.64,58.14,58.93,57.92,-1.99,1.72,0.9166,0.84,1295472.0,75320037.55,58.41,60.13,60.69,60.61,59.65,58.97,58.13,57.29,56.51,56.22,60.42,60.09,58.94,57.5,56.27,55.82,54.72,53.35,52.48,51.23,50.02,58.79,56.6,50.49,62.33,10.5,51.55,61.27,8.62,56.6,50.47,2.72,15.2,-3.78,6.13,12.15
2018-09-13,58.54,58.77,58.93,58.14,0.33,1.36,1.015,1.04,1431214.0,84107437.53,58.45,60.02,60.62,60.64,59.66,59.05,58.2,57.36,56.58,56.27,60.42,60.09,58.94,57.5,56.27,55.82,54.72,53.35,52.48,51.23,50.02,66.54,56.64,50.49,62.33,10.5,51.55,61.27,8.62,56.64,50.47,3.75,16.44,-2.74,6.17,12.23
2018-09-14,58.96,58.63,59.02,58.42,0.66,1.03,0.675,0.73,943978.0,55342126.22,58.53,59.91,60.53,60.63,59.66,59.12,58.26,57.4,56.63,56.32,59.77,60.25,59.12,57.86,56.4,55.99,54.93,53.51,52.65,51.44,50.23,64.15,56.66,50.49,62.33,10.5,51.55,61.27,8.62,56.66,50.62,3.47,15.82,-2.7,6.04,11.93
2018-09-17,58.51,57.8,58.86,57.7,-0.74,1.98,0.9335,1.09,1306522.0,75520237.9,58.44,59.69,60.42,60.59,59.66,59.17,58.3,57.44,56.69,56.35,59.77,60.25,59.12,57.86,56.4,55.99,54.93,53.51,52.65,51.44,50.23,54.0,56.68,50.49,62.33,10.5,51.76,61.27,8.42,56.68,50.62,1.98,14.19,-4.07,6.06,11.97
2018-09-18,57.85,58.06,58.8,57.85,-1.37,1.64,0.8612,0.97,1203686.0,69887212.85,58.28,59.42,60.31,60.56,59.66,59.19,58.34,57.48,56.76,56.39,59.77,60.25,59.12,57.86,56.4,55.99,54.93,53.51,52.65,51.44,50.23,54.94,56.71,50.49,62.33,10.5,51.76,61.06,8.25,56.71,50.62,2.38,14.7,-3.64,6.09,12.03
2018-09-19,58.25,58.55,58.66,57.73,0.71,1.6,0.8623,0.96,1191386.0,69761011.54,58.36,59.22,60.19,60.53,59.7,59.21,58.38,57.52,56.81,56.42,59.77,60.25,59.12,57.86,56.4,55.99,54.93,53.51,52.65,51.44,50.23,65.0,56.73,50.7,62.33,10.29,51.76,61.06,8.25,56.73,50.62,3.22,15.67,-2.82,6.11,12.07
2018-09-20,59.0,59.34,59.49,58.67,0.98,1.41,0.8905,1.01,1225387.0,72718753.43,58.48,59.02,60.09,60.52,59.76,59.25,58.43,57.58,56.89,56.46,59.77,60.25,59.12,57.86,56.4,55.99,54.93,53.51,52.65,51.44,50.23,69.4,56.76,50.7,62.33,10.29,51.76,61.06,8.25,56.76,50.62,4.55,17.23,-1.51,6.14,12.13
2018-09-21,59.6,58.3,59.61,58.3,-0.55,2.2,3.0854,3.75,4405584.0,256865372.33,58.41,58.77,59.95,60.5,59.81,59.27,58.48,57.65,56.95,56.48,59.42,60.14,59.27,58.15,56.46,56.12,55.12,53.7,52.81,51.64,50.45,54.7,56.84,50.7,62.33,10.29,51.76,61.06,8.25,56.84,50.86,2.58,14.64,-3.05,5.98,11.76
2018-09-24,57.86,58.67,58.9,57.35,1.5,2.67,0.8881,0.68,1271017.0,74568660.86,58.59,58.62,59.85,60.49,59.86,59.3,58.53,57.72,57.01,56.5,59.42,60.14,59.27,58.15,56.46,56.12,55.12,53.7,52.81,51.64,50.45,64.0,56.86,50.7,62.33,10.29,51.97,61.06,8.04,56.86,50.86,3.18,15.35,-2.45,6.0,11.8
2018-09-25,58.81,59.23,59.34,58.4,2.02,1.61,0.6859,0.53,977731.0,57913451.46,58.82,58.58,59.76,60.46,59.92,59.34,58.59,57.79,57.08,56.53,59.42,60.14,59.27,58.15,56.46,56.12,55.12,53.7,52.81,51.64,50.45,70.63,56.89,50.7,62.33,10.29,51.97,61.06,8.04,56.89,50.86,4.12,16.46,-1.51,6.03,11.86
2018-09-26,59.26,59.02,59.71,58.74,0.8,1.64,1.0228,0.81,1462253.0,86308752.2,58.91,58.56,59.66,60.39,59.96,59.37,58.65,57.86,57.15,56.55,59.42,60.14,59.27,58.15,56.46,56.12,55.12,53.7,52.81,51.64,50.45,68.19,56.93,50.7,62.33,10.29,51.97,61.06,8.04,56.93,50.86,3.68,16.05,-1.85,6.07,11.93
2018-09-27,59.34,59.73,60.1,59.18,0.65,1.56,0.8759,0.67,1260754.0,75307357.93,58.99,58.64,59.63,60.31,60.04,59.41,58.71,57.95,57.23,56.58,59.42,60.14,59.27,58.15,56.46,56.12,55.12,53.7,52.81,51.64,50.45,73.96,56.96,50.91,62.33,10.08,51.97,61.06,8.04,56.96,50.86,4.87,17.44,-0.68,6.1,11.99
2018-09-28,59.59,59.67,59.77,59.22,2.35,0.91,0.9557,0.74,1380629.0,82386964.63,59.27,58.74,59.61,60.23,60.1,59.45,58.78,58.02,57.29,56.59,59.15,60.18,59.41,58.39,56.65,56.28,55.32,53.92,52.97,51.86,50.67,74.21,57.0,50.91,62.33,10.08,51.97,61.06,8.04,57.0,51.02,4.69,16.96,-0.85,5.98,11.72
2018-10-01,59.99,59.77,60.5,59.52,1.87,1.64,0.9359,1.07,1357604.0,81137881.86,59.49,58.84,59.6,60.18,60.14,59.48,58.85,58.1,57.37,56.62,59.15,60.18,59.41,58.39,56.65,56.28,55.32,53.92,52.97,51.86,50.67,73.56,57.03,50.91,62.33,10.08,52.18,61.06,7.84,57.03,51.02,4.8,17.14,-0.69,6.01,11.78
2018-10-02,59.55,60.01,60.5,59.33,1.31,1.95,1.1533,1.31,1687914.0,101284123.53,59.64,58.91,59.58,60.16,60.18,59.51,58.91,58.19,57.44,56.65,59.15,60.18,59.41,58.39,56.65,56.28,55.32,53.92,52.97,51.86,50.67,77.59,57.07,50.91,62.33,10.08,52.18,61.06,7.84,57.07,51.02,5.14,17.61,-0.29,6.05,11.86
2018-10-03,60.25,60.15,60.32,59.69,1.9,1.05,0.8539,0.88,1256214.0,75558131.56,59.86,59.05,59.59,60.14,60.22,59.53,58.98,58.26,57.51,56.69,59.15,60.18,59.41,58.39,56.65,56.28,55.32,53.92,52.97,51.86,50.67,77.41,57.11,50.91,62.33,10.08,52.18,61.06,7.84,57.11,51.02,5.32,17.89,-0.06,6.09,11.94
2018-10-04,59.77,58.41,59.88,57.78,-2.21,3.49,1.4835,1.59,2209490.0,129055206.16,59.6,59.02,59.52,60.09,60.23,59.53,59.04,58.32,57.56,56.72,59.15,60.18,59.41,58.39,56.65,56.28,55.32,53.92,52.97,51.86,50.67,54.57,57.14,50.91,62.33,10.08,52.39,61.06,7.64,57.14,51.02,2.22,14.48,-2.95,6.12,12.0
2018-10-05,58.38,57.87,58.68,57.26,-3.03,2.43,0.7959,0.75,1184452.0,68541276.11,59.24,58.97,59.44,60.01,60.21,59.52,59.09,58.36,57.6,56.75,58.54,59.78,59.41,58.62,56.65,56.42,55.49,54.12,53.1,52.07,50.86,45.46,57.15,50.91,62.33,10.08,52.39,60.85,7.47,57.15,51.21,1.26,13.0,-3.19,5.94,11.6
2018-10-08,57.51,57.45,58.4,56.37,-3.88,3.51,1.2882,1.26,1932355.0,111010896.22,58.78,58.95,59.32,59.93,60.18,59.52,59.13,58.4,57.63,56.76,58.54,59.78,59.41,58.62,56.65,56.42,55.49,54.12,53.1,52.07,50.86,42.53,57.16,50.91,62.33,10.08,52.39,60.85,7.47,57.16,51.21,0.5,12.18,-3.9,5.95,11.62
2018-10-09,57.31,56.94,57.72,56.88,-5.11,1.46,0.87,0.79,1308764.0,74522330.92,58.16,58.87,59.15,59.83,60.14,59.51,59.14,58.42,57.65,56.77,58.54,59.78,59.41,58.62,56.65,56.42,55.49,54.12,53.1,52.07,50.86,40.04,57.17,50.91,62.33,10.08,52.39,60.85,7.47,57.17,51.21,-0.4,11.19,-4.74,5.96,11.64
2018-10-10,56.55,54.06,56.61,54.06,-10.12,4.48,1.758,1.7,2675742.0,144653288.26,56.95,58.58,58.9,59.65,60.04,59.48,59.11,58.41,57.66,56.76,58.54,59.78,59.41,58.62,56.65,56.42,55.49,54.12,53.1,52.07,50.86,23.39,57.13,50.91,62.33,10.08,52.6,60.85,7.27,57.13,51.21,-5.37,5.57,-9.56,5.92,11.56
2018-10-11,53.65,53.97,55.32,53.41,-7.61,3.53,1.9058,1.58,2950120.0,159206175.92,56.06,58.22,58.62,59.47,59.95,59.45,59.07,58.4,57.66,56.73,58.54,59.78,59.41,58.62,56.65,56.42,55.49,54.12,53.1,52.07,50.86,23.47,57.08,50.91,62.33,10.08,52.6,60.85,7.27,57.08,51.21,-5.46,5.38,-9.72,5.87,11.46
2018-10-12,55.4,55.5,55.75,54.32,-4.08,2.65,1.3455,1.05,2101303.0,116630721.71,55.58,58.03,58.4,59.31,59.88,59.45,59.06,58.41,57.7,56.71,58.0,59.21,59.39,58.7,56.6,56.43,55.58,54.29,53.22,52.25,51.03,33.46,57.05,50.91,62.33,10.08,52.6,60.85,7.27,57.05,51.34,-2.71,8.11,-6.55,5.71,11.12
2018-10-15,55.45,54.61,55.67,54.45,-4.94,2.2,0.8776,0.63,1372393.0,74949812.71,55.02,57.76,58.19,59.15,59.81,59.44,59.04,58.42,57.73,56.7,58.0,59.21,59.39,58.7,56.6,56.43,55.58,54.29,53.22,52.25,51.03,27.38,57.04,51.12,62.33,9.88,52.82,60.85,7.07,57.04,51.34,-4.26,6.37,-8.05,5.7,11.1
2018-10-16,55.23,56.06,56.21,55.12,-1.54,1.99,1.2424,0.93,1928540.0,108121666.56,54.84,57.55,58.07,59.02,59.74,59.44,59.04,58.44,57.76,56.69,58.0,59.21,59.39,58.7,56.6,56.43,55.58,54.29,53.22,52.25,51.03,39.37,57.03,51.12,62.33,9.88,52.82,60.85,7.07,57.03,51.34,-1.69,9.2,-5.6,5.69,11.08
2018-10-17,56.32,55.78,56.45,55.11,3.19,2.39,0.9644,0.67,1467226.0,81848468.8,55.19,57.33,57.95,58.88,59.62,59.44,59.03,58.46,57.8,56.68,58.0,59.21,59.39,58.7,56.6,56.43,55.58,54.29,53.22,52.25,51.03,37.41,57.02,51.12,62.12,9.71,52.82,60.85,7.07,57.02,51.34,-2.17,8.66,-6.08,5.68,11.06
2018-10-18,56.09,54.4,56.09,53.85,0.8,4.01,1.3774,1.07,2094524.0,113938963.81,55.27,56.98,57.81,58.74,59.48,59.43,59.01,58.47,57.83,56.66,58.0,59.21,59.39,58.7,56.6,56.43,55.58,54.29,53.22,52.25,51.03,25.22,56.99,51.12,62.12,9.71,52.82,60.85,7.07,56.99,51.34,-4.55,5.96,-8.41,5.65,11.01
2018-10-19,54.67,54.82,55.52,54.39,-1.23,2.08,0.8441,0.71,1267649.0,69496321.13,55.14,56.65,57.69,58.62,59.34,59.41,58.98,58.48,57.85,56.66,57.23,58.5,59.25,58.65,56.73,56.4,55.65,54.44,53.33,52.42,51.18,28.69,56.98,51.12,62.12,9.71,53.03,60.64,6.7,56.98,51.43,-3.79,6.6,-7.47,5.55,10.79
2018-10-22,55.15,55.06,55.61,54.55,0.82,1.94,1.0153,0.93,1514220.0,83369924.76,55.23,56.34,57.59,58.51,59.22,59.38,58.96,58.49,57.88,56.66,57.23,58.5,59.25,58.65,56.73,56.4,55.65,54.44,53.33,52.42,51.18,30.84,56.97,51.12,62.12,9.71,53.03,60.64,6.7,56.97,51.43,-3.36,7.05,-7.07,5.54,10.77
2018-10-23,54.04,55.18,55.39,53.5,-1.57,3.44,1.2395,1.12,1848654.0,102017046.66,55.05,56.02,57.47,58.4,59.12,59.35,58.93,58.5,57.92,56.67,57.23,58.5,59.25,58.65,56.73,56.4,55.65,54.44,53.33,52.42,51.18,33.94,56.94,51.12,62.12,9.71,53.03,60.64,6.7,56.94,51.43,-3.08,7.3,-6.86,5.51,10.71
2018-10-24,55.21,52.54,55.31,52.44,-5.82,5.2,1.3242,1.21,1982430.0,104147951.26,54.4,55.51,57.28,58.23,58.99,59.28,58.86,58.49,57.92,56.67,57.23,58.5,59.25,58.65,56.73,56.4,55.65,54.44,53.33,52.42,51.18,12.19,56.9,51.12,62.12,9.71,53.03,60.64,6.7,56.9,51.43,-7.67,2.15,-11.33,5.47,10.64
2018-10-25,53.59,54.78,55.55,53.48,0.7,3.94,1.6822,1.46,2545839.0,139457241.66,54.48,55.27,57.15,58.1,58.88,59.24,58.82,58.5,57.93,56.69,57.23,58.5,59.25,58.65,56.73,56.4,55.65,54.44,53.33,52.42,51.18,30.11,56.88,51.12,62.12,9.71,53.24,60.64,6.5,56.88,51.43,-3.69,6.51,-7.54,5.45,10.6
2018-10-26,51.85,53.57,55.33,51.7,-2.28,6.61,2.6884,2.29,4187586.0,224343638.57,54.23,54.98,56.98,57.95,58.75,59.17,58.77,58.51,57.94,56.7,56.29,57.86,58.86,58.52,56.8,56.32,55.69,54.55,53.41,52.57,51.33,18.44,56.79,51.12,62.12,9.71,53.03,60.43,6.52,56.79,51.5,-5.66,4.03,-8.98,5.29,10.27
2018-10-29,54.12,51.0,54.85,49.79,-7.36,9.45,2.4192,1.61,3880723.0,197932395.89,53.42,54.55,56.75,57.73,58.58,59.05,58.69,58.48,57.92,56.7,56.29,57.86,58.86,58.52,56.8,56.32,55.69,54.55,53.41,52.57,51.33,4.11,56.67,51.12,62.12,9.71,52.82,60.43,6.72,56.67,51.5,-10.0,-0.96,-13.34,5.17,10.04
2018-10-30,50.42,51.81,51.87,50.04,-6.11,3.6,1.9593,1.11,3212657.0,166449365.5,52.74,54.21,56.54,57.5,58.43,58.96,58.62,58.44,57.89,56.71,56.29,57.86,58.86,58.52,56.8,56.32,55.69,54.55,53.41,52.57,51.33,12.11,56.56,51.12,62.12,9.71,52.6,60.43,6.92,56.56,51.5,-8.4,0.6,-11.97,5.06,9.83
2018-10-31,52.99,53.84,54.6,52.85,2.48,3.37,1.5268,0.8,2529768.0,136198914.47,53.0,54.2,56.39,57.33,58.29,58.87,58.6,58.41,57.88,56.73,56.29,57.86,58.86,58.52,56.8,56.32,55.69,54.55,53.41,52.57,51.33,24.06,56.51,51.12,62.12,9.71,52.6,60.43,6.92,56.51,51.5,-4.73,4.54,-8.53,5.01,9.73
2018-11-01,53.79,53.5,54.2,53.12,-2.33,2.0,0.8934,0.45,1481979.0,79285876.5,52.75,54.16,56.19,57.13,58.14,58.79,58.57,58.37,57.87,56.75,56.29,57.86,58.86,58.52,56.8,56.32,55.69,54.55,53.41,52.57,51.33,22.15,56.49,51.12,62.12,9.71,52.6,60.22,6.75,56.49,51.5,-5.29,3.88,-9.1,4.99,9.69
2018-11-02,53.69,52.89,54.15,52.73,-1.28,2.65,1.0977,0.6,1839043.0,97266064.75,52.61,53.99,56.01,56.93,57.98,58.7,58.54,58.34,57.86,56.76,54.93,57.04,58.43,58.29,56.88,56.17,55.73,54.66,53.51,52.7,51.47,16.8,56.45,51.12,62.12,9.71,52.6,60.22,6.75,56.45,51.53,-6.31,2.64,-9.49,4.92,9.55
2018-11-05,52.75,52.0,52.92,51.06,1.96,3.52,1.4383,0.94,2441430.0,126965346.44,52.81,53.82,55.79,56.73,57.82,58.61,58.5,58.3,57.84,56.77,54.93,57.04,58.43,58.29,56.88,56.17,55.73,54.66,53.51,52.7,51.47,13.15,56.39,51.12,62.12,9.71,52.39,60.22,6.95,56.39,51.53,-7.78,0.92,-11.0,4.86,9.43
2018-11-06,51.97,52.79,53.22,51.9,1.89,2.53,0.7249,0.54,1233306.0,65106840.39,53.0,53.6,55.57,56.58,57.67,58.51,58.47,58.26,57.83,56.78,54.93,57.04,58.43,58.29,56.88,56.17,55.73,54.66,53.51,52.7,51.47,16.87,56.36,51.12,62.12,9.71,52.39,60.22,6.95,56.36,51.53,-6.33,2.45,-9.66,4.83,9.37
2018-11-07,53.45,54.67,54.77,53.3,1.54,2.8,1.2014,1.08,2058356.0,112529293.34,53.17,53.52,55.43,56.47,57.54,58.4,58.45,58.25,57.84,56.81,54.93,57.04,58.43,58.29,56.88,56.17,55.73,54.66,53.51,52.7,51.47,36.75,56.34,51.12,62.12,9.71,52.6,60.22,6.75,56.34,51.53,-2.97,6.09,-6.44,4.81,9.33
2018-11-08,54.57,54.12,54.66,53.61,1.16,1.93,0.8715,0.82,1488182.0,80540409.84,53.29,53.51,55.24,56.37,57.43,58.28,58.44,58.22,57.85,56.83,54.93,57.04,58.43,58.29,56.88,56.17,55.73,54.66,53.51,52.7,51.47,32.38,56.32,51.12,62.12,9.71,52.6,60.22,6.75,56.32,51.53,-3.91,5.03,-7.38,4.79,9.3
2018-11-09,53.7,53.31,53.78,52.66,0.79,2.07,0.7867,0.74,1343313.0,71608657.75,53.38,53.4,55.03,56.26,57.32,58.15,58.41,58.19,57.84,56.84,54.02,56.28,57.86,58.06,56.94,56.11,55.76,54.78,53.62,52.8,51.6,22.0,56.3,51.12,62.12,9.71,52.6,60.22,6.75,56.3,51.56,-5.32,3.39,-8.19,4.74,9.19
2018-11-12,53.07,51.93,53.11,51.55,-0.14,2.92,0.8612,0.86,1471758.0,76430600.58,53.36,53.2,54.77,56.12,57.18,58.02,58.35,58.13,57.83,56.85,54.02,56.28,57.86,58.06,56.94,56.11,55.76,54.78,53.62,52.8,51.6,11.19,56.26,51.12,62.12,9.71,52.39,60.22,6.95,56.26,51.56,-7.69,0.72,-10.56,4.7,9.12
2018-11-13,52.16,51.8,52.83,51.56,-1.87,2.45,0.8802,1.0,1513702.0,78413547.86,53.17,52.97,54.49,55.97,57.04,57.89,58.29,58.08,57.81,56.85,54.02,56.28,57.86,58.06,56.94,56.11,55.76,54.78,53.62,52.8,51.6,11.3,56.22,51.12,62.12,9.71,52.39,60.22,6.95,56.22,51.56,-7.86,0.47,-10.78,4.66,9.04
2018-11-14,52.5,52.18,52.73,51.55,-4.55,2.27,0.9074,0.99,1565945.0,81715707.94,52.67,52.95,54.23,55.83,56.91,57.78,58.22,58.02,57.8,56.85,54.02,56.28,57.86,58.06,56.94,56.11,55.76,54.78,53.62,52.8,51.6,14.92,56.19,51.12,62.12,9.71,52.39,60.22,6.95,56.19,51.56,-7.13,1.21,-10.13,4.63,8.98
2018-11-15,52.24,53.24,53.59,51.59,-1.63,3.84,1.0543,1.24,1836084.0,97744849.78,52.49,52.84,54.06,55.71,56.79,57.67,58.17,57.97,57.8,56.86,54.02,56.28,57.86,58.06,56.94,56.11,55.76,54.78,53.62,52.8,51.6,22.32,56.15,51.12,62.12,9.71,52.39,60.22,6.95,56.15,51.56,-5.19,3.25,-8.31,4.59,8.9
2018-11-16,52.97,53.07,53.35,52.45,-0.44,1.69,0.9461,1.07,1658116.0,88003677.64,52.45,52.81,53.9,55.59,56.67,57.56,58.11,57.92,57.79,56.86,53.53,55.76,57.32,57.93,56.92,56.14,55.81,54.89,53.69,52.89,51.73,22.88,56.12,51.12,62.12,9.71,52.39,60.01,6.77,56.12,51.58,-5.43,2.9,-8.38,4.54,8.8
2018-11-19,52.86,51.0,53.04,50.81,-1.79,4.2,1.0514,1.16,1858614.0,94789314.0,52.26,52.81,53.68,55.44,56.5,57.43,58.01,57.85,57.77,56.84,53.53,55.76,57.32,57.93,56.92,56.14,55.81,54.89,53.69,52.89,51.73,3.99,56.08,51.12,62.12,9.71,52.18,60.01,6.97,56.08,51.58,-9.06,-1.12,-11.96,4.5,8.72
2018-11-20,50.0,51.29,51.59,49.8,-0.99,3.5,1.3687,1.45,2449130.0,125610979.44,52.16,52.78,53.49,55.29,56.32,57.3,57.93,57.79,57.73,56.82,53.53,55.76,57.32,57.93,56.92,56.14,55.81,54.89,53.69,52.89,51.73,6.73,56.0,51.12,62.12,9.71,52.18,60.01,6.97,56.0,51.58,-8.41,-0.57,-11.46,4.42,8.57
2018-11-21,51.84,51.88,52.43,51.67,-0.58,1.47,0.8556,0.82,1534274.0,79598902.26,52.1,52.65,53.42,55.14,56.16,57.16,57.84,57.75,57.69,56.81,53.53,55.76,57.32,57.93,56.92,56.14,55.81,54.89,53.69,52.89,51.73,12.89,55.96,51.12,62.12,9.71,51.97,60.01,7.18,55.96,51.58,-7.29,0.58,-10.44,4.38,8.49
2018-11-23,51.5,51.19,51.88,51.12,-3.83,1.46,0.3878,0.37,691462.0,35398705.63,51.69,52.49,53.33,54.96,55.97,57.01,57.74,57.7,57.64,56.79,52.81,55.02,56.6,57.64,56.91,56.05,55.79,54.95,53.73,52.95,51.84,6.66,55.95,51.12,62.12,9.71,51.97,60.01,7.18,55.95,51.58,-8.5,-0.75,-11.18,4.37,8.47
2018-11-26,51.92,52.43,52.47,51.7,-1.21,1.5,1.0835,1.19,1942822.0,101864100.28,51.56,52.46,53.23,54.83,55.81,56.88,57.66,57.68,57.6,56.8,52.81,55.02,56.6,57.64,56.91,56.05,55.79,54.95,53.73,52.95,51.84,20.32,55.91,51.12,61.91,9.54,51.97,60.01,7.18,55.91,51.58,-6.22,1.65,-9.03,4.33,8.39
2018-11-27,52.05,52.22,52.88,51.92,2.39,1.82,1.0058,1.06,1803164.0,94162125.66,51.8,52.48,53.15,54.68,55.67,56.75,57.59,57.64,57.57,56.81,52.81,55.02,56.6,57.64,56.91,56.05,55.79,54.95,53.73,52.95,51.84,18.28,55.88,51.12,61.91,9.54,51.97,60.01,7.18,55.88,51.58,-6.55,1.24,-9.4,4.3,8.34
2018-11-28,52.44,54.31,54.34,51.79,5.9,4.89,1.3725,1.47,2475419.0,134443719.02,52.41,52.58,53.09,54.57,55.58,56.65,57.52,57.63,57.55,56.83,52.81,55.02,56.6,57.64,56.91,56.05,55.79,54.95,53.73,52.95,51.84,42.65,55.85,51.12,61.91,9.54,51.97,60.01,7.18,55.85,51.58,-2.75,5.3,-5.77,4.27,8.28
2018-11-29,53.8,54.42,54.71,53.8,4.89,1.68,0.8189,0.87,1468859.0,79927962.48,52.91,52.56,53.04,54.47,55.49,56.55,57.43,57.61,57.54,56.85,52.81,55.02,56.6,57.64,56.91,56.05,55.79,54.95,53.73,52.95,51.84,42.8,55.84,51.12,61.91,9.54,51.97,60.01,7.18,55.84,51.58,-2.55,5.5,-5.59,4.26,8.26
2018-11-30,54.45,54.72,54.78,53.89,6.89,1.63,1.4295,1.54,2580612.0,141214959.56,53.62,52.6,53.05,54.36,55.43,56.47,57.34,57.61,57.52,56.87,53.04,54.66,56.25,57.4,56.99,56.01,55.82,55.04,53.84,53.05,51.98,48.31,55.82,51.12,61.91,9.54,52.18,60.01,6.97,55.82,51.62,-1.97,6.01,-4.67,4.2,8.14
2018-12-03,56.16,55.32,56.23,55.18,5.51,1.92,1.0968,0.97,1990758.0,110131718.7,54.2,52.73,53.07,54.26,55.38,56.4,57.25,57.6,57.51,56.89,53.04,54.66,56.25,57.4,56.99,56.01,55.82,55.04,53.84,53.05,51.98,51.84,55.83,51.12,61.91,9.54,52.18,60.01,6.97,55.83,51.62,-0.91,7.17,-3.62,4.21,8.16
2018-12-04,55.16,52.54,55.22,52.5,0.61,4.92,1.2776,1.14,2345166.0,123217366.81,54.26,52.77,52.99,54.1,55.29,56.3,57.14,57.55,57.46,56.9,53.04,54.66,56.25,57.4,56.99,56.01,55.82,55.04,53.84,53.05,51.98,19.23,55.8,51.12,61.91,9.54,52.18,59.79,6.8,55.8,51.62,-5.84,1.78,-8.47,4.18,8.1
2018-12-06,51.71,53.44,53.56,51.54,-1.61,3.85,1.4876,1.27,2769225.0,147977691.71,54.09,52.88,52.93,53.96,55.2,56.21,57.06,57.51,57.43,56.92,53.04,54.66,56.25,57.4,56.99,56.01,55.82,55.04,53.84,53.05,51.98,29.49,55.75,51.12,61.91,9.54,52.18,59.79,6.8,55.75,51.62,-4.15,3.52,-6.91,4.13,8.0
2018-12-07,53.0,51.83,53.76,51.42,-4.75,4.38,1.1207,0.94,2101206.0,108903405.77,53.57,52.86,52.9,53.77,55.09,56.1,56.96,57.46,57.37,56.91,52.83,53.88,55.64,57.03,56.89,55.96,55.8,55.08,53.92,53.09,52.08,11.53,55.72,51.12,61.91,9.54,52.18,59.79,6.8,55.72,51.67,-6.98,0.31,-9.12,4.05,7.84
2018-12-10,51.75,51.98,52.42,51.16,-5.01,2.43,0.9609,0.77,1807725.0,93961026.19,53.02,52.78,52.81,53.63,54.98,55.99,56.86,57.4,57.32,56.91,52.83,53.88,55.64,57.03,56.89,55.96,55.8,55.08,53.92,53.09,52.08,14.83,55.68,51.12,61.91,9.54,52.18,59.79,6.8,55.68,51.67,-6.65,0.6,-8.86,4.01,7.76
2018-12-11,52.82,52.59,53.03,51.99,-4.94,2.0,0.7384,0.63,1394731.0,73345416.46,52.47,52.74,52.78,53.51,54.88,55.88,56.76,57.34,57.27,56.91,52.83,53.88,55.64,57.03,56.89,55.96,55.8,55.08,53.92,53.09,52.08,20.59,55.66,51.12,61.91,9.54,52.18,59.79,6.8,55.66,51.67,-5.52,1.78,-7.79,3.99,7.72
2018-12-12,53.4,53.18,54.08,53.14,1.22,1.79,0.8052,0.73,1523804.0,81041991.94,52.6,52.89,52.85,53.42,54.8,55.78,56.67,57.28,57.23,56.9,52.83,53.88,55.64,57.03,56.89,55.96,55.8,55.08,53.92,53.09,52.08,28.27,55.64,51.12,61.91,9.54,52.18,59.79,6.8,55.64,51.67,-4.41,2.93,-6.74,3.97,7.68
2018-12-13,53.4,53.1,53.99,52.7,-0.64,2.43,0.7019,0.69,1329768.0,70604031.96,52.53,53.01,52.89,53.33,54.72,55.66,56.58,57.22,57.19,56.89,52.83,53.88,55.64,57.03,56.89,55.96,55.8,55.08,53.92,53.09,52.08,28.28,55.62,51.12,61.91,9.54,52.18,59.79,6.8,55.62,51.67,-4.54,2.76,-6.9,3.95,7.64
2018-12-14,52.5,52.1,53.13,52.04,0.53,2.05,0.8864,1.03,1686619.0,87881282.99,52.59,53.02,52.83,53.29,54.61,55.53,56.47,57.15,57.16,56.87,52.58,53.3,55.05,56.54,56.85,55.81,55.8,55.13,54.01,53.13,52.21,14.33,55.6,51.12,61.91,9.54,52.18,59.79,6.8,55.6,51.69,-6.29,0.8,-8.34,3.91,7.56
2018-12-17,51.88,50.83,52.66,50.4,-2.21,4.34,1.241,1.54,2385364.0,121239703.35,52.36,53.0,52.75,53.22,54.47,55.38,56.34,57.06,57.11,56.84,52.58,53.3,55.05,56.54,56.85,55.81,55.8,55.13,54.01,53.13,52.21,2.58,55.54,51.12,61.91,9.54,51.97,59.79,7.0,55.54,51.69,-8.49,-1.67,-10.59,3.85,7.45
2018-12-18,51.3,51.44,52.47,51.07,-2.19,2.76,1.163,1.32,2192533.0,112774031.12,52.13,52.93,52.7,53.13,54.35,55.24,56.22,56.99,57.08,56.83,52.58,53.3,55.05,56.54,56.85,55.81,55.8,55.13,54.01,53.13,52.21,8.19,55.5,51.12,61.91,9.54,51.97,59.79,7.0,55.5,51.69,-7.32,-0.49,-9.52,3.81,7.37
2018-12-19,51.7,51.15,53.1,50.4,-3.82,5.24,1.3013,1.36,2479338.0,126819378.37,51.72,52.86,52.67,53.05,54.23,55.11,56.1,56.91,57.04,56.81,52.58,53.3,55.05,56.54,56.85,55.81,55.8,55.13,54.01,53.13,52.21,6.24,55.44,51.12,61.91,9.54,51.97,59.58,6.82,55.44,51.69,-7.74,-1.04,-10.02,3.75,7.25
2018-12-20,50.91,50.47,51.71,49.82,-4.94,3.7,1.3826,1.33,2673464.0,134931064.81,51.2,52.61,52.59,52.93,54.08,54.98,55.98,56.82,57.0,56.78,52.58,53.3,55.05,56.54,56.85,55.81,55.8,55.13,54.01,53.13,52.21,1.26,55.37,50.91,61.91,9.75,51.76,59.58,7.03,55.37,51.69,-8.85,-2.36,-11.22,3.68,7.12
2018-12-21,50.76,48.98,51.2,48.68,-6.0,4.99,2.3144,2.01,4595891.0,225092953.51,50.57,52.24,52.4,52.78,53.91,54.84,55.83,56.69,56.94,56.76,51.77,52.65,54.43,55.93,56.69,55.62,55.67,55.1,54.06,53.15,52.29,0.16,55.23,50.7,61.91,9.95,51.76,59.58,7.03,55.23,51.66,-11.32,-5.19,-13.6,3.57,6.91
2018-12-24,48.7,48.81,50.18,48.51,-3.97,3.41,0.7986,0.56,1590328.0,77625500.01,50.17,51.85,52.22,52.65,53.73,54.71,55.7,56.55,56.89,56.72,51.77,52.65,54.43,55.93,56.69,55.62,55.67,55.1,54.06,53.15,52.29,0.42,55.18,50.49,61.7,9.99,51.55,59.58,7.23,55.18,51.66,-11.54,-5.51,-13.89,3.52,6.81
2018-12-26,49.45,51.97,52.0,49.15,1.04,5.84,1.182,0.88,2373270.0,123345961.71,50.28,51.63,52.18,52.59,53.6,54.63,55.61,56.44,56.85,56.71,51.77,52.65,54.43,55.93,56.69,55.62,55.67,55.1,54.06,53.15,52.29,22.21,55.13,50.49,61.7,9.99,51.55,59.58,7.23,55.13,51.66,-5.73,0.61,-8.31,3.47,6.72
2018-12-27,50.86,52.19,52.19,49.85,2.04,4.51,1.0442,0.77,2109777.0,110117700.74,50.49,51.6,52.19,52.52,53.48,54.55,55.52,56.35,56.81,56.7,51.77,52.65,54.43,55.93,56.69,55.62,55.67,55.1,54.06,53.15,52.29,26.28,55.09,50.49,61.7,9.99,51.55,59.58,7.23,55.09,51.66,-5.26,1.03,-7.92,3.43,6.64
2018-12-28,52.48,51.85,52.78,51.66,2.74,2.15,0.7013,0.53,1413772.0,73309733.29,50.76,51.5,52.19,52.45,53.34,54.46,55.42,56.26,56.76,56.69,51.9,52.35,53.98,55.43,56.55,55.64,55.59,55.1,54.14,53.21,52.41,19.68,55.07,50.49,61.7,9.99,51.55,59.37,7.05,55.07,51.64,-5.84,0.41,-8.3,3.43,6.64
2018-12-31,52.55,51.78,52.64,51.18,5.72,2.81,0.7395,0.62,1493722.0,77345672.02,51.32,51.49,52.18,52.43,53.2,54.37,55.33,56.18,56.71,56.67,51.9,52.35,53.98,55.43,56.55,55.64,55.59,55.1,54.14,53.21,52.41,19.96,55.04,50.49,61.7,9.99,51.55,59.37,7.05,55.04,51.64,-5.92,0.27,-8.43,3.4,6.58
2019-01-02,50.83,52.29,52.62,50.79,7.13,3.54,0.7631,0.85,1532608.0,80143903.84,52.02,51.52,52.15,52.38,53.1,54.29,55.24,56.09,56.67,56.67,51.9,52.35,53.98,55.43,56.55,55.64,55.59,55.1,54.14,53.21,52.41,27.68,55.02,50.49,61.7,9.99,51.55,59.37,7.05,55.02,51.64,-4.96,1.26,-7.53,3.38,6.55
2019-01-03,52.05,50.8,52.85,50.7,-2.25,4.1,0.9117,1.03,1841066.0,93531676.0,51.78,51.4,52.07,52.32,52.98,54.18,55.14,55.99,56.6,56.65,51.9,52.35,53.98,55.43,56.55,55.64,55.59,55.1,54.14,53.21,52.41,6.91,54.98,50.49,61.7,9.99,51.55,59.37,7.05,54.98,51.64,-7.6,-1.62,-10.16,3.34,6.47
2019-01-04,51.63,53.54,53.54,51.37,2.57,4.27,1.0355,1.25,2093894.0,112097662.24,52.05,51.42,52.15,52.37,52.92,54.12,55.05,55.92,56.55,56.65,51.66,52.35,53.66,55.1,56.46,55.68,55.52,55.13,54.24,53.27,52.55,44.43,54.96,50.49,61.7,9.99,51.55,59.37,7.05,54.96,51.65,-2.59,3.65,-5.19,3.31,6.41
2019-01-07,53.58,53.42,53.7,52.74,3.02,1.8,0.9747,1.18,1981874.0,105870718.14,52.37,51.44,52.23,52.41,52.86,54.06,54.96,55.85,56.5,56.63,51.66,52.35,53.66,55.1,56.46,55.68,55.52,55.13,54.24,53.27,52.55,41.91,54.94,50.49,61.7,9.99,51.55,59.37,7.05,54.94,51.65,-2.77,3.43,-5.39,3.29,6.37
2019-01-08,53.81,53.81,54.23,53.03,3.93,2.25,0.8747,0.99,1765267.0,94996078.34,52.77,51.56,52.29,52.41,52.86,54.0,54.87,55.77,56.45,56.61,51.66,52.35,53.66,55.1,56.46,55.68,55.52,55.13,54.24,53.27,52.55,47.28,54.93,50.49,61.7,9.99,51.55,59.37,7.05,54.93,51.65,-2.03,4.19,-4.69,3.28,6.35
2019-01-09,54.08,53.73,54.13,53.32,2.75,1.51,0.603,0.65,1199272.0,64440482.38,53.06,51.75,52.37,52.41,52.85,53.92,54.77,55.69,56.4,56.59,51.66,52.35,53.66,55.1,56.46,55.68,55.52,55.13,54.24,53.27,52.55,47.39,54.92,50.49,61.7,9.99,51.55,59.37,7.05,54.92,51.65,-2.16,4.03,-4.84,3.27,6.33
2019-01-10,53.38,53.52,53.56,52.89,5.34,1.25,0.7362,0.82,1456421.0,77942554.45,53.6,51.89,52.41,52.43,52.82,53.86,54.68,55.6,56.35,56.56,51.66,52.35,53.66,55.1,56.46,55.68,55.52,55.13,54.24,53.27,52.55,45.15,54.91,50.49,61.7,9.99,51.55,59.37,7.05,54.91,51.65,-2.54,3.61,-5.22,3.26,6.31
2019-01-11,53.16,52.86,53.19,52.42,-1.26,1.43,0.7678,0.89,1520756.0,80386401.78,53.47,52.0,52.43,52.45,52.79,53.78,54.59,55.52,56.3,56.54,51.87,52.35,53.21,54.69,56.31,55.75,55.4,55.17,54.33,53.37,52.66,35.66,54.89,50.49,61.7,9.99,51.55,59.37,7.05,54.89,51.68,-3.7,2.28,-6.12,3.21,6.21
2019-01-14,52.35,52.23,52.58,52.06,-2.22,0.97,0.5815,0.72,1144263.0,59770005.67,53.23,52.12,52.36,52.43,52.73,53.69,54.51,55.43,56.23,56.52,51.87,52.35,53.21,54.69,56.31,55.75,55.4,55.17,54.33,53.37,52.66,27.34,54.87,50.49,61.49,9.82,51.55,59.37,7.05,54.87,51.68,-4.8,1.07,-7.23,3.19,6.17
2019-01-15,52.51,53.86,54.0,52.37,0.08,3.13,0.7438,1.03,1463570.0,78824221.28,53.24,52.45,52.34,52.42,52.69,53.62,54.44,55.35,56.16,56.5,51.87,52.35,53.21,54.69,56.31,55.75,55.4,55.17,54.33,53.37,52.66,48.94,54.86,50.49,61.49,9.82,51.55,59.16,6.88,54.86,51.68,-1.83,4.21,-4.35,3.18,6.15
2019-01-16,54.0,54.05,54.62,53.97,0.59,1.21,0.6813,0.98,1331819.0,71982819.22,53.3,52.79,52.32,52.41,52.69,53.55,54.39,55.28,56.08,56.48,51.87,52.35,53.21,54.69,56.31,55.75,55.4,55.17,54.33,53.37,52.66,51.5,54.86,50.49,61.49,9.82,51.55,59.16,6.88,54.86,51.68,-1.48,4.58,-4.01,3.18,6.15
2019-01-17,53.97,54.5,54.59,53.68,1.83,1.69,0.6358,0.9,1242664.0,67718974.68,53.5,52.96,52.29,52.44,52.68,53.48,54.35,55.23,56.01,56.46,51.87,52.35,53.21,54.69,56.31,55.75,55.4,55.17,54.33,53.37,52.66,57.02,54.85,50.49,61.49,9.82,51.55,59.16,6.88,54.85,51.68,-0.65,5.45,-3.22,3.17,6.13
2019-01-18,55.0,54.91,55.42,54.56,3.88,1.58,0.9968,1.46,1955559.0,107385611.37,53.91,53.14,52.37,52.51,52.68,53.41,54.32,55.18,55.95,56.45,52.43,52.51,53.01,54.39,56.21,55.83,55.39,55.21,54.46,53.48,52.77,61.29,54.85,50.49,61.49,9.82,51.55,59.16,6.88,54.85,51.72,0.11,6.17,-2.31,3.13,6.05
2019-01-22,54.4,53.53,54.58,53.17,2.47,2.55,0.8241,1.13,1613527.0,86365646.2,54.17,53.26,52.38,52.55,52.65,53.33,54.26,55.11,55.89,56.42,52.43,52.51,53.01,54.39,56.21,55.83,55.39,55.21,54.46,53.48,52.77,45.0,54.84,50.7,61.49,9.61,51.55,59.16,6.88,54.84,51.72,-2.4,3.49,-4.78,3.12,6.03
2019-01-23,53.87,53.78,54.25,52.99,-0.15,2.35,0.4982,0.64,966956.0,52001443.25,54.15,53.39,52.44,52.58,52.67,53.24,54.21,55.05,55.83,56.39,52.43,52.51,53.01,54.39,56.21,55.83,55.39,55.21,54.46,53.48,52.77,48.07,54.83,50.7,61.49,9.61,51.55,59.16,6.88,54.83,51.72,-1.92,3.98,-4.33,3.11,6.01
2019-01-24,53.82,53.7,53.97,53.04,-0.65,1.75,0.7087,0.96,1361673.0,73115031.74,54.08,53.48,52.5,52.59,52.65,53.18,54.15,54.99,55.77,56.35,52.43,52.51,53.01,54.39,56.21,55.83,55.39,55.21,54.46,53.48,52.77,48.38,54.81,50.7,61.49,9.61,51.55,59.16,6.88,54.81,51.72,-2.03,3.82,-4.48,3.09,5.97
2019-01-25,54.25,54.55,54.7,54.09,0.1,1.13,0.5985,0.78,1119216.0,61052673.19,54.09,53.73,52.56,52.62,52.67,53.13,54.11,54.94,55.71,56.33,53.54,52.65,52.95,54.21,56.17,55.86,55.44,55.28,54.57,53.56,52.86,60.26,54.81,50.7,61.49,9.61,51.55,59.16,6.88,54.81,51.74,-0.48,5.43,-2.88,3.07,5.93
2019-01-28,54.01,53.5,54.15,53.19,-2.57,1.76,0.703,0.92,1284281.0,68714170.62,53.81,53.73,52.57,52.68,52.71,53.08,54.06,54.86,55.65,56.3,53.54,52.65,52.95,54.21,56.17,55.86,55.44,55.28,54.57,53.56,52.86,44.78,54.79,50.7,61.49,9.61,51.55,59.16,6.88,54.79,51.74,-2.35,3.41,-4.75,3.05,5.89
2019-01-29,53.63,53.03,53.76,52.79,-0.92,1.8,0.5708,0.81,1021819.0,54188083.39,53.71,53.7,52.57,52.72,52.73,53.03,54.0,54.78,55.58,56.27,53.54,52.65,52.95,54.21,56.17,55.86,55.44,55.28,54.57,53.56,52.86,36.92,54.78,50.7,61.27,9.44,51.55,59.16,6.88,54.78,51.74,-3.19,2.5,-5.59,3.04,5.88
2019-01-30,53.42,54.45,54.55,53.34,1.25,2.28,0.7233,1.11,1279822.0,69690147.37,53.85,53.75,52.65,52.78,52.74,53.03,53.96,54.71,55.52,56.26,53.54,52.65,52.95,54.21,56.17,55.86,55.44,55.28,54.57,53.56,52.86,58.38,54.77,50.7,61.27,9.44,51.55,59.16,6.88,54.77,51.74,-0.58,5.24,-3.06,3.03,5.86
2019-01-31,55.15,55.82,55.87,54.77,3.95,2.01,0.8689,1.27,1538324.0,85866938.19,54.27,53.89,52.82,52.88,52.78,53.06,53.92,54.65,55.46,56.25,53.54,52.65,52.95,54.21,56.17,55.86,55.44,55.28,54.57,53.56,52.86,71.31,54.77,50.7,61.27,9.44,51.76,58.95,6.49,54.77,51.74,1.91,7.88,-0.63,3.03,5.86
2019-02-01,55.62,55.54,56.25,55.24,1.81,1.8,0.8289,1.17,1462208.0,81207376.8,54.47,54.02,52.95,52.95,52.83,53.06,53.89,54.59,55.4,56.26,54.28,53.09,52.99,54.05,56.12,55.96,55.46,55.34,54.68,53.65,52.96,68.07,54.78,50.7,61.27,9.44,51.76,58.95,6.49,54.78,51.79,1.38,7.24,-1.04,2.99,5.77
2019-02-04,55.63,56.64,56.64,55.45,5.86,2.14,1.4586,1.96,2576470.0,145931260.8,55.1,54.27,53.14,53.05,52.9,53.09,53.86,54.54,55.36,56.26,54.28,53.09,52.99,54.05,56.12,55.96,55.46,55.34,54.68,53.65,52.96,74.42,54.81,50.7,61.27,9.44,51.76,58.95,6.49,54.81,51.79,3.34,9.36,0.92,3.02,5.83
2019-02-05,56.24,57.3,57.34,55.86,8.05,2.61,1.9679,2.25,3552194.0,203538940.1,55.95,54.61,53.36,53.11,52.98,53.1,53.84,54.52,55.32,56.27,54.28,53.09,52.99,54.05,56.12,55.96,55.46,55.34,54.68,53.65,52.96,76.75,54.85,50.7,61.27,9.44,51.76,58.95,6.49,54.85,51.79,4.47,10.64,2.1,3.06,5.91
2019-02-06,56.98,55.76,57.35,55.64,2.4,2.99,1.166,1.01,2105592.0,117410968.31,56.21,54.74,53.59,53.14,53.0,53.1,53.81,54.49,55.27,56.27,54.28,53.09,52.99,54.05,56.12,55.96,55.46,55.34,54.68,53.65,52.96,66.22,54.87,50.7,61.27,9.44,51.76,58.95,6.49,54.87,51.79,1.62,7.67,-0.64,3.08,5.95
2019-02-07,55.21,54.94,55.24,54.3,-1.58,1.69,1.1266,0.91,2044827.0,112333593.66,56.03,54.8,53.8,53.15,53.01,53.11,53.75,54.45,55.22,56.27,54.28,53.09,52.99,54.05,56.12,55.96,55.46,55.34,54.68,53.65,52.96,61.55,54.88,50.7,61.27,9.44,51.76,58.74,6.32,54.88,51.79,0.1,6.07,-2.11,3.09,5.97
2019-02-08,54.35,54.75,54.95,54.33,-1.41,1.12,0.5941,0.46,1075769.0,58901580.06,55.88,54.81,53.89,53.13,53.03,53.11,53.7,54.42,55.18,56.26,54.52,53.09,53.07,53.88,55.96,56.01,55.43,55.37,54.77,53.74,53.05,59.29,54.89,50.7,61.27,9.44,51.76,58.74,6.32,54.89,51.91,-0.25,5.48,-2.25,2.98,5.74
2019-02-11,54.85,54.75,55.3,54.64,-3.34,1.2,0.5905,0.47,1065194.0,58319904.1,55.5,54.8,53.97,53.18,53.08,53.1,53.64,54.39,55.13,56.24,54.52,53.09,53.07,53.88,55.96,56.01,55.43,55.37,54.77,53.74,53.05,59.14,54.89,50.7,61.27,9.44,51.76,58.74,6.32,54.89,51.91,-0.25,5.47,-2.26,2.98,5.74
2019-02-12,55.34,56.07,56.26,55.29,-2.15,1.78,0.8915,0.82,1609513.0,90242979.64,55.25,54.97,54.11,53.24,53.15,53.12,53.6,54.36,55.1,56.23,54.52,53.09,53.07,53.88,55.96,56.01,55.43,55.37,54.77,53.74,53.05,70.64,54.9,50.7,61.27,9.44,51.76,58.74,6.32,54.9,51.91,2.13,8.01,0.1,2.99,5.76
2019-02-13,56.25,56.01,56.74,55.92,0.44,1.45,0.5842,0.66,1049781.0,58796134.25,55.3,55.12,54.25,53.33,53.22,53.16,53.55,54.34,55.06,56.22,54.52,53.09,53.07,53.88,55.96,56.01,55.43,55.37,54.77,53.74,53.05,70.39,54.91,50.7,61.27,9.44,51.76,58.74,6.32,54.91,51.91,2.0,7.89,-0.01,3.0,5.78
2019-02-14,55.9,56.08,56.41,55.52,2.09,1.59,0.5318,0.69,947632.0,53146519.27,55.53,55.28,54.38,53.43,53.26,53.18,53.53,54.31,55.03,56.21,54.52,53.09,53.07,53.88,55.96,56.01,55.43,55.37,54.77,53.74,53.05,70.35,54.92,50.7,61.27,9.44,51.76,58.74,6.32,54.92,51.91,2.12,8.04,0.12,3.01,5.8
2019-02-15,56.5,55.68,56.58,55.53,1.7,1.87,0.8152,1.26,1449830.0,80730158.97,55.72,55.36,54.54,53.49,53.31,53.21,53.5,54.28,54.99,56.19,55.09,53.48,53.26,53.68,55.85,56.03,55.46,55.41,54.85,53.86,53.13,65.03,54.93,50.7,61.27,9.44,51.76,58.74,6.32,54.93,51.96,1.37,7.16,-0.63,2.97,5.72
2019-02-19,55.5,55.93,56.09,55.5,2.15,1.07,0.593,0.85,1046628.0,58535810.78,55.95,55.52,54.62,53.56,53.39,53.27,53.49,54.27,54.95,56.16,55.09,53.48,53.26,53.68,55.85,56.03,55.46,55.41,54.85,53.86,53.13,67.52,54.93,50.7,61.06,9.27,51.76,58.74,6.32,54.93,51.96,1.82,7.64,-0.19,2.97,5.72
2019-02-20,56.0,55.69,56.17,55.26,-0.68,1.62,0.6243,0.89,1087817.0,60580528.73,55.88,55.69,54.7,53.61,53.46,53.32,53.47,54.24,54.89,56.14,55.09,53.48,53.26,53.68,55.85,56.03,55.46,55.41,54.85,53.86,53.13,64.53,54.94,50.7,61.06,9.27,51.76,58.74,6.32,54.94,51.96,1.37,7.18,-0.61,2.98,5.74
2019-02-21,55.54,54.85,55.6,54.63,-2.07,1.74,0.8133,1.27,1415473.0,77636570.84,55.65,55.72,54.73,53.67,53.51,53.34,53.48,54.21,54.84,56.11,55.09,53.48,53.26,53.68,55.85,56.03,55.46,55.41,54.85,53.86,53.13,56.26,54.94,50.7,61.06,9.27,51.76,58.74,6.32,54.94,51.96,-0.17,5.56,-2.12,2.98,5.74
2019-02-22,55.04,55.52,55.56,54.78,-1.01,1.43,0.601,0.88,1049545.0,58269164.08,55.53,55.7,54.79,53.78,53.58,53.37,53.5,54.17,54.78,56.08,55.21,53.82,53.41,53.56,55.63,56.09,55.41,55.47,54.94,53.98,53.2,63.07,54.94,50.7,61.06,9.27,51.76,58.74,6.32,54.94,52.0,1.05,6.77,-1.02,2.94,5.65
2019-02-25,55.8,55.47,55.93,55.36,-0.38,1.01,0.8133,1.17,1413061.0,78382493.67,55.49,55.7,54.86,53.87,53.63,53.4,53.5,54.15,54.72,56.05,55.21,53.82,53.41,53.56,55.63,56.09,55.41,55.47,54.94,53.98,53.2,62.57,54.94,50.7,61.06,9.27,51.76,58.74,6.32,54.94,52.0,0.96,6.67,-1.1,2.94,5.65
2019-02-26,55.29,55.76,55.98,55.0,-0.31,1.77,0.8497,1.22,1471743.0,82059238.58,55.46,55.64,54.95,53.97,53.69,53.45,53.51,54.12,54.68,56.03,55.21,53.82,53.41,53.56,55.63,56.09,55.41,55.47,54.94,53.98,53.2,65.23,54.95,50.7,61.06,9.27,51.76,58.53,6.14,54.95,52.0,1.47,7.22,-0.59,2.95,5.67
2019-02-27,55.35,55.8,55.9,55.05,0.2,1.52,0.5676,0.75,968760.0,54059229.9,55.48,55.54,55.07,54.09,53.72,53.49,53.51,54.09,54.65,56.0,55.21,53.82,53.41,53.56,55.63,56.09,55.41,55.47,54.94,53.98,53.2,69.01,54.95,50.7,61.06,9.27,51.76,58.53,6.14,54.95,52.0,1.55,7.31,-0.51,2.95,5.67
2019-02-28,55.56,56.0,56.38,55.55,2.09,1.49,0.9031,1.22,1542609.0,86379933.56,55.71,55.55,55.14,54.24,53.74,53.51,53.51,54.06,54.62,55.96,55.21,53.82,53.41,53.56,55.63,56.09,55.41,55.47,54.94,53.98,53.2,71.93,54.96,50.7,61.06,9.27,51.76,58.53,6.14,54.96,52.0,1.89,7.68,-0.17,2.96,5.69
2019-03-01,56.24,57.05,57.15,56.24,2.76,1.63,0.8585,1.13,1450316.0,82739802.64,56.01,55.69,55.24,54.43,53.78,53.55,53.54,54.03,54.61,55.92,55.71,54.63,53.67,53.64,55.49,56.17,55.42,55.5,55.03,54.13,53.31,78.49,54.98,50.7,61.06,9.27,51.76,58.53,6.14,54.98,52.08,3.76,9.54,1.56,2.9,5.57
2019-03-04,57.35,57.39,57.91,56.53,3.46,2.42,0.8606,1.06,1446047.0,82988637.33,56.4,55.87,55.34,54.55,53.82,53.6,53.57,54.01,54.6,55.88,55.71,54.63,53.67,53.64,55.49,56.17,55.42,55.5,55.03,54.13,53.31,79.23,55.0,50.91,61.06,9.07,51.97,58.53,5.93,55.0,52.08,4.35,10.2,2.17,2.92,5.61
2019-03-05,57.5,58.1,58.48,57.31,4.21,2.04,0.8667,1.05,1443174.0,83850574.16,56.87,56.09,55.45,54.68,53.91,53.68,53.6,53.99,54.6,55.85,55.71,54.63,53.67,53.64,55.49,56.17,55.42,55.5,55.03,54.13,53.31,81.25,55.03,50.91,61.06,9.07,51.97,58.53,5.93,55.03,52.08,5.58,11.56,3.44,2.95,5.66
2019-03-06,58.12,57.89,58.38,57.77,3.75,1.04,0.6714,0.8,1099289.0,63641138.08,57.29,56.21,55.59,54.81,53.98,53.76,53.63,53.97,54.59,55.83,55.71,54.63,53.67,53.64,55.49,56.17,55.42,55.5,55.03,54.13,53.31,81.07,55.05,50.91,61.06,9.07,51.97,58.53,5.93,55.05,52.08,5.16,11.16,3.07,2.97,5.7
2019-03-07,57.79,57.16,57.84,56.75,2.09,1.89,0.7193,0.84,1166559.0,66686345.24,57.52,56.29,55.71,54.93,54.07,53.83,53.68,53.94,54.58,55.8,55.71,54.63,53.67,53.64,55.49,56.17,55.42,55.5,55.03,54.13,53.31,76.37,55.07,50.91,61.06,9.07,51.97,58.53,5.93,55.07,52.08,3.8,9.76,1.77,2.99,5.74
2019-03-08,56.34,57.12,57.35,56.16,0.12,2.08,0.7522,0.92,1212489.0,69252521.72,57.53,56.36,55.82,55.04,54.16,53.88,53.71,53.93,54.57,55.78,56.02,55.15,54.07,53.75,55.34,56.2,55.54,55.52,55.11,54.27,53.42,76.51,55.08,50.91,61.06,9.07,51.97,58.53,5.93,55.08,52.17,3.7,9.48,1.63,2.91,5.58
2019-03-11,57.22,58.79,58.81,57.22,2.44,2.78,1.063,1.35,1719192.0,101067859.3,57.81,56.57,55.96,55.22,54.26,53.96,53.77,53.94,54.57,55.76,56.02,55.15,54.07,53.75,55.34,56.2,55.54,55.52,55.11,54.27,53.42,87.21,55.11,50.91,61.06,9.07,51.97,58.53,5.93,55.11,52.17,6.67,12.69,4.61,2.94,5.64
2019-03-12,58.91,59.66,60.0,58.91,2.68,1.85,1.2385,1.52,2013115.0,120102440.9,58.12,56.82,56.17,55.35,54.37,54.07,53.86,53.96,54.59,55.75,56.02,55.15,54.07,53.75,55.34,56.2,55.54,55.52,55.11,54.27,53.42,90.35,55.17,50.91,61.06,9.07,51.97,58.74,6.11,55.17,52.17,8.14,14.36,6.16,3.0,5.75
2019-03-13,60.03,59.67,60.05,59.6,3.06,0.75,0.8825,1.0,1435936.0,85676557.38,58.48,57.08,56.39,55.49,54.48,54.19,53.95,53.99,54.6,55.74,56.02,55.15,54.07,53.75,55.34,56.2,55.54,55.52,55.11,54.27,53.42,89.47,55.21,50.91,61.06,9.07,51.97,58.74,6.11,55.21,52.17,8.07,14.37,6.17,3.04,5.83
2019-03-14,59.73,59.28,59.89,59.22,3.7,1.12,0.7246,0.78,1172815.0,69521541.16,58.9,57.38,56.55,55.61,54.6,54.28,54.01,54.04,54.6,55.72,56.02,55.15,54.07,53.75,55.34,56.2,55.54,55.52,55.11,54.27,53.42,86.17,55.25,50.91,61.06,9.07,51.97,58.95,6.29,55.25,52.17,7.29,13.62,5.48,3.08,5.9
2019-03-15,59.67,59.22,59.83,59.13,3.69,1.18,1.5186,1.63,2459957.0,145686033.41,59.32,57.62,56.66,55.74,54.74,54.39,54.08,54.09,54.6,55.7,56.92,55.72,54.37,54.03,55.31,56.28,55.69,55.56,55.22,54.42,53.54,85.06,55.31,50.91,60.85,8.89,51.97,59.16,6.47,55.31,52.33,7.07,13.17,4.05,2.98,5.69
2019-03-18,59.16,59.21,59.5,58.87,0.72,1.06,0.8055,0.73,1292633.0,76540677.83,59.41,57.87,56.78,55.86,54.87,54.48,54.15,54.12,54.61,55.68,56.92,55.72,54.37,54.03,55.31,56.28,55.69,55.56,55.22,54.42,53.54,84.9,55.35,50.91,60.85,8.89,51.97,59.37,6.65,55.35,52.33,6.98,13.15,4.03,3.02,5.77
2019-03-19,59.44,59.94,60.0,59.29,0.47,1.19,0.9571,0.91,1520688.0,91153840.44,59.46,58.15,56.89,56.02,55.02,54.59,54.23,54.17,54.62,55.67,56.92,55.72,54.37,54.03,55.31,56.28,55.69,55.56,55.22,54.42,53.54,91.83,55.39,50.91,60.85,8.89,51.97,59.37,6.65,55.39,52.33,8.22,14.55,5.31,3.06,5.85
2019-03-20,59.87,61.2,61.36,59.81,2.57,2.58,1.4087,1.41,2227786.0,136337161.52,59.77,58.51,57.02,56.22,55.19,54.68,54.33,54.22,54.64,55.66,56.92,55.72,54.37,54.03,55.31,56.28,55.69,55.56,55.22,54.42,53.54,95.62,55.48,50.91,61.06,9.07,51.97,59.37,6.65,55.48,52.33,10.31,16.95,7.52,3.15,6.02
2019-03-21,60.8,61.58,61.59,60.66,3.88,1.52,0.7896,0.69,1204045.0,74141478.96,60.23,58.88,57.22,56.39,55.4,54.77,54.4,54.28,54.66,55.66,56.92,55.72,54.37,54.03,55.31,56.28,55.69,55.56,55.22,54.42,53.54,96.58,55.53,50.91,61.06,9.07,51.97,59.58,6.82,55.53,52.33,10.89,17.67,8.19,3.2,6.12
2019-03-22,61.32,60.28,61.5,60.14,1.78,2.21,1.1226,0.98,1714247.0,103326237.92,60.44,59.1,57.4,56.53,55.6,54.85,54.47,54.33,54.66,55.66,57.84,56.46,54.93,54.4,55.28,56.35,55.89,55.58,55.35,54.6,53.71,90.58,55.6,50.91,61.06,9.07,51.97,59.58,6.82,55.6,52.52,8.41,14.77,4.22,3.08,5.86
2019-03-25,59.85,59.65,60.32,59.35,0.74,1.61,0.9897,0.94,1496843.0,89286684.95,60.53,59.25,57.56,56.64,55.72,54.9,54.54,54.38,54.66,55.65,57.84,56.46,54.93,54.4,55.28,56.35,55.89,55.58,55.35,54.6,53.71,85.34,55.65,50.91,61.06,9.07,51.97,59.58,6.82,55.65,52.52,7.19,13.58,3.14,3.13,5.96
2019-03-26,59.93,59.23,60.14,58.84,-1.19,2.19,1.26,1.16,1901156.0,112607371.04,60.39,59.33,57.71,56.74,55.84,54.99,54.62,54.42,54.66,55.65,57.84,56.46,54.93,54.4,55.28,56.35,55.89,55.58,55.35,54.6,53.71,79.38,55.71,50.91,61.06,9.07,52.18,59.58,6.62,55.71,52.52,6.32,12.78,2.41,3.19,6.07
2019-03-27,59.28,58.65,59.38,57.97,-4.16,2.38,0.9281,0.82,1400240.0,82125476.24,59.88,59.38,57.8,56.85,55.95,55.06,54.7,54.45,54.65,55.64,57.84,56.46,54.93,54.4,55.28,56.35,55.89,55.58,55.35,54.6,53.71,74.91,55.75,50.91,61.06,9.07,52.18,59.58,6.62,55.75,52.52,5.2,11.67,1.41,3.23,6.15
2019-03-28,58.58,58.42,58.58,57.97,-5.12,1.03,0.6747,0.66,1012430.0,59150716.54,59.25,59.46,57.88,56.96,56.06,55.15,54.77,54.51,54.63,55.62,57.84,56.46,54.93,54.4,55.28,56.35,55.89,55.58,55.35,54.6,53.71,73.18,55.77,50.91,61.06,9.07,52.18,59.58,6.62,55.77,52.52,4.76,11.24,1.02,3.25,6.19
2019-03-29,58.74,58.67,58.95,58.14,-2.67,1.38,0.8488,0.84,1269979.0,74503953.02,58.92,59.56,57.96,57.07,56.17,55.24,54.83,54.55,54.64,55.61,58.47,56.84,55.37,54.67,55.21,56.37,56.03,55.63,55.45,54.76,53.85,74.87,55.8,50.91,61.06,9.07,52.18,59.58,6.62,55.8,52.66,5.14,11.4,0.34,3.14,5.96
2019-04-01,59.2,59.72,59.83,59.1,0.12,1.25,0.8428,0.88,1252757.0,74816527.18,58.94,59.63,58.1,57.18,56.32,55.34,54.9,54.6,54.65,55.61,58.47,56.84,55.37,54.67,55.21,56.37,56.03,55.63,55.45,54.76,53.85,85.53,55.84,51.12,61.06,8.86,52.18,59.58,6.62,55.84,52.66,6.95,13.41,2.15,3.18,6.04
2019-04-02,59.77,60.02,60.07,59.29,1.34,1.31,0.565,0.61,827973.0,49698665.34,59.1,59.65,58.23,57.33,56.43,55.43,55.0,54.69,54.67,55.6,58.47,56.84,55.37,54.67,55.21,56.37,56.03,55.63,55.45,54.76,53.85,90.02,55.88,51.12,61.06,8.86,52.18,59.58,6.62,55.88,52.66,7.42,13.98,2.67,3.22,6.11
2019-04-03,60.37,60.3,60.82,60.02,2.8,1.32,0.7023,0.88,1017838.0,61371560.05,59.43,59.69,58.39,57.49,56.54,55.52,55.1,54.77,54.7,55.59,58.47,56.84,55.37,54.67,55.21,56.37,56.03,55.63,55.45,54.76,53.85,90.7,55.91,51.12,61.06,8.86,52.18,59.79,6.8,55.91,52.66,7.84,14.5,3.13,3.25,6.17
2019-04-04,60.3,60.75,60.78,60.21,3.98,0.96,0.6622,0.88,950747.0,57757880.25,59.89,59.79,58.58,57.63,56.66,55.64,55.2,54.84,54.76,55.59,58.47,56.84,55.37,54.67,55.21,56.37,56.03,55.63,55.45,54.76,53.85,93.0,55.95,51.12,61.06,8.86,52.18,59.79,6.8,55.95,52.66,8.58,15.36,3.91,3.29,6.25
2019-04-05,60.75,60.36,60.81,60.25,2.88,0.92,0.634,0.85,907152.0,54753426.84,60.23,59.87,58.74,57.73,56.77,55.76,55.3,54.9,54.81,55.57,59.13,57.42,56.13,55.04,55.28,56.48,56.17,55.77,55.59,54.93,53.99,89.41,55.99,51.12,61.06,8.86,52.18,59.79,6.8,55.99,52.77,7.8,14.38,2.08,3.22,6.1
2019-04-08,60.39,60.19,60.43,59.99,0.79,0.73,0.6055,0.87,860363.0,51786969.7,60.32,59.93,58.9,57.83,56.88,55.88,55.39,54.97,54.85,55.56,59.13,57.42,56.13,55.04,55.28,56.48,56.17,55.77,55.59,54.93,53.99,87.47,56.02,51.12,61.06,8.86,52.18,59.79,6.8,56.02,52.77,7.45,14.06,1.8,3.25,6.16
2019-04-09,59.8,59.86,60.11,59.65,-0.27,0.77,0.6215,0.96,876381.0,52462357.61,60.29,59.93,59.04,57.9,57.0,56.0,55.48,55.05,54.89,55.55,59.13,57.42,56.13,55.04,55.28,56.48,56.17,55.77,55.59,54.93,53.99,85.79,56.05,51.12,61.06,8.86,52.18,59.79,6.8,56.05,52.77,6.8,13.44,1.24,3.28,6.22
2019-04-10,60.03,60.11,60.19,59.82,-0.31,0.61,0.5164,0.79,724643.0,43556841.44,60.25,59.85,59.18,57.97,57.13,56.13,55.54,55.12,54.93,55.55,59.13,57.42,56.13,55.04,55.28,56.48,56.17,55.77,55.59,54.93,53.99,87.61,56.08,51.12,61.06,8.86,52.18,59.79,6.8,56.08,52.77,7.18,13.91,1.66,3.31,6.27
2019-04-11,60.2,60.23,60.4,60.01,-0.85,0.65,0.5107,0.82,710231.0,42777923.36,60.15,59.76,59.32,58.07,57.23,56.28,55.6,55.17,54.96,55.56,59.13,57.42,56.13,55.04,55.28,56.48,56.17,55.77,55.59,54.93,53.99,89.62,56.1,51.12,61.06,8.86,52.18,60.01,6.97,56.1,52.77,7.36,14.14,1.87,3.33,6.31
2019-04-12,60.5,60.89,60.92,60.41,0.89,0.85,0.6747,1.14,933794.0,56861984.94,60.26,59.8,59.45,58.2,57.35,56.44,55.67,55.23,55.02,55.58,59.88,57.95,56.73,55.52,55.35,56.58,56.36,55.87,55.72,55.09,54.13,94.33,56.14,51.12,61.06,8.86,52.39,60.01,6.77,56.14,52.87,8.47,15.18,1.69,3.27,6.18
2019-04-15,60.9,61.06,61.21,60.46,1.43,1.24,0.8586,1.45,1187519.0,72503972.54,60.43,59.9,59.57,58.34,57.46,56.56,55.74,55.31,55.07,55.59,59.88,57.95,56.73,55.52,55.35,56.58,56.36,55.87,55.72,55.09,54.13,93.91,56.19,51.12,61.06,8.86,52.39,60.01,6.77,56.19,52.87,8.66,15.48,1.96,3.32,6.28
2019-04-16,61.25,61.36,61.54,61.01,2.5,0.88,0.6274,0.97,856304.0,52539816.38,60.73,60.04,59.68,58.49,57.56,56.68,55.83,55.4,55.12,55.62,59.88,57.95,56.73,55.52,55.35,56.58,56.36,55.87,55.72,55.09,54.13,96.3,56.22,51.12,61.27,9.03,52.39,60.01,6.77,56.22,52.87,9.14,16.05,2.46,3.35,6.34
2019-04-17,61.65,61.82,62.03,61.39,2.84,1.04,0.8997,1.38,1221930.0,75536046.81,61.07,60.25,59.81,58.61,57.7,56.81,55.93,55.49,55.18,55.64,59.88,57.95,56.73,55.52,55.35,56.58,56.36,55.87,55.72,55.09,54.13,96.96,56.28,51.12,61.27,9.03,52.39,60.22,6.95,56.28,52.87,9.84,16.92,3.23,3.41,6.45
2019-04-18,62.07,61.82,62.1,61.73,2.64,0.6,0.9762,1.36,1331823.0,82331300.13,61.39,60.48,59.97,58.74,57.84,56.95,56.04,55.58,55.25,55.66,59.88,57.95,56.73,55.52,55.35,56.58,56.36,55.87,55.72,55.09,54.13,95.91,56.34,51.12,61.49,9.2,52.39,60.22,6.95,56.34,52.87,9.72,16.93,3.23,3.47,6.56
2019-04-22,61.8,62.44,62.45,61.42,2.54,1.68,0.5958,0.73,807334.0,50411549.63,61.7,60.73,60.15,58.88,57.98,57.08,56.15,55.67,55.32,55.68,60.4,58.66,57.28,55.88,55.47,56.64,56.54,55.97,55.84,55.25,54.29,98.99,56.38,51.12,61.7,9.37,52.39,60.22,6.95,56.38,53.0,10.75,17.82,3.38,3.38,6.38
2019-04-23,62.53,63.23,63.45,62.32,3.56,1.81,0.9717,1.22,1319910.0,83454609.53,62.13,60.96,60.29,59.05,58.13,57.25,56.27,55.77,55.4,55.71,60.4,58.66,57.28,55.88,55.47,56.64,56.54,55.97,55.84,55.25,54.29,99.77,56.47,51.12,61.91,9.54,52.39,60.43,7.12,56.47,53.0,11.97,19.3,4.68,3.47,6.55
2019-04-24,63.21,62.8,63.4,62.75,2.35,1.03,0.7524,0.92,1018753.0,63977688.4,62.42,61.15,60.4,59.2,58.28,57.37,56.38,55.88,55.5,55.75,60.4,58.66,57.28,55.88,55.47,56.64,56.54,55.97,55.84,55.25,54.29,97.98,56.53,51.12,61.91,9.54,52.39,60.43,7.12,56.53,53.0,11.09,18.49,3.97,3.53,6.66
2019-04-25,63.24,63.17,63.37,62.6,2.19,1.22,0.8169,0.97,1107295.0,69950593.39,62.69,61.34,60.52,59.37,58.45,57.5,56.49,55.99,55.59,55.78,60.4,58.66,57.28,55.88,55.47,56.64,56.54,55.97,55.84,55.25,54.29,98.49,56.59,51.12,62.12,9.71,52.39,60.64,7.3,56.59,53.0,11.63,19.19,4.59,3.59,6.77
2019-04-26,63.45,63.61,63.65,63.02,2.9,1.01,0.9163,1.11,1241428.0,78965993.65,63.05,61.53,60.66,59.57,58.6,57.63,56.62,56.11,55.67,55.82,61.07,59.45,58.0,56.46,55.6,56.75,56.72,56.13,55.99,55.43,54.48,100.0,56.66,51.12,62.33,9.88,52.39,60.64,7.3,56.66,53.18,12.26,19.61,4.16,3.48,6.54
2019-04-29,63.7,64.38,64.46,63.31,3.1,1.81,1.8234,2.27,2499432.0,160910932.73,63.44,61.8,60.83,59.76,58.75,57.77,56.77,56.23,55.76,55.85,61.07,59.45,58.0,56.46,55.6,56.75,56.72,56.13,55.99,55.43,54.48,99.84,56.82,51.33,62.97,10.18,52.6,60.85,7.27,56.82,53.18,13.3,21.06,5.42,3.64,6.84
2019-04-30,59.25,59.42,59.64,58.75,-6.02,1.38,4.2811,4.32,6207027.0,368846372.45,62.68,61.75,60.84,59.85,58.81,57.85,56.86,56.3,55.82,55.86,61.07,59.45,58.0,56.46,55.6,56.75,56.72,56.13,55.99,55.43,54.48,70.4,56.94,51.33,62.97,10.18,52.6,60.85,7.27,56.94,53.18,4.36,11.74,-2.69,3.76,7.07
2019-05-01,59.4,58.4,59.4,58.36,-7.0,1.76,1.8215,1.09,2642983.0,154360779.13,61.8,61.65,60.79,59.91,58.84,57.93,56.94,56.36,55.87,55.86,61.07,59.45,58.0,56.46,55.6,56.75,56.72,56.13,55.99,55.43,54.48,56.51,56.98,51.33,62.97,10.18,52.82,60.85,7.07,56.98,53.18,2.5,9.82,-4.36,3.8,7.15
2019-05-02,58.39,58.13,58.71,57.75,-7.98,1.64,1.3656,0.71,1944817.0,113053184.62,60.79,61.52,60.68,59.96,58.85,58.01,57.02,56.39,55.92,55.85,61.07,59.45,58.0,56.46,55.6,56.75,56.72,56.13,55.99,55.43,54.48,54.66,57.0,51.33,62.97,10.18,52.82,60.64,6.9,57.0,53.18,1.98,9.31,-4.81,3.82,7.18
2019-05-03,58.68,59.27,59.34,58.45,-6.82,1.53,1.3928,0.68,1980653.0,117393303.31,59.92,61.45,60.61,60.03,58.91,58.08,57.14,56.44,55.95,55.85,61.19,59.83,58.29,56.82,55.65,56.68,56.84,56.15,56.09,55.55,54.63,67.24,57.03,51.33,62.97,10.18,52.82,60.64,6.9,57.03,53.4,3.93,10.99,-3.14,3.63,6.8
2019-05-06,58.31,59.47,59.54,58.31,-7.63,2.07,1.106,0.51,1563943.0,93006908.24,58.94,61.36,60.58,60.09,58.99,58.15,57.26,56.49,56.0,55.85,61.19,59.83,58.29,56.82,55.65,56.68,56.84,56.15,56.09,55.55,54.63,72.11,57.06,51.33,62.97,10.18,52.82,60.64,6.9,57.06,53.4,4.22,11.37,-2.81,3.66,6.85
2019-05-07,59.02,58.7,59.52,58.05,-1.21,2.47,1.091,0.54,1551368.0,91073058.44,58.8,61.2,60.55,60.12,59.05,58.21,57.33,56.52,56.04,55.84,61.19,59.83,58.29,56.82,55.65,56.68,56.84,56.15,56.09,55.55,54.63,57.81,57.08,51.33,62.97,10.18,52.82,60.64,6.9,57.08,53.4,2.85,9.93,-4.06,3.68,6.89
2019-05-08,58.6,58.31,59.02,58.29,-0.15,1.25,0.9183,0.68,1309514.0,76362344.64,58.78,61.0,60.52,60.12,59.11,58.25,57.4,56.57,56.1,55.83,61.19,59.83,58.29,56.82,55.65,56.68,56.84,56.15,56.09,55.55,54.63,51.89,57.1,51.33,62.97,10.18,52.82,60.64,6.9,57.1,53.4,2.13,9.2,-4.7,3.7,6.93
2019-05-09,57.95,58.12,58.48,57.54,-0.02,1.61,0.8358,0.71,1185973.0,68927564.79,58.78,60.75,60.5,60.13,59.15,58.31,57.47,56.62,56.15,55.82,61.19,59.83,58.29,56.82,55.65,56.68,56.84,56.15,56.09,55.55,54.63,52.11,57.11,51.33,62.75,10.01,53.03,60.64,6.7,57.11,53.4,1.77,8.84,-5.02,3.71,6.95
2019-05-10,58.18,58.21,58.63,57.12,-1.78,2.59,0.9235,0.87,1314546.0,76524323.57,58.56,60.51,60.49,60.15,59.18,58.37,57.54,56.68,56.2,55.81,60.76,59.94,58.53,57.28,55.74,56.61,56.93,56.17,56.13,55.64,54.77,52.27,57.12,51.33,62.75,10.01,53.03,60.64,6.7,57.12,53.51,1.91,8.79,-4.19,3.61,6.75
2019-05-13,57.1,56.6,57.4,56.11,-4.82,2.22,1.2933,1.34,1860648.0,105315467.77,57.99,60.12,60.43,60.14,59.19,58.41,57.59,56.72,56.23,55.79,60.76,59.94,58.53,57.28,55.74,56.61,56.93,56.17,56.13,55.64,54.77,42.32,57.12,51.33,62.75,10.01,53.03,60.64,6.7,57.12,53.51,-0.91,5.78,-6.85,3.61,6.75
2019-05-14,56.86,56.02,57.02,55.98,-4.57,1.84,1.2709,1.27,1836604.0,102890229.29,57.45,59.64,60.3,60.08,59.2,58.43,57.65,56.75,56.25,55.78,60.76,59.94,58.53,57.28,55.74,56.61,56.93,56.17,56.13,55.64,54.77,39.47,57.11,51.55,62.75,9.81,53.03,60.64,6.7,57.11,53.51,-1.91,4.69,-7.8,3.6,6.73
2019-05-15,55.89,58.21,58.57,55.83,-0.18,4.88,1.5618,1.52,2289302.0,133261414.07,57.43,59.34,60.24,60.04,59.24,58.49,57.7,56.8,56.31,55.79,60.76,59.94,58.53,57.28,55.74,56.61,56.93,56.17,56.13,55.64,54.77,54.08,57.12,51.55,62.75,9.81,53.03,60.43,6.52,57.12,53.51,1.91,8.78,-4.2,3.61,6.75
2019-05-16,58.23,58.95,59.41,58.14,1.43,2.17,1.0395,0.9,1531404.0,90274734.4,57.6,59.05,60.2,60.03,59.29,58.57,57.76,56.86,56.38,55.8,60.76,59.94,58.53,57.28,55.74,56.61,56.93,56.17,56.13,55.64,54.77,65.92,57.14,51.55,62.75,9.81,53.03,60.43,6.52,57.14,53.51,3.17,10.16,-2.98,3.63,6.78
2019-05-17,58.42,58.12,59.01,58.0,-0.17,1.71,0.8223,0.68,1208623.0,70239125.64,57.58,58.69,60.11,60.0,59.35,58.62,57.81,56.92,56.43,55.83,60.21,60.04,58.7,57.6,55.85,56.51,56.97,56.29,56.16,55.72,54.91,53.24,57.15,51.55,62.75,9.81,53.03,60.43,6.52,57.15,53.62,1.69,8.38,-3.47,3.53,6.58
2019-05-20,57.22,56.94,57.34,56.57,0.6,1.32,0.9176,0.78,1353292.0,77059829.71,57.65,58.19,60.0,59.95,59.37,58.64,57.84,56.97,56.48,55.85,60.21,60.04,58.7,57.6,55.85,56.51,56.97,56.29,56.16,55.72,54.91,44.2,57.15,51.55,62.75,9.81,53.03,60.43,6.52,57.15,53.62,-0.36,6.2,-5.42,3.53,6.58
2019-05-21,57.42,57.48,57.64,56.9,2.61,1.3,0.7889,0.71,1160158.0,66687622.08,57.94,58.06,59.9,59.91,59.4,58.66,57.89,57.03,56.52,55.86,60.21,60.04,58.7,57.6,55.85,56.51,56.97,56.29,56.16,55.72,54.91,48.61,57.16,51.55,62.54,9.64,53.03,60.43,6.52,57.16,53.62,0.56,7.2,-4.52,3.54,6.6
2019-05-22,57.34,57.57,57.93,57.29,-1.1,1.1,0.626,0.61,914839.0,52668196.07,57.81,58.01,59.83,59.86,59.43,58.67,57.94,57.09,56.56,55.88,60.21,60.04,58.7,57.6,55.85,56.51,56.97,56.29,56.16,55.72,54.91,48.55,57.16,51.55,62.54,9.64,53.24,60.43,6.33,57.16,53.62,0.72,7.37,-4.38,3.54,6.6
2019-05-23,57.02,57.04,57.3,56.46,-3.24,1.45,0.8185,0.97,1199300.0,68406273.05,57.43,57.93,59.73,59.77,59.45,58.67,57.99,57.15,56.59,55.89,60.21,60.04,58.7,57.6,55.85,56.51,56.97,56.29,56.16,55.72,54.91,43.46,57.16,51.55,62.54,9.64,53.24,60.43,6.33,57.16,53.62,-0.21,6.38,-5.26,3.54,6.6
2019-05-24,57.37,56.67,57.49,56.59,-2.48,1.58,0.7629,0.95,1112341.0,63040257.66,57.14,57.76,59.61,59.66,59.47,58.68,58.03,57.23,56.61,55.89,59.18,59.79,58.83,57.75,55.95,56.43,56.98,56.37,56.16,55.79,55.02,41.18,57.16,51.55,62.54,9.64,53.24,60.43,6.33,57.16,53.68,-0.85,5.58,-5.21,3.48,6.48
2019-05-28,56.7,56.71,57.58,56.66,-0.41,1.63,0.9372,1.19,1365166.0,77415150.95,57.09,57.58,59.47,59.58,59.46,58.71,58.05,57.3,56.62,55.91,59.18,59.79,58.83,57.75,55.95,56.43,56.98,56.37,56.16,55.79,55.02,40.71,57.16,51.55,62.54,9.64,53.24,60.43,6.33,57.16,53.68,-0.79,5.64,-5.15,3.48,6.48
2019-05-29,56.38,55.82,56.46,55.41,-2.89,1.84,1.0549,1.34,1538212.0,85867608.48,56.76,57.39,59.29,59.49,59.43,58.72,58.07,57.34,56.63,55.91,59.18,59.79,58.83,57.75,55.95,56.43,56.98,56.37,56.16,55.79,55.02,33.95,57.15,51.55,62.54,9.64,53.24,60.43,6.33,57.15,53.68,-2.32,3.99,-6.63,3.47,6.46
2019-05-30,55.78,55.9,56.16,55.61,-2.91,0.99,0.6565,0.78,951873.0,53207321.02,56.43,57.22,59.11,59.42,59.4,58.74,58.08,57.38,56.65,55.92,59.18,59.79,58.83,57.75,55.95,56.43,56.98,56.37,56.16,55.79,55.02,33.94,57.15,51.55,62.54,9.64,53.24,60.43,6.33,57.15,53.68,-2.19,4.13,-6.51,3.47,6.46
2019-05-31,55.06,55.18,55.48,55.01,-3.26,0.84,1.0353,1.22,1508203.0,83224903.84,56.06,57.03,58.89,59.34,59.35,58.72,58.1,57.41,56.67,55.92,57.49,59.28,58.8,57.87,56.03,56.28,56.93,56.45,56.11,55.84,55.12,28.5,57.13,51.55,62.54,9.64,53.24,60.22,6.15,57.13,53.73,-3.41,2.7,-6.91,3.4,6.33
2019-06-03,53.28,51.81,53.28,51.25,-8.58,3.67,3.3692,3.96,5130576.0,265822838.42,55.08,56.6,58.56,59.2,59.26,58.67,58.08,57.41,56.67,55.92,57.49,59.28,58.8,57.87,56.03,56.28,56.93,56.45,56.11,55.84,55.12,7.55,56.94,51.55,62.33,9.47,52.82,60.22,6.55,56.94,53.73,-9.01,-3.57,-12.6,3.21,5.97
2019-06-04,52.14,52.65,52.8,51.68,-7.15,2.16,1.8283,1.35,2833483.0,149189963.66,54.27,56.34,58.23,59.06,59.19,58.62,58.07,57.41,56.67,55.9,57.49,59.28,58.8,57.87,56.03,56.28,56.93,56.45,56.11,55.84,55.12,16.39,56.85,51.55,62.33,9.47,52.6,60.22,6.75,56.85,53.73,-7.38,-2.01,-11.18,3.12,5.81
2019-06-05,52.58,52.11,52.68,51.52,-6.65,2.19,1.3924,0.91,2168439.0,112999524.73,53.53,56.08,57.86,58.89,59.08,58.57,58.04,57.42,56.67,55.89,57.49,59.28,58.8,57.87,56.03,56.28,56.93,56.45,56.11,55.84,55.12,10.21,56.78,51.55,62.33,9.47,52.39,60.22,6.95,56.78,53.73,-8.22,-3.01,-12.09,3.05,5.68
2019-06-06,52.25,52.22,52.37,51.68,-6.58,1.32,1.0973,0.68,1703244.0,88938291.95,52.79,55.68,57.51,58.72,58.95,58.53,58.02,57.41,56.66,55.9,57.49,59.28,58.8,57.87,56.03,56.28,56.93,56.45,56.11,55.84,55.12,14.19,56.72,51.55,62.33,9.47,52.39,60.22,6.95,56.72,53.73,-7.94,-2.82,-11.91,2.99,5.56
2019-06-07,52.53,53.3,53.55,52.42,-3.41,2.16,1.1567,0.68,1802370.0,96069925.74,52.42,55.3,57.18,58.57,58.85,58.49,58.03,57.41,56.66,55.91,56.3,58.74,58.65,57.79,56.03,56.09,56.84,56.49,56.08,55.86,55.2,23.28,56.68,51.55,62.33,9.47,52.39,60.22,6.95,56.68,53.68,-5.96,-0.7,-9.26,3.0,5.59
2019-06-10,53.65,54.02,54.63,53.62,4.26,1.91,0.9368,0.54,1464248.0,79097212.71,52.86,55.03,56.86,58.42,58.76,58.48,58.02,57.41,56.68,55.91,56.3,58.74,58.65,57.79,56.03,56.09,56.84,56.49,56.08,55.86,55.2,27.59,56.65,51.55,62.12,9.3,52.39,60.22,6.95,56.65,53.68,-4.64,0.63,-8.04,2.97,5.53
2019-06-11,54.7,53.94,55.1,53.88,2.44,2.26,0.9295,0.72,1437063.0,77509429.97,53.12,54.83,56.51,58.27,58.67,58.46,58.0,57.41,56.71,55.91,56.3,58.74,58.65,57.79,56.03,56.09,56.84,56.49,56.08,55.86,55.2,27.33,56.63,51.55,62.12,9.3,52.39,60.01,6.77,56.63,53.68,-4.76,0.48,-8.18,2.95,5.5
2019-06-12,53.9,53.85,54.05,53.38,3.34,1.24,0.6881,0.62,1061255.0,57150173.63,53.47,54.59,56.32,58.13,58.58,58.44,57.98,57.42,56.73,55.92,56.3,58.74,58.65,57.79,56.03,56.09,56.84,56.49,56.08,55.86,55.2,26.09,56.61,51.55,62.12,9.3,52.39,60.01,6.77,56.61,53.68,-4.87,0.32,-8.33,2.93,5.46
2019-06-13,54.18,54.44,54.71,54.01,4.25,1.3,0.6895,0.71,1058000.0,57595933.0,53.91,54.38,56.19,58.01,58.49,58.42,57.96,57.43,56.75,55.94,56.3,58.74,58.65,57.79,56.03,56.09,56.84,56.49,56.08,55.86,55.2,31.5,56.59,51.55,62.12,9.3,52.39,60.01,6.77,56.59,53.68,-3.8,1.41,-7.33,2.91,5.42
2019-06-14,54.32,54.27,54.63,54.01,1.81,1.15,0.7333,0.81,1111643.0,60326086.5,54.1,54.19,56.06,57.88,58.37,58.4,57.92,57.45,56.78,55.95,55.51,58.13,58.47,57.78,56.07,55.99,56.81,56.5,56.11,55.91,55.29,29.54,56.57,51.55,62.12,9.3,52.39,60.01,6.77,56.57,53.69,-4.07,1.08,-7.18,2.88,5.36
2019-06-17,54.31,54.62,54.96,54.31,1.12,1.19,0.623,0.77,941602.0,51435009.25,54.22,54.06,55.91,57.76,58.26,58.38,57.91,57.46,56.83,55.95,55.51,58.13,58.47,57.78,56.07,55.99,56.81,56.5,56.11,55.91,55.29,33.99,56.56,51.55,62.12,9.3,52.39,60.01,6.77,56.56,53.69,-3.42,1.74,-6.57,2.87,5.35
2019-06-18,55.48,55.18,55.82,54.95,2.31,1.59,0.9207,1.24,1386684.0,76517223.12,54.47,53.95,55.77,57.63,58.17,58.36,57.91,57.47,56.88,55.95,55.51,58.13,58.47,57.78,56.07,55.99,56.81,56.5,56.11,55.91,55.29,38.62,56.54,51.55,62.12,9.3,52.39,60.01,6.77,56.54,53.69,-2.41,2.78,-5.62,2.85,5.31
2019-06-19,55.28,55.12,55.35,54.67,2.35,1.23,0.8908,1.2,1339218.0,73813008.9,54.73,53.91,55.65,57.5,58.1,58.33,57.92,57.47,56.91,55.96,55.51,58.13,58.47,57.78,56.07,55.99,56.81,56.5,56.11,55.91,55.29,36.75,56.53,51.55,62.12,9.3,52.39,60.01,6.77,56.53,53.69,-2.5,2.66,-5.73,2.84,5.29
2019-06-20,56.0,55.57,56.01,55.24,2.08,1.4,0.8454,1.08,1262011.0,70131213.28,54.95,53.89,55.55,57.37,58.04,58.29,57.93,57.48,56.94,55.99,55.51,58.13,58.47,57.78,56.07,55.99,56.81,56.5,56.11,55.91,55.29,42.89,56.52,51.55,62.12,9.3,52.39,60.01,6.77,56.52,53.69,-1.68,3.5,-4.95,2.83,5.27
2019-06-21,55.46,56.09,56.21,55.4,3.37,1.44,1.2967,1.61,1947591.0,109248169.55,55.32,53.95,55.49,57.24,57.99,58.27,57.93,57.51,56.97,56.02,55.1,57.65,58.4,57.8,56.23,55.93,56.79,56.57,56.13,55.96,55.38,48.47,56.51,51.76,62.12,9.1,52.39,60.01,6.77,56.51,53.73,-0.74,4.4,-3.94,2.78,5.17
2019-06-24,55.98,55.78,56.1,55.55,2.11,0.98,0.9253,1.01,1395696.0,77846340.1,55.55,54.21,55.41,57.11,57.95,58.25,57.93,57.52,57.01,56.04,55.1,57.65,58.4,57.8,56.23,55.93,56.79,56.57,56.13,55.96,55.38,45.95,56.5,51.76,62.12,9.1,52.6,60.01,6.57,56.5,53.73,-1.28,3.81,-4.49,2.77,5.16
2019-06-25,55.63,54.32,55.72,54.19,-1.56,2.74,1.0225,1.06,1546913.0,84024446.88,55.38,54.32,55.33,56.93,57.88,58.21,57.91,57.53,57.02,56.05,55.1,57.65,58.4,57.8,56.23,55.93,56.79,56.57,56.13,55.96,55.38,30.12,56.48,51.76,61.91,8.93,52.6,59.79,6.4,56.48,53.73,-3.83,1.09,-6.99,2.75,5.12
2019-06-26,54.32,53.99,54.65,53.61,-2.04,1.91,1.1896,1.21,1810869.0,97768817.31,55.15,54.45,55.26,56.72,57.78,58.15,57.89,57.53,57.05,56.05,55.1,57.65,58.4,57.8,56.23,55.93,56.79,56.57,56.13,55.96,55.38,25.88,56.45,51.76,61.91,8.93,52.6,59.79,6.4,56.45,53.73,-4.36,0.48,-7.55,2.72,5.06
2019-06-27,54.2,53.8,54.36,53.76,-3.19,1.09,0.6586,0.63,1004477.0,54041364.84,54.8,54.55,55.12,56.52,57.68,58.07,57.86,57.53,57.05,56.07,55.1,57.65,58.4,57.8,56.23,55.93,56.79,56.57,56.13,55.96,55.38,23.72,56.43,51.76,61.91,8.93,52.6,59.79,6.4,56.43,53.73,-4.66,0.13,-7.87,2.7,5.03
2019-06-28,53.82,54.05,54.05,53.67,-3.65,0.71,1.1022,1.1,1693450.0,91523351.98,54.39,54.6,54.95,56.32,57.57,58.0,57.84,57.54,57.06,56.09,54.58,56.88,58.05,57.77,56.21,55.82,56.69,56.6,56.1,55.97,55.43,27.04,56.4,51.76,61.91,8.93,52.6,59.79,6.4,56.4,53.75,-4.17,0.55,-6.9,2.65,4.93
2019-07-01,54.9,54.9,55.38,54.68,-1.58,1.28,0.9313,0.97,1438504.0,78970273.34,54.21,54.66,54.84,56.13,57.48,57.94,57.85,57.54,57.07,56.11,54.58,56.88,58.05,57.77,56.21,55.82,56.69,56.6,56.1,55.97,55.43,36.32,56.39,51.76,61.91,8.93,52.6,59.79,6.4,56.39,53.75,-2.65,2.13,-5.43,2.64,4.91
2019-07-02,55.11,55.56,55.59,54.91,2.29,1.24,0.6415,0.66,991755.0,55104387.19,54.46,54.77,54.8,55.93,57.4,57.89,57.85,57.54,57.08,56.14,54.58,56.88,58.05,57.77,56.21,55.82,56.69,56.6,56.1,55.97,55.43,43.09,56.38,51.76,61.91,8.93,52.6,59.79,6.4,56.38,53.75,-1.45,3.37,-4.29,2.63,4.89
2019-07-03,55.87,56.08,56.34,55.69,3.87,1.16,0.4966,0.55,767011.0,43013209.87,54.88,54.92,54.75,55.86,57.33,57.85,57.85,57.54,57.1,56.17,54.58,56.88,58.05,57.77,56.21,55.82,56.69,56.6,56.1,55.97,55.43,51.98,56.38,51.76,61.91,8.93,52.6,59.79,6.4,56.38,53.75,-0.53,4.33,-3.4,2.63,4.89
2019-07-05,55.89,56.58,56.64,55.81,5.17,1.49,0.8154,1.07,1264540.0,71547040.93,55.43,55.06,54.72,55.82,57.27,57.8,57.86,57.54,57.14,56.19,54.86,56.17,57.81,57.81,56.37,55.75,56.63,56.63,56.13,56.01,55.51,54.72,56.38,51.76,61.91,8.93,52.6,59.79,6.4,56.38,53.77,0.35,5.23,-2.13,2.61,4.85
2019-07-08,56.26,55.82,56.3,55.56,3.28,1.31,0.7929,1.0,1236419.0,69013817.53,55.79,55.16,54.68,55.76,57.2,57.73,57.86,57.53,57.16,56.2,54.86,56.17,57.81,57.81,56.37,55.75,56.63,56.63,56.13,56.01,55.51,48.56,56.38,51.76,61.91,8.93,52.6,59.79,6.4,56.38,53.77,-1.0,3.81,-3.45,2.61,4.85
2019-07-09,55.59,56.24,56.4,55.36,2.45,1.87,0.8475,1.17,1330370.0,74822004.36,56.06,55.27,54.66,55.7,57.14,57.66,57.86,57.53,57.18,56.22,54.86,56.17,57.81,57.81,56.37,55.75,56.63,56.63,56.13,56.01,55.51,54.26,56.37,51.76,61.91,8.93,52.6,59.79,6.4,56.37,53.77,-0.23,4.6,-2.72,2.6,4.84
2019-07-10,56.56,57.02,57.1,56.55,2.63,0.99,0.7682,1.08,1209466.0,68968589.18,56.35,55.39,54.67,55.64,57.07,57.62,57.86,57.55,57.21,56.23,54.86,56.17,57.81,57.81,56.37,55.75,56.63,56.63,56.13,56.01,55.51,58.87,56.37,51.76,61.91,8.93,52.6,59.79,6.4,56.37,53.77,1.16,6.05,-1.37,2.6,4.84
2019-07-11,57.16,57.21,57.65,56.98,2.02,1.18,0.7594,1.03,1195569.0,68399100.27,56.57,55.53,54.72,55.61,57.01,57.59,57.86,57.58,57.23,56.24,54.86,56.17,57.81,57.81,56.37,55.75,56.63,56.63,56.13,56.01,55.51,60.98,56.38,51.76,61.91,8.93,52.6,59.79,6.4,56.38,53.77,1.47,6.4,-1.04,2.61,4.85
2019-07-12,57.2,57.24,57.37,56.94,1.18,0.75,0.5487,0.69,863973.0,49458134.38,56.71,55.65,54.77,55.59,56.94,57.56,57.85,57.6,57.25,56.28,55.65,55.97,57.71,57.9,56.54,55.73,56.54,56.69,56.12,56.08,55.6,60.82,56.38,51.76,61.91,8.93,52.6,59.79,6.4,56.38,53.82,1.53,6.36,-1.13,2.56,4.76
2019-07-15,57.34,57.52,57.54,56.97,3.04,1.0,0.5759,0.77,903780.0,51982714.26,57.05,55.74,54.84,55.57,56.87,57.54,57.85,57.62,57.28,56.3,55.65,55.97,57.71,57.9,56.54,55.73,56.54,56.69,56.12,56.08,55.6,64.53,56.39,51.76,61.91,8.93,52.6,59.79,6.4,56.39,53.82,2.0,6.87,-0.66,2.57,4.78
2019-07-16,57.3,57.68,57.93,57.25,2.56,1.18,0.7902,1.13,1238807.0,71453148.95,57.34,55.87,55.04,55.56,56.8,57.53,57.85,57.63,57.32,56.34,55.65,55.97,57.71,57.9,56.54,55.73,56.54,56.69,56.12,56.08,55.6,64.31,56.4,51.76,61.91,8.93,52.82,59.79,6.2,56.4,53.82,2.27,7.17,-0.38,2.58,4.79
2019-07-17,57.55,57.32,57.92,57.29,0.51,1.09,0.7435,1.08,1170047.0,67064168.92,57.39,56.07,55.19,55.58,56.71,57.52,57.86,57.64,57.35,56.38,55.65,55.97,57.71,57.9,56.54,55.73,56.54,56.69,56.12,56.08,55.6,61.97,56.4,51.76,61.91,8.93,52.82,59.58,6.02,56.4,53.82,1.63,6.5,-1.01,2.58,4.79
2019-07-18,57.09,57.32,57.38,56.64,0.19,1.3,0.8207,1.2,1291281.0,74011707.44,57.42,56.29,55.37,55.6,56.61,57.48,57.84,57.66,57.37,56.41,55.65,55.97,57.71,57.9,56.54,55.73,56.54,56.69,56.12,56.08,55.6,62.36,56.41,51.76,61.91,8.93,52.82,59.58,6.02,56.41,53.82,1.61,6.5,-1.01,2.59,4.81
2019-07-19,57.41,56.5,57.56,56.48,-1.29,1.88,1.0401,1.51,1647245.0,93077578.72,57.27,56.47,55.51,55.57,56.51,57.44,57.81,57.66,57.4,56.43,56.09,55.8,57.45,57.87,56.79,55.75,56.45,56.74,56.12,56.09,55.66,52.33,56.41,51.76,61.91,8.93,52.82,59.58,6.02,56.41,53.88,0.17,4.87,-2.36,2.53,4.7
2019-07-22,56.67,56.9,56.96,56.21,-1.07,1.33,0.8203,1.04,1301846.0,74079593.86,57.14,56.66,55.63,55.52,56.4,57.39,57.77,57.68,57.43,56.46,56.09,55.8,57.45,57.87,56.79,55.75,56.45,56.74,56.12,56.09,55.66,57.22,56.41,51.76,61.91,8.93,52.82,59.58,6.02,56.41,53.88,0.87,5.61,-1.67,2.53,4.7
2019-07-23,57.2,57.31,57.34,56.59,-0.64,1.33,0.6902,0.82,1093688.0,62679806.12,57.07,56.82,55.74,55.5,56.3,57.35,57.75,57.7,57.45,56.49,56.09,55.8,57.45,57.87,56.79,55.75,56.45,56.74,56.12,56.09,55.66,63.62,56.4,51.76,61.91,8.93,52.82,59.58,6.02,56.4,53.88,1.61,6.37,-0.97,2.52,4.68
2019-07-24,56.6,56.89,57.2,56.35,-0.74,1.48,1.0132,1.22,1590101.0,90461640.94,56.99,56.91,55.84,55.5,56.17,57.3,57.73,57.71,57.46,56.53,56.09,55.8,57.45,57.87,56.79,55.75,56.45,56.74,56.12,56.09,55.66,57.32,56.4,51.76,61.7,8.76,52.82,59.58,6.02,56.4,53.88,0.87,5.59,-1.7,2.52,4.68
2019-07-25,56.89,56.61,57.08,56.05,-1.24,1.83,1.4705,1.6,2209823.0,125089240.74,56.84,56.94,55.93,55.48,56.13,57.25,57.7,57.72,57.47,56.57,56.09,55.8,57.45,57.87,56.79,55.75,56.45,56.74,56.12,56.09,55.66,51.2,56.39,51.76,61.7,8.76,52.82,59.58,6.02,56.39,53.88,0.38,5.06,-2.19,2.51,4.66
2019-07-26,61.2,62.52,63.28,61.2,10.65,3.67,3.123,3.06,4805752.0,300458017.92,58.05,57.34,56.2,55.59,56.2,57.29,57.73,57.79,57.52,56.64,57.38,56.24,57.56,58.14,57.15,55.95,56.46,56.85,56.28,56.17,55.78,95.55,56.58,51.76,62.33,9.27,53.03,59.79,6.0,56.58,54.05,10.5,15.67,7.53,2.53,4.68
2019-07-29,62.05,61.97,62.37,61.41,8.9,1.53,1.4407,1.01,2223731.0,137805721.94,59.06,57.75,56.46,55.7,56.26,57.31,57.74,57.85,57.56,56.72,57.38,56.24,57.56,58.14,57.15,55.95,56.46,56.85,56.28,56.17,55.78,93.48,56.66,51.76,62.33,9.27,53.03,60.22,6.35,56.66,54.05,9.37,14.65,6.58,2.61,4.83
2019-07-30,61.27,61.26,61.74,61.16,6.89,0.93,0.9469,0.61,1453263.0,89022531.59,59.85,58.08,56.68,55.8,56.29,57.33,57.73,57.9,57.6,56.8,57.38,56.24,57.56,58.14,57.15,55.95,56.46,56.85,56.28,56.17,55.78,88.41,56.71,51.76,62.33,9.27,53.03,60.22,6.35,56.71,54.05,8.02,13.33,5.36,2.66,4.92
2019-07-31,61.15,60.83,61.7,60.39,6.93,2.14,1.1223,0.7,1725454.0,104966268.64,60.64,58.34,56.87,55.9,56.32,57.32,57.74,57.93,57.65,56.88,57.38,56.24,57.56,58.14,57.15,55.95,56.46,56.85,56.28,56.17,55.78,86.16,56.75,51.76,62.33,9.27,53.03,60.43,6.52,56.75,54.05,7.2,12.55,4.63,2.7,5.0
2019-08-01,60.7,60.45,61.71,60.29,6.79,2.33,1.1031,0.68,1698510.0,102675778.76,61.41,58.55,57.04,56.0,56.35,57.32,57.75,57.96,57.7,56.94,57.38,56.24,57.56,58.14,57.15,55.95,56.46,56.85,56.28,56.17,55.78,84.44,56.8,51.76,62.33,9.27,53.03,60.64,6.7,56.8,54.05,6.43,11.84,3.97,2.75,5.09
2019-08-02,60.04,59.7,60.34,59.45,-4.51,1.49,1.0645,0.69,1645067.0,98209677.37,60.84,58.72,57.18,56.08,56.37,57.29,57.75,57.98,57.74,56.99,58.51,56.54,57.42,58.17,57.35,56.1,56.45,56.91,56.4,56.21,55.87,79.23,56.83,51.76,62.33,9.27,53.24,60.64,6.5,56.83,54.23,5.05,10.09,2.03,2.6,4.79
2019-08-05,58.5,57.62,58.76,57.01,-7.03,2.94,1.6555,1.48,2597455.0,149654967.28,59.97,58.73,57.23,56.14,56.36,57.24,57.74,57.97,57.75,57.03,58.51,56.54,57.42,58.17,57.35,56.1,56.45,56.91,56.4,56.21,55.87,60.71,56.85,51.76,62.12,9.1,53.24,60.43,6.33,56.85,54.23,1.35,6.24,-1.53,2.62,4.83
2019-08-06,58.17,58.5,59.0,58.0,-4.5,1.73,1.085,0.94,1709374.0,99994105.56,59.42,58.78,57.32,56.29,56.36,57.19,57.74,57.99,57.77,57.07,58.51,56.54,57.42,58.17,57.35,56.1,56.45,56.91,56.4,56.21,55.87,67.39,56.86,51.76,62.12,9.1,53.24,60.43,6.33,56.86,54.23,2.88,7.87,-0.02,2.63,4.85
2019-08-07,57.8,58.7,58.92,57.48,-3.51,2.46,0.9208,0.77,1444324.0,84781096.64,58.99,58.87,57.47,56.42,56.4,57.14,57.74,58.0,57.8,57.11,58.51,56.54,57.42,58.17,57.35,56.1,56.45,56.91,56.4,56.21,55.87,69.99,56.87,51.76,62.12,9.1,53.24,60.43,6.33,56.87,54.23,3.22,8.24,0.32,2.64,4.87
2019-08-08,59.14,60.24,60.25,58.65,-0.35,2.72,0.9396,0.81,1467997.0,88432139.28,58.95,59.07,57.68,56.6,56.47,57.1,57.75,58.02,57.83,57.18,58.51,56.54,57.42,58.17,57.35,56.1,56.45,56.91,56.4,56.21,55.87,84.55,56.9,51.97,62.12,8.9,53.24,60.43,6.33,56.9,54.23,5.87,11.08,2.96,2.67,4.92
2019-08-09,59.9,59.4,60.19,59.18,-0.5,1.68,0.6911,0.6,1065658.0,63300618.03,58.89,59.26,57.86,56.76,56.49,57.06,57.74,58.01,57.86,57.22,59.07,56.97,57.14,58.12,57.57,56.26,56.42,56.94,56.53,56.22,55.97,77.67,56.91,51.97,62.12,8.9,53.24,60.43,6.33,56.91,54.33,4.38,9.33,0.55,2.58,4.75
2019-08-12,58.96,58.74,59.25,58.38,1.94,1.46,0.6543,0.61,1003187.0,58922690.04,59.11,59.38,58.02,56.88,56.49,57.0,57.72,58.0,57.89,57.25,59.07,56.97,57.14,58.12,57.57,56.26,56.42,56.94,56.53,56.22,55.97,68.52,56.93,51.97,62.12,8.9,53.24,60.43,6.33,56.93,54.33,3.17,8.11,-0.57,2.6,4.79
2019-08-13,58.57,59.86,60.24,58.57,2.34,2.84,0.8586,0.98,1318009.0,78900631.77,59.39,59.55,58.19,57.01,56.52,56.95,57.71,58.01,57.93,57.29,59.07,56.97,57.14,58.12,57.57,56.26,56.42,56.94,56.53,56.22,55.97,82.22,56.95,51.97,62.12,8.9,53.45,60.22,5.95,56.95,54.33,5.12,10.18,1.34,2.62,4.82
2019-08-14,58.82,58.21,59.12,58.03,-0.83,1.82,1.0259,1.25,1578668.0,91901368.29,59.29,59.64,58.27,57.11,56.54,56.87,57.69,58.0,57.95,57.32,59.07,56.97,57.14,58.12,57.57,56.26,56.42,56.94,56.53,56.22,55.97,62.23,56.96,51.97,62.12,8.9,53.45,60.22,5.95,56.96,54.33,2.2,7.15,-1.46,2.63,4.84
2019-08-15,58.18,58.36,58.79,58.11,-3.12,1.18,0.7953,0.95,1224739.0,71479442.26,58.92,59.76,58.35,57.21,56.55,56.85,57.67,57.99,57.98,57.35,59.07,56.97,57.14,58.12,57.57,56.26,56.42,56.94,56.53,56.22,55.97,65.01,56.97,51.97,62.12,8.9,53.45,60.22,5.95,56.97,54.33,2.45,7.42,-1.2,2.64,4.86
2019-08-16,58.98,58.88,59.14,58.59,-0.88,0.93,0.8722,1.09,1349436.0,79454791.68,58.81,59.51,58.43,57.31,56.57,56.86,57.66,57.98,58.0,57.39,59.4,57.52,57.11,58.13,57.7,56.4,56.38,56.96,56.63,56.26,56.04,70.81,56.98,51.97,62.12,8.9,53.45,60.22,5.95,56.98,54.42,3.33,8.2,-0.88,2.56,4.7
2019-08-19,59.5,59.92,60.35,59.5,2.02,1.44,0.7964,0.95,1232517.0,73855499.93,59.05,59.38,58.56,57.43,56.62,56.88,57.66,57.97,58.04,57.44,59.4,57.52,57.11,58.13,57.7,56.4,56.38,56.96,56.63,56.26,56.04,82.62,57.01,51.97,62.12,8.9,53.45,60.22,5.95,57.01,54.42,5.11,10.11,0.88,2.59,4.76
2019-08-20,59.76,59.13,59.8,59.11,-1.22,1.16,0.5928,0.68,915605.0,54143843.87,58.9,59.24,58.66,57.53,56.66,56.88,57.64,57.95,58.06,57.48,59.4,57.52,57.11,58.13,57.7,56.4,56.38,56.96,56.63,56.26,56.04,72.32,57.02,51.97,62.12,8.9,53.45,60.22,5.95,57.02,54.42,3.71,8.66,-0.45,2.6,4.78
2019-08-21,59.66,59.56,59.95,59.37,2.32,0.98,0.4831,0.59,741053.0,44138969.31,59.17,59.15,58.75,57.63,56.71,56.88,57.63,57.94,58.08,57.52,59.4,57.52,57.11,58.13,57.7,56.4,56.38,56.96,56.63,56.26,56.04,77.5,57.03,51.97,62.12,8.9,53.45,60.22,5.95,57.03,54.42,4.44,9.45,0.27,2.61,4.8
2019-08-22,59.7,59.48,59.9,58.93,1.91,1.63,0.6219,0.87,947906.0,56378131.21,59.4,59.09,58.82,57.73,56.77,56.89,57.61,57.94,58.1,57.55,59.4,57.52,57.11,58.13,57.7,56.4,56.38,56.96,56.63,56.26,56.04,77.4,57.05,51.97,62.12,8.9,53.45,60.22,5.95,57.05,54.42,4.25,9.29,0.13,2.63,4.83
2019-08-23,59.1,57.56,59.7,57.39,-2.23,3.89,1.0988,1.63,1688271.0,97184475.98,59.13,58.94,58.83,57.77,56.8,56.88,57.57,57.92,58.1,57.57,59.61,57.85,57.07,57.99,57.8,56.51,56.36,56.99,56.69,56.33,56.12,54.22,57.06,51.97,62.12,8.9,53.45,60.01,5.78,57.06,54.49,0.88,5.64,-3.44,2.57,4.72
2019-08-26,57.86,58.44,58.47,57.65,-2.47,1.43,0.8007,1.11,1226441.0,71678731.02,58.84,59.0,58.86,57.82,56.85,56.89,57.53,57.92,58.1,57.6,59.61,57.85,57.07,57.99,57.8,56.51,56.36,56.99,56.69,56.33,56.12,63.31,57.06,51.97,62.12,8.9,53.45,60.01,5.78,57.06,54.49,2.43,7.26,-1.96,2.57,4.72
2019-08-27,59.03,58.39,59.12,58.07,-1.26,1.79,0.7359,0.98,1077452.0,62914577.18,58.69,58.99,58.89,57.88,56.96,56.89,57.49,57.92,58.11,57.63,59.61,57.85,57.07,57.99,57.8,56.51,56.36,56.99,56.69,56.33,56.12,63.13,57.07,51.97,62.12,8.9,53.66,60.01,5.58,57.07,54.49,2.32,7.16,-2.05,2.58,4.73
2019-08-28,58.09,58.55,58.82,57.86,-1.7,1.64,0.5609,0.71,802243.0,46972129.89,58.49,58.98,58.93,57.97,57.06,56.92,57.45,57.92,58.12,57.66,59.61,57.85,57.07,57.99,57.8,56.51,56.36,56.99,56.69,56.33,56.12,66.85,57.08,51.97,62.12,8.9,53.66,60.01,5.58,57.08,54.49,2.58,7.45,-1.78,2.59,4.75
2019-08-29,59.06,59.64,59.8,59.06,0.28,1.28,0.7709,0.95,1088858.0,64942213.26,58.52,58.94,59.0,58.1,57.19,56.96,57.41,57.92,58.13,57.7,59.61,57.85,57.07,57.99,57.8,56.51,56.36,56.99,56.69,56.33,56.12,81.44,57.09,51.97,61.91,8.73,53.66,60.01,5.58,57.09,54.49,4.47,9.46,0.05,2.6,4.77
2019-08-30,59.92,59.4,59.92,59.19,3.2,1.23,0.8055,0.96,1129959.0,67125214.4,58.89,58.94,59.1,58.22,57.31,56.98,57.37,57.91,58.13,57.74,58.99,58.18,57.16,57.92,57.93,56.72,56.38,57.03,56.8,56.39,56.21,77.97,57.11,51.97,61.91,8.73,53.66,60.01,5.58,57.11,54.56,4.02,8.88,0.7,2.55,4.67
2019-09-03,58.85,58.42,59.34,58.16,-0.04,1.99,1.0594,1.39,1480420.0,86485396.19,58.88,58.92,59.15,58.32,57.39,56.97,57.32,57.89,58.12,57.77,58.99,58.18,57.16,57.92,57.93,56.72,56.38,57.03,56.8,56.39,56.21,61.72,57.12,51.97,61.91,8.73,53.66,60.01,5.58,57.12,54.56,2.28,7.07,-0.97,2.56,4.69
2019-09-04,58.84,59.07,59.17,58.55,1.16,1.07,0.7686,0.96,1068968.0,63144474.24,59.02,58.87,59.21,58.41,57.48,56.99,57.27,57.88,58.12,57.8,58.99,58.18,57.16,57.92,57.93,56.72,56.38,57.03,56.8,56.39,56.21,72.03,57.14,51.97,61.91,8.73,53.66,60.01,5.58,57.14,54.56,3.38,8.27,0.14,2.58,4.73
2019-09-05,59.58,60.57,60.65,59.58,3.45,1.82,1.0131,1.26,1408601.0,85317553.97,59.42,59.03,59.33,58.53,57.59,57.03,57.23,57.88,58.13,57.84,58.99,58.18,57.16,57.92,57.93,56.72,56.38,57.03,56.8,56.39,56.21,88.36,57.17,51.97,61.91,8.73,53.66,60.01,5.58,57.17,54.56,5.95,11.01,2.68,2.61,4.78
2019-09-06,60.41,60.25,60.6,60.13,1.01,0.78,0.771,0.87,1072143.0,64592863.25,59.54,59.15,59.45,58.62,57.69,57.07,57.24,57.88,58.14,57.87,59.1,58.8,57.4,57.84,58.11,56.86,56.42,57.04,56.91,56.43,56.28,86.9,57.19,51.97,61.91,8.73,53.66,60.22,5.76,57.19,54.64,5.34,10.26,1.94,2.55,4.67
2019-09-09,60.2,60.22,61.0,59.63,1.37,2.27,1.0533,1.19,1471880.0,88637349.54,59.71,59.24,59.38,58.7,57.79,57.11,57.26,57.88,58.14,57.89,59.1,58.8,57.4,57.84,58.11,56.86,56.42,57.04,56.91,56.43,56.28,86.56,57.23,51.97,61.91,8.73,53.87,60.22,5.56,57.23,54.64,5.23,10.21,1.9,2.59,4.74
2019-09-10,59.76,60.3,60.5,59.73,3.22,1.28,0.9001,0.97,1260115.0,75984934.5,60.08,59.27,59.32,58.8,57.89,57.15,57.28,57.89,58.13,57.91,59.1,58.8,57.4,57.84,58.11,56.86,56.42,57.04,56.91,56.43,56.28,86.49,57.26,51.97,61.91,8.73,53.87,60.22,5.56,57.26,54.64,5.31,10.36,2.03,2.62,4.8
2019-09-11,60.17,61.01,61.13,60.11,3.28,1.69,0.9296,1.04,1307033.0,79740122.78,60.47,59.39,59.31,58.9,58.0,57.21,57.3,57.89,58.13,57.95,59.1,58.8,57.4,57.84,58.11,56.86,56.42,57.04,56.91,56.43,56.28,90.54,57.29,51.97,61.91,8.73,53.87,60.22,5.56,57.29,54.64,6.49,11.66,3.23,2.65,4.85
2019-09-12,61.22,61.71,62.09,61.15,1.89,1.54,1.2226,1.32,1725908.0,106510097.45,60.7,59.53,59.34,59.01,58.1,57.27,57.33,57.9,58.14,57.99,59.1,58.8,57.4,57.84,58.11,56.86,56.42,57.04,56.91,56.43,56.28,93.89,57.35,51.97,61.91,8.73,53.87,60.43,5.74,57.35,54.64,7.61,12.94,4.42,2.71,4.96
2019-09-13,61.57,61.98,62.04,61.35,2.87,1.12,0.9223,0.95,1301350.0,80655070.3,61.04,59.7,59.39,59.11,58.22,57.36,57.36,57.91,58.16,58.04,59.61,59.34,57.85,57.76,58.32,57.11,56.47,57.08,57.02,56.54,56.38,95.5,57.39,51.97,61.91,8.73,53.87,60.43,5.74,57.39,54.79,7.99,13.12,3.96,2.6,4.75
2019-09-16,61.48,61.56,61.98,61.28,2.23,1.13,0.7483,0.75,1053299.0,64846352.93,61.31,59.97,59.46,59.21,58.32,57.43,57.4,57.91,58.18,58.08,59.61,59.34,57.85,57.76,58.32,57.11,56.47,57.08,57.02,56.54,56.38,91.44,57.42,51.97,61.91,8.73,53.87,60.64,5.91,57.42,54.79,7.22,12.37,3.27,2.63,4.8
2019-09-17,61.52,61.46,61.75,61.18,1.92,0.92,0.6888,0.72,958112.0,58883168.24,61.54,60.17,59.58,59.3,58.41,57.52,57.43,57.91,58.2,58.12,59.61,59.34,57.85,57.76,58.32,57.11,56.47,57.08,57.02,56.54,56.38,89.32,57.45,51.97,61.91,8.73,53.87,60.64,5.91,57.45,54.79,6.98,12.17,3.09,2.66,4.85
2019-09-18,61.38,61.62,61.78,60.83,1.0,1.55,0.8251,0.9,1144333.0,70514371.63,61.67,60.38,59.69,59.39,58.51,57.65,57.47,57.91,58.23,58.16,59.61,59.34,57.85,57.76,58.32,57.11,56.47,57.08,57.02,56.54,56.38,91.26,57.49,51.97,61.91,8.73,53.87,60.85,6.08,57.49,54.79,7.18,12.47,3.36,2.7,4.93
2019-09-19,61.6,61.94,62.22,61.6,0.36,1.01,0.7259,0.81,1000155.0,61945100.0,61.71,60.61,59.8,59.49,58.63,57.77,57.53,57.9,58.26,58.2,59.61,59.34,57.85,57.76,58.32,57.11,56.47,57.08,57.02,56.54,56.38,95.45,57.52,51.97,61.91,8.73,53.87,60.85,6.08,57.52,54.79,7.68,13.04,3.89,2.73,4.98
2019-09-20,61.66,61.5,62.17,61.15,-0.78,1.63,1.6857,2.14,2337269.0,143733863.06,61.61,60.73,59.84,59.58,58.76,57.9,57.59,57.89,58.27,58.24,60.14,59.77,58.4,57.87,58.52,57.35,56.54,57.08,57.13,56.58,56.49,89.83,57.59,51.97,61.91,8.73,53.87,61.27,6.43,57.59,54.93,6.78,11.95,2.26,2.66,4.84
2019-09-23,61.3,61.7,61.95,61.21,0.22,1.21,0.7748,0.83,1075253.0,66344722.98,61.64,60.89,59.92,59.7,58.89,58.02,57.63,57.88,58.28,58.27,60.14,59.77,58.4,57.87,58.52,57.35,56.54,57.08,57.13,56.58,56.49,92.62,57.63,51.97,61.91,8.73,53.87,61.27,6.43,57.63,54.93,7.06,12.33,2.6,2.7,4.92
2019-09-24,62.0,60.94,62.34,60.53,-0.85,2.92,1.1485,1.22,1591786.0,97000255.27,61.54,61.05,59.99,59.79,59.0,58.12,57.65,57.85,58.29,58.31,60.14,59.77,58.4,57.87,58.52,57.35,56.54,57.08,57.13,56.58,56.49,82.48,57.67,51.97,61.91,8.73,53.87,61.27,6.43,57.67,54.93,5.67,10.94,1.33,2.74,4.99
2019-09-25,60.79,62.33,62.42,60.5,1.14,3.14,1.1478,1.11,1593875.0,99339853.25,61.68,61.27,60.07,59.9,59.13,58.23,57.7,57.84,58.3,58.36,60.14,59.77,58.4,57.87,58.52,57.35,56.54,57.08,57.13,56.58,56.49,96.27,57.72,51.97,61.91,8.73,53.87,61.49,6.6,57.72,54.93,7.98,13.46,3.64,2.79,5.08
2019-09-26,62.1,62.07,62.25,61.61,0.22,1.02,1.1171,1.03,1561882.0,96945234.8,61.71,61.37,60.2,60.01,59.24,58.34,57.76,57.82,58.32,58.4,60.14,59.77,58.4,57.87,58.52,57.35,56.54,57.08,57.13,56.58,56.49,94.58,57.77,51.97,62.12,8.9,53.87,61.49,6.6,57.77,54.93,7.44,13.0,3.21,2.84,5.17
2019-09-27,62.15,61.25,62.2,60.72,-0.39,2.38,0.962,0.83,1354432.0,82965054.94,61.66,61.44,60.3,60.12,59.32,58.44,57.8,57.84,58.33,58.44,60.88,60.24,58.86,58.02,58.66,57.65,56.65,57.08,57.24,56.63,56.55,81.23,57.81,51.97,62.12,8.9,53.87,61.49,6.6,57.81,55.08,5.96,11.21,0.62,2.73,4.96
2019-09-30,61.05,60.95,61.3,60.62,-1.22,1.12,1.0065,0.99,1419676.0,86529252.2,61.51,61.49,60.36,60.08,59.4,58.53,57.84,57.86,58.33,58.48,60.88,60.24,58.86,58.02,58.66,57.65,56.65,57.08,57.24,56.63,56.55,79.38,57.84,51.97,62.12,8.9,54.08,61.49,6.4,57.84,55.08,5.38,10.66,0.12,2.76,5.01
2019-10-01,60.95,60.26,61.56,60.18,-1.12,2.27,0.9616,0.9,1358279.0,81843101.15,61.37,61.48,60.38,60.04,59.47,58.61,57.87,57.88,58.34,58.51,60.88,60.24,58.86,58.02,58.66,57.65,56.65,57.08,57.24,56.63,56.55,73.45,57.87,52.18,62.12,8.7,54.08,61.49,6.4,57.87,55.08,4.12,9.4,-1.02,2.79,5.07
2019-10-02,59.85,58.83,59.85,58.56,-5.61,2.13,1.1563,1.12,1639237.0,96438771.57,60.67,61.34,60.37,59.99,59.51,58.66,57.9,57.88,58.32,58.52,60.88,60.24,58.86,58.02,58.66,57.65,56.65,57.08,57.24,56.63,56.55,55.86,57.88,52.18,62.12,8.7,54.08,61.49,6.4,57.88,55.08,1.64,6.81,-3.36,2.8,5.08
2019-10-03,59.0,59.39,59.45,58.12,-4.31,2.26,1.1673,1.13,1663656.0,98807025.32,60.14,61.18,60.36,59.96,59.55,58.72,57.93,57.88,58.31,58.54,60.88,60.24,58.86,58.02,58.66,57.65,56.65,57.08,57.24,56.63,56.55,64.67,57.9,52.18,62.12,8.7,54.08,61.49,6.4,57.9,55.08,2.58,7.83,-2.44,2.82,5.12
2019-10-04,59.59,60.45,60.57,59.46,-1.31,1.87,0.8303,0.8,1183264.0,71528308.8,59.98,61.08,60.39,59.96,59.61,58.79,57.98,57.89,58.31,58.56,61.09,60.04,59.15,58.14,58.77,57.87,56.77,57.06,57.3,56.75,56.6,76.31,57.92,52.18,62.12,8.7,54.08,61.49,6.4,57.92,55.19,4.37,9.53,-1.04,2.73,4.95
2019-10-07,60.22,60.38,60.91,60.19,-0.93,1.2,0.6085,0.6,867149.0,52361925.22,59.86,61.0,60.49,59.97,59.66,58.86,58.03,57.91,58.3,58.58,61.09,60.04,59.15,58.14,58.77,57.87,56.77,57.06,57.3,56.75,56.6,73.5,57.93,52.18,62.12,8.7,54.08,61.49,6.4,57.93,55.19,4.24,9.41,-1.15,2.74,4.96
2019-10-08,59.88,59.46,60.3,59.45,-1.33,1.41,0.799,0.85,1141784.0,67886480.4,59.7,60.87,60.52,60.01,59.69,58.9,58.08,57.93,58.28,58.59,61.09,60.04,59.15,58.14,58.77,57.87,56.77,57.06,57.3,56.75,56.6,63.02,57.95,52.18,62.12,8.7,54.08,61.49,6.4,57.95,55.19,2.6,7.73,-2.67,2.76,5.0
2019-10-09,59.97,60.12,60.42,59.88,2.18,0.9,0.616,0.67,876632.0,52699171.0,59.96,60.77,60.58,60.05,59.73,58.96,58.17,57.94,58.26,58.61,61.09,60.04,59.15,58.14,58.77,57.87,56.77,57.06,57.3,56.75,56.6,70.75,57.97,52.18,62.12,8.7,54.08,61.49,6.4,57.97,55.19,3.7,8.92,-1.59,2.78,5.04
2019-10-10,59.93,60.43,60.75,59.87,1.75,1.47,0.6571,0.81,932531.0,56356112.19,60.17,60.67,60.64,60.09,59.78,59.04,58.25,57.98,58.25,58.63,61.09,60.04,59.15,58.14,58.77,57.87,56.77,57.06,57.3,56.75,56.6,76.52,57.99,52.18,62.12,8.7,54.08,61.49,6.4,57.99,55.19,4.21,9.5,-1.07,2.8,5.07
2019-10-11,61.11,60.77,61.42,60.69,0.53,1.21,0.9001,1.28,1277144.0,77615233.74,60.23,60.62,60.68,60.1,59.84,59.13,58.35,58.03,58.23,58.64,61.19,60.14,59.6,58.34,58.83,58.05,56.91,57.07,57.37,56.87,56.65,77.57,58.03,52.18,61.91,8.53,54.08,61.49,6.4,58.03,55.27,4.73,9.96,-0.68,2.76,4.99
2019-10-14,60.62,60.86,61.32,60.59,0.78,1.2,0.6273,0.87,882039.0,53678247.42,60.33,60.57,60.73,60.13,59.91,59.22,58.45,58.05,58.21,58.65,61.19,60.14,59.6,58.34,58.83,58.05,56.91,57.07,57.37,56.87,56.65,80.07,58.05,52.18,61.91,8.53,54.3,61.49,6.21,58.05,55.27,4.84,10.11,-0.54,2.78,5.03
2019-10-15,61.02,62.15,62.37,61.02,4.53,2.21,0.9912,1.37,1395259.0,86716044.48,60.87,60.65,60.85,60.21,60.0,59.33,58.54,58.08,58.2,58.67,61.19,60.14,59.6,58.34,58.83,58.05,56.91,57.07,57.37,56.87,56.65,96.64,58.09,52.18,62.12,8.7,54.3,61.49,6.21,58.09,55.27,6.99,12.45,1.57,2.82,5.1
2019-10-16,62.06,62.18,62.74,61.92,3.44,1.31,0.8292,1.09,1168174.0,72639395.67,61.28,60.64,60.95,60.26,60.08,59.43,58.64,58.12,58.19,58.68,61.19,60.14,59.6,58.34,58.83,58.05,56.91,57.07,57.37,56.87,56.65,96.14,58.13,52.18,62.12,8.7,54.3,61.49,6.21,58.13,55.27,6.97,12.51,1.62,2.86,5.17
2019-10-17,62.55,62.65,63.17,62.5,3.67,1.08,0.701,0.87,980510.0,61432383.28,61.72,60.68,61.02,60.36,60.18,59.52,58.73,58.17,58.18,58.71,61.19,60.14,59.6,58.34,58.83,58.05,56.91,57.07,57.37,56.87,56.65,97.22,58.17,52.18,62.12,8.7,54.3,61.49,6.21,58.17,55.27,7.71,13.36,2.39,2.9,5.25
2019-10-18,62.67,62.27,62.94,62.05,2.47,1.42,0.9772,1.19,1352839.0,84247372.31,62.02,60.74,61.09,60.44,60.27,59.61,58.83,58.22,58.2,58.73,61.25,60.43,59.98,58.7,58.89,58.28,57.1,57.09,57.44,57.02,56.68,94.52,58.22,52.18,62.33,8.86,54.3,61.49,6.21,58.22,55.4,6.96,12.41,1.67,2.82,5.09
2019-10-21,62.61,62.31,62.73,62.03,2.38,1.13,0.7854,0.9,1038042.0,64677801.92,62.31,60.83,61.16,60.52,60.27,59.68,58.91,58.27,58.23,58.74,61.25,60.43,59.98,58.7,58.89,58.28,57.1,57.09,57.44,57.02,56.68,93.87,58.26,52.18,62.33,8.86,54.3,61.7,6.38,58.26,55.4,6.95,12.47,1.73,2.86,5.16
2019-10-22,62.39,62.14,62.53,62.07,-0.02,0.74,0.8048,0.88,1047851.0,65113461.14,62.31,60.96,61.22,60.57,60.27,59.77,59.0,58.31,58.27,58.75,61.25,60.43,59.98,58.7,58.89,58.28,57.1,57.09,57.44,57.02,56.68,93.55,58.3,52.18,62.33,8.86,54.3,61.7,6.38,58.3,55.4,6.59,12.17,1.45,2.9,5.23
2019-10-23,62.12,62.96,62.99,62.12,1.25,1.41,0.718,0.83,928595.0,58461091.12,62.47,61.24,61.29,60.66,60.3,59.86,59.09,58.37,58.3,58.76,61.25,60.43,59.98,58.7,58.89,58.28,57.1,57.09,57.44,57.02,56.68,97.83,58.34,52.18,62.33,8.86,54.3,61.7,6.38,58.34,55.4,7.91,13.64,2.79,2.94,5.31
2019-10-24,63.04,63.05,63.2,62.69,0.63,0.82,0.8112,0.97,1039868.0,65563157.47,62.55,61.48,61.33,60.73,60.34,59.94,59.18,58.43,58.33,58.78,61.25,60.43,59.98,58.7,58.89,58.28,57.1,57.09,57.44,57.02,56.68,98.64,58.39,52.18,62.54,9.03,54.3,61.7,6.38,58.39,55.4,7.98,13.81,2.94,2.99,5.4
2019-10-25,62.55,63.26,63.48,62.5,1.58,1.55,0.9523,1.12,1213051.0,76733360.58,62.74,61.67,61.37,60.82,60.38,60.02,59.27,58.5,58.36,58.8,61.6,60.87,60.38,59.2,59.05,58.49,57.3,57.13,57.52,57.16,56.77,98.97,58.45,52.18,62.75,9.2,54.51,61.91,6.36,58.45,55.53,8.22,13.91,2.69,2.92,5.26
2019-10-28,63.77,64.5,64.97,63.63,3.52,2.12,2.0259,2.48,2613237.0,168553786.5,63.18,61.94,61.47,60.97,60.46,60.12,59.37,58.59,58.42,58.84,61.6,60.87,60.38,59.2,59.05,58.49,57.3,57.13,57.52,57.16,56.77,99.39,58.6,52.18,62.97,9.37,54.51,61.91,6.36,58.6,55.53,10.07,16.15,4.71,3.07,5.53
2019-10-29,63.81,63.13,64.08,62.86,1.59,1.89,1.476,1.38,1886380.0,119089055.78,63.38,62.19,61.53,61.08,60.56,60.19,59.45,58.66,58.46,58.87,61.6,60.87,60.38,59.2,59.05,58.49,57.3,57.13,57.52,57.16,56.77,94.53,58.69,52.18,63.18,9.53,54.72,62.12,6.33,58.69,55.53,7.57,13.69,2.48,3.16,5.69
2019-10-30,62.65,63.06,63.47,62.6,0.17,1.37,1.1067,0.92,1408851.0,88848483.89,63.4,62.38,61.58,61.18,60.63,60.26,59.53,58.77,58.5,58.9,61.6,60.87,60.38,59.2,59.05,58.49,57.3,57.13,57.52,57.16,56.77,94.04,58.75,52.18,63.18,9.53,54.72,62.12,6.33,58.75,55.53,7.34,13.57,2.37,3.22,5.8
2019-10-31,63.06,63.01,63.38,62.54,-0.07,1.33,1.1433,0.89,1455651.0,91714019.08,63.39,62.55,61.61,61.28,60.7,60.34,59.63,58.87,58.55,58.93,61.6,60.87,60.38,59.2,59.05,58.49,57.3,57.13,57.52,57.16,56.77,93.75,58.81,52.18,63.18,9.53,54.93,62.12,6.14,58.81,55.53,7.13,13.46,2.28,3.28,5.91
2019-11-01,63.25,63.69,63.73,63.02,0.68,1.12,1.3082,0.97,1670072.0,106361875.46,63.48,62.75,61.68,61.37,60.76,60.42,59.73,58.98,58.62,58.95,62.09,61.48,60.86,59.67,59.16,58.72,57.51,57.22,57.63,57.29,56.9,97.24,58.88,52.18,63.39,9.7,54.93,62.33,6.31,58.88,55.78,8.16,14.18,2.58,3.1,5.56
2019-11-04,63.82,64.57,64.71,63.82,0.11,1.4,1.1691,0.83,1500964.0,96914994.03,63.49,63.0,61.78,61.48,60.85,60.53,59.85,59.1,58.67,58.98,62.09,61.48,60.86,59.67,59.16,58.72,57.51,57.22,57.63,57.29,56.9,99.2,58.96,52.39,63.6,9.66,54.93,62.33,6.31,58.96,55.78,9.51,15.76,3.99,3.18,5.7
2019-11-05,64.64,64.6,64.95,64.56,2.33,0.6,0.9955,0.81,1282711.0,82865054.67,63.79,63.16,61.9,61.62,60.95,60.63,59.97,59.2,58.72,59.01,62.09,61.48,60.86,59.67,59.16,58.72,57.51,57.22,57.63,57.29,56.9,98.12,59.03,52.39,63.81,9.83,55.14,62.54,6.29,59.03,55.78,9.44,15.81,4.05,3.25,5.83
2019-11-06,64.47,64.59,64.69,64.12,2.42,0.87,0.8967,0.79,1152977.0,74470784.43,64.09,63.32,61.98,61.74,61.02,60.73,60.08,59.3,58.77,59.04,62.09,61.48,60.86,59.67,59.16,58.72,57.51,57.22,57.63,57.29,56.9,97.89,59.08,52.39,64.02,9.99,55.14,62.75,6.46,59.08,55.78,9.33,15.79,4.03,3.3,5.92
2019-11-07,64.71,65.44,66.19,64.71,3.87,2.28,1.5696,1.44,2029970.0,132847326.71,64.58,63.51,62.09,61.85,61.14,60.84,60.19,59.41,58.84,59.07,62.09,61.48,60.86,59.67,59.16,58.72,57.51,57.22,57.63,57.29,56.9,99.03,59.2,52.39,64.45,10.32,55.14,62.97,6.62,59.2,55.78,10.55,17.32,5.4,3.42,6.13
2019-11-08,65.26,65.57,65.9,65.22,2.95,1.04,0.9677,0.82,1251916.0,82086254.25,64.95,63.72,62.23,61.97,61.26,60.96,60.29,59.53,58.91,59.11,63.11,62.1,61.06,60.14,59.31,58.97,57.8,57.33,57.75,57.46,57.02,99.11,59.27,52.39,64.45,10.32,55.14,62.97,6.62,59.27,56.01,10.63,17.07,3.89,3.26,5.82
2019-11-11,65.16,64.96,65.32,64.87,0.61,0.69,0.786,0.7,1012429.0,65766881.63,65.03,63.9,62.37,62.07,61.37,61.0,60.39,59.63,58.97,59.14,63.11,62.1,61.06,60.14,59.31,58.97,57.8,57.33,57.75,57.46,57.02,96.49,59.33,52.39,64.66,10.48,55.35,62.97,6.43,59.33,56.01,9.49,15.98,2.93,3.32,5.93
2019-11-12,65.0,64.94,65.5,64.79,0.52,1.1,0.8446,0.81,1085859.0,70515683.46,65.1,64.09,62.52,62.18,61.45,61.04,60.49,59.73,59.04,59.17,63.11,62.1,61.06,60.14,59.31,58.97,57.8,57.33,57.75,57.46,57.02,95.9,59.39,52.39,64.66,10.48,55.35,62.97,6.43,59.39,56.01,9.35,15.94,2.9,3.38,6.03
2019-11-13,64.7,64.9,65.22,64.68,0.48,0.83,0.6647,0.65,853861.0,55415578.9,65.16,64.22,62.73,62.26,61.55,61.08,60.58,59.83,59.1,59.2,63.11,62.1,61.06,60.14,59.31,58.97,57.8,57.33,57.75,57.46,57.02,95.68,59.43,52.39,64.87,10.64,55.35,63.18,6.6,59.43,56.01,9.2,15.87,2.83,3.42,6.11
2019-11-14,64.88,65.57,65.85,64.78,0.2,1.64,0.9242,0.96,1194305.0,78314161.76,65.19,64.39,62.93,62.35,61.65,61.15,60.68,59.92,59.18,59.24,63.11,62.1,61.06,60.14,59.31,58.97,57.8,57.33,57.75,57.46,57.02,98.94,59.5,52.39,65.08,10.8,55.56,63.18,6.41,59.5,56.01,10.21,17.07,3.9,3.49,6.23
2019-11-15,65.95,66.74,66.74,65.71,1.79,1.57,1.3651,1.65,1782955.0,119000657.04,65.42,64.62,63.14,62.46,61.77,61.23,60.79,60.03,59.27,59.27,64.31,62.75,61.53,60.78,59.48,59.27,58.04,57.47,57.85,57.64,57.14,100.0,59.61,52.6,65.08,10.6,55.56,63.39,6.58,59.61,56.21,11.97,18.74,3.79,3.4,6.05
2019-11-18,66.61,66.04,66.78,65.88,1.66,1.35,1.1422,1.25,1488083.0,98265560.9,65.64,64.72,63.33,62.56,61.91,61.32,60.88,60.13,59.35,59.31,64.31,62.75,61.53,60.78,59.48,59.27,58.04,57.47,57.85,57.64,57.14,97.58,59.7,52.6,65.5,10.92,55.56,63.6,6.74,59.7,56.21,10.61,17.48,2.69,3.49,6.21
2019-11-19,66.39,65.77,66.39,65.64,1.28,1.13,0.9738,0.99,1269372.0,83490404.56,65.8,64.9,63.54,62.65,62.03,61.42,60.97,60.23,59.44,59.33,64.31,62.75,61.53,60.78,59.48,59.27,58.04,57.47,57.85,57.64,57.14,96.37,59.78,52.6,65.5,10.92,55.56,63.81,6.91,59.78,56.21,10.03,17.01,2.28,3.57,6.35
2019-11-20,65.59,65.15,65.75,64.56,0.39,1.81,1.0019,0.99,1309835.0,85339024.84,65.86,65.04,63.71,62.73,62.14,61.51,61.06,60.32,59.55,59.35,64.31,62.75,61.53,60.78,59.48,59.27,58.04,57.47,57.85,57.64,57.14,92.47,59.84,52.6,65.5,10.92,55.78,64.23,7.05,59.84,56.21,8.88,15.91,1.32,3.63,6.46
2019-11-21,65.07,65.07,65.63,64.65,-0.77,1.5,0.7596,0.71,995499.0,64774631.18,65.75,65.17,63.86,62.8,62.25,61.6,61.14,60.42,59.66,59.37,64.31,62.75,61.53,60.78,59.48,59.27,58.04,57.47,57.85,57.64,57.14,89.85,59.89,52.6,65.5,10.92,55.78,64.23,7.05,59.89,56.21,8.65,15.76,1.18,3.68,6.55
2019-11-22,65.28,64.77,65.44,64.57,-2.96,1.33,1.0539,1.01,1386506.0,89799834.1,65.36,65.25,64.0,62.87,62.34,61.66,61.23,60.52,59.76,59.38,64.8,63.03,61.89,61.19,59.52,59.5,58.29,57.56,57.93,57.77,57.26,87.47,59.96,52.82,65.5,10.72,55.78,64.45,7.21,59.96,56.42,8.02,14.79,-0.06,3.54,6.27
2019-11-25,64.96,65.33,65.57,64.91,-1.06,1.02,0.7888,0.8,1036487.0,67718359.9,65.22,65.3,64.15,62.95,62.44,61.74,61.32,60.63,59.87,59.4,64.8,63.03,61.89,61.19,59.52,59.5,58.29,57.56,57.93,57.77,57.26,93.73,60.01,52.82,65.5,10.72,55.78,64.66,7.37,60.01,56.42,8.87,15.8,0.82,3.59,6.36
2019-11-26,65.49,65.68,65.74,65.25,-0.15,0.74,0.8184,0.89,1069795.0,70261461.11,65.2,65.37,64.26,63.06,62.56,61.83,61.42,60.74,59.97,59.42,64.8,63.03,61.89,61.19,59.52,59.5,58.29,57.56,57.93,57.77,57.26,95.05,60.07,52.82,65.5,10.72,55.78,64.66,7.37,60.07,56.42,9.33,16.41,1.35,3.65,6.47
2019-11-27,65.75,65.65,65.92,65.48,0.76,0.66,0.7629,0.86,996329.0,65408500.69,65.3,65.44,64.38,63.13,62.67,61.91,61.51,60.84,60.07,59.43,64.8,63.03,61.89,61.19,59.52,59.5,58.29,57.56,57.93,57.77,57.26,94.38,60.12,53.03,65.72,10.69,55.78,64.66,7.37,60.12,56.42,9.2,16.36,1.3,3.7,6.56
2019-11-29,65.36,65.25,65.51,65.2,0.28,0.48,0.4542,0.54,586981.0,38299336.29,65.34,65.43,64.47,63.2,62.74,62.0,61.61,60.94,60.17,59.43,65.2,63.4,62.31,61.59,59.71,59.74,58.56,57.68,57.98,57.92,57.34,89.55,60.16,53.03,65.72,10.69,55.78,64.87,7.54,60.16,56.53,8.46,15.42,0.07,3.63,6.42
2019-12-02,65.05,64.5,65.29,64.05,-0.42,1.9,1.1633,1.49,1511851.0,97508342.1,65.28,65.35,64.54,63.27,62.82,62.08,61.7,61.02,60.25,59.47,65.2,63.4,62.31,61.59,59.71,59.74,58.56,57.68,57.98,57.92,57.34,82.41,60.22,53.03,65.72,10.69,55.99,64.87,7.35,60.22,56.53,7.1,14.09,-1.08,3.69,6.53
2019-12-03,63.98,64.76,64.92,63.95,-0.87,1.51,0.9787,1.22,1268647.0,82162654.31,65.17,65.34,64.62,63.36,62.89,62.16,61.72,61.09,60.34,59.51,65.2,63.4,62.31,61.59,59.71,59.74,58.56,57.68,57.98,57.92,57.34,84.54,60.27,53.03,65.72,10.69,55.99,64.87,7.35,60.27,56.53,7.46,14.57,-0.67,3.74,6.62
2019-12-04,65.35,66.03,66.29,65.24,0.53,1.62,1.1824,1.42,1538110.0,101556788.97,65.24,65.41,64.75,63.49,62.99,62.24,61.77,61.19,60.44,59.56,65.2,63.4,62.31,61.59,59.71,59.74,58.56,57.68,57.98,57.92,57.34,97.24,60.36,53.24,65.72,10.49,55.99,64.87,7.35,60.36,56.53,9.39,16.8,1.26,3.83,6.78
2019-12-05,66.4,66.41,66.47,65.82,1.15,0.98,0.9335,1.03,1212818.0,80538998.52,65.39,65.51,64.87,63.66,63.08,62.34,61.82,61.29,60.54,59.61,65.2,63.4,62.31,61.59,59.71,59.74,58.56,57.68,57.98,57.92,57.34,99.31,60.43,53.24,65.93,10.65,55.99,65.08,7.51,60.43,56.53,9.89,17.47,1.85,3.9,6.9
2019-12-06,66.67,67.03,67.2,66.67,2.73,0.8,1.0179,1.08,1315510.0,88179950.81,65.74,65.61,65.0,63.83,63.17,62.44,61.89,61.38,60.64,59.66,65.87,63.98,62.95,62.11,60.01,59.99,58.92,57.87,58.06,58.08,57.45,99.97,60.51,53.24,65.93,10.65,55.99,65.08,7.51,60.51,56.75,10.78,18.12,1.76,3.76,6.63
2019-12-09,66.9,67.18,67.97,66.89,4.16,1.61,1.0483,0.99,1355795.0,91079596.51,66.28,65.64,65.13,63.97,63.25,62.54,61.97,61.48,60.74,59.72,65.87,63.98,62.95,62.11,60.01,59.99,58.92,57.87,58.06,58.08,57.45,98.96,60.59,53.45,66.14,10.61,56.2,65.08,7.32,60.59,56.75,10.87,18.38,1.98,3.84,6.77
2019-12-10,67.08,67.23,67.5,66.8,3.81,1.04,0.8459,0.82,1094653.0,73596805.15,66.78,65.72,65.22,64.13,63.35,62.67,62.05,61.57,60.83,59.78,65.87,63.98,62.95,62.11,60.01,59.99,58.92,57.87,58.06,58.08,57.45,99.23,60.66,53.45,66.35,10.77,56.2,65.29,7.48,60.66,56.75,10.84,18.47,2.07,3.91,6.89
2019-12-11,67.54,67.25,67.56,67.13,1.85,0.63,0.6584,0.65,850796.0,57216881.8,67.02,65.82,65.36,64.3,63.44,62.79,62.16,61.67,60.93,59.84,65.87,63.98,62.95,62.11,60.01,59.99,58.92,57.87,58.06,58.08,57.45,98.88,60.71,53.45,66.35,10.77,56.2,65.29,7.48,60.71,56.75,10.77,18.5,2.09,3.96,6.98
2019-12-12,67.3,67.51,67.79,67.03,1.67,1.14,0.9901,1.1,1281722.0,86533538.25,67.24,65.98,65.51,64.46,63.54,62.91,62.26,61.76,61.02,59.9,65.87,63.98,62.95,62.11,60.01,59.99,58.92,57.87,58.06,58.08,57.45,99.35,60.79,53.66,66.56,10.73,56.2,65.29,7.48,60.79,56.75,11.06,18.97,2.49,4.04,7.12
2019-12-13,67.4,67.39,67.65,67.19,0.54,0.68,1.189,1.31,1550028.0,104458711.96,67.31,66.13,65.65,64.62,63.63,63.03,62.35,61.86,61.13,59.97,66.24,64.67,63.48,62.36,60.32,60.25,59.23,58.08,58.14,58.22,57.63,96.75,60.89,53.66,66.98,11.04,56.41,65.5,7.46,60.89,56.97,10.68,18.29,1.74,3.92,6.88
2019-12-16,67.82,68.06,68.23,67.63,1.31,0.89,1.085,1.14,1397451.0,95108418.88,67.49,66.35,65.8,64.78,63.74,63.14,62.44,61.96,61.25,60.05,66.24,64.67,63.48,62.36,60.32,60.25,59.23,58.08,58.14,58.22,57.63,100.0,60.99,53.87,67.2,11.0,56.41,65.5,7.46,60.99,56.97,11.59,19.46,2.75,4.02,7.06
2019-12-17,68.14,67.76,68.25,67.57,0.78,1.01,1.426,1.5,1855259.0,125704928.8,67.59,66.51,65.9,64.93,63.84,63.25,62.53,62.07,61.37,60.12,66.24,64.67,63.48,62.36,60.32,60.25,59.23,58.08,58.14,58.22,57.63,97.46,61.11,53.87,67.41,11.16,56.62,65.72,7.43,61.11,56.97,10.88,18.93,2.29,4.14,7.27
2019-12-18,67.83,67.63,68.02,67.55,0.57,0.7,1.2726,1.19,1657069.0,112069233.54,67.67,66.64,66.01,65.06,63.95,63.37,62.63,62.17,61.48,60.17,66.24,64.67,63.48,62.36,60.32,60.25,59.23,58.08,58.14,58.22,57.63,96.98,61.21,53.87,67.41,11.16,56.62,65.72,7.43,61.21,56.97,10.49,18.71,2.11,4.24,7.44
2019-12-19,67.59,67.8,67.9,67.45,0.43,0.67,1.1308,0.95,1470112.0,99676533.82,67.73,66.79,66.11,65.18,64.05,63.49,62.72,62.27,61.59,60.24,66.24,64.67,63.48,62.36,60.32,60.25,59.23,58.08,58.14,58.22,57.63,96.26,61.32,53.87,67.62,11.31,56.62,65.93,7.59,61.32,56.97,10.57,19.01,2.36,4.35,7.64
2019-12-20,68.17,67.48,68.18,67.45,0.13,1.08,2.4952,2.09,3316905.0,223823090.95,67.75,66.93,66.18,65.29,64.14,63.58,62.82,62.37,61.69,60.31,66.38,65.34,63.96,62.74,60.68,60.46,59.51,58.32,58.25,58.37,57.81,91.33,61.51,53.87,67.62,11.31,56.83,66.35,7.73,61.51,57.29,9.7,17.79,1.65,4.22,7.37
2019-12-23,67.79,67.44,67.99,67.33,-0.91,0.98,0.6684,0.46,883200.0,59564774.4,67.62,67.13,66.24,65.4,64.24,63.68,62.92,62.47,61.78,60.38,66.38,65.34,63.96,62.74,60.68,60.46,59.51,58.32,58.25,58.37,57.81,90.96,61.57,54.08,67.83,11.27,56.83,66.35,7.73,61.57,57.29,9.54,17.72,1.59,4.28,7.47
2019-12-24,67.42,67.18,67.51,67.14,-0.85,0.55,0.2666,0.19,347518.0,23345564.2,67.51,67.29,66.32,65.51,64.34,63.77,63.02,62.52,61.87,60.44,66.38,65.34,63.96,62.74,60.68,60.46,59.51,58.32,58.25,58.37,57.81,86.73,61.59,54.08,67.83,11.27,56.83,66.56,7.88,61.59,57.29,9.07,17.26,1.2,4.3,7.51
2019-12-26,67.31,68.02,68.07,67.22,0.58,1.25,0.5168,0.44,667754.0,45420627.08,67.58,67.42,66.42,65.64,64.47,63.87,63.11,62.57,61.97,60.51,66.38,65.34,63.96,62.74,60.68,60.46,59.51,58.32,58.25,58.37,57.81,98.34,61.63,54.08,67.83,11.27,56.83,66.77,8.04,61.63,57.29,10.37,18.73,2.47,4.34,7.58
2019-12-27,68.15,67.59,68.23,67.47,-0.31,1.12,0.8102,0.78,1038718.0,70211623.85,67.54,67.5,66.51,65.75,64.62,63.96,63.2,62.63,62.07,60.59,66.95,65.88,64.33,63.15,61.09,60.64,59.8,58.56,58.34,58.49,58.0,89.7,61.7,54.08,67.83,11.27,56.83,66.98,8.2,61.7,57.4,9.55,17.76,0.96,4.3,7.49
2019-12-30,67.5,66.81,67.65,66.7,-1.0,1.4,0.8266,0.84,1051323.0,70235735.66,67.41,67.49,66.55,65.83,64.74,64.03,63.28,62.69,62.15,60.65,66.95,65.88,64.33,63.15,61.09,60.64,59.8,58.56,58.34,58.49,58.0,83.89,61.75,54.08,67.83,11.27,56.83,66.98,8.2,61.75,57.4,8.19,16.39,-0.21,4.35,7.58
2019-12-31,66.51,66.85,66.9,66.45,-0.88,0.67,0.7589,1.21,962468.0,64341948.27,67.29,67.47,66.55,65.91,64.85,64.09,63.36,62.75,62.23,60.73,66.95,65.88,64.33,63.15,61.09,60.64,59.8,58.56,58.34,58.49,58.0,84.01,61.8,54.3,67.83,11.08,57.04,66.98,8.01,61.8,57.4,8.17,16.47,-0.15,4.4,7.67
2020-01-02,67.08,68.37,68.41,67.08,1.77,1.99,1.1014,1.73,1406731.0,96176088.37,67.53,67.54,66.63,65.99,64.98,64.19,63.48,62.83,62.32,60.81,66.95,65.88,64.33,63.15,61.09,60.64,59.8,58.56,58.34,58.49,58.0,100.0,61.89,54.3,67.83,11.08,57.04,67.2,8.17,61.89,57.4,10.47,19.11,2.12,4.49,7.82
2020-01-03,67.39,68.03,68.62,67.28,0.02,1.97,0.9289,1.16,1187006.0,80755579.2,67.53,67.6,66.71,66.1,65.12,64.27,63.59,62.93,62.41,60.89,67.51,66.35,64.77,63.61,61.58,60.87,60.07,58.81,58.45,58.62,58.18,97.02,61.96,54.3,67.83,11.08,57.04,67.2,8.17,61.96,57.56,9.8,18.19,0.78,4.4,7.64
2020-01-06,67.5,69.71,69.82,67.5,3.13,3.42,1.3412,1.53,1733149.0,120818683.36,67.95,67.74,66.86,66.25,65.28,64.38,63.72,63.04,62.51,61.01,67.51,66.35,64.77,63.61,61.58,60.87,60.07,58.81,58.45,58.62,58.18,99.79,62.07,54.3,67.83,11.08,57.04,67.41,8.33,62.07,57.56,12.31,21.11,3.27,4.51,7.84
2020-01-07,69.9,69.67,70.15,69.52,4.28,0.9,1.1612,1.19,1511693.0,105315116.23,68.53,67.89,67.01,66.4,65.44,64.48,63.84,63.14,62.61,61.13,67.51,66.35,64.77,63.61,61.58,60.87,60.07,58.81,58.45,58.62,58.18,98.53,62.17,54.51,68.04,11.04,57.04,67.41,8.33,62.17,57.56,12.06,21.03,3.2,4.61,8.01
2020-01-08,69.6,70.22,70.58,69.54,5.03,1.49,1.1708,1.12,1529177.0,107372692.23,69.2,68.04,67.19,66.54,65.6,64.6,63.96,63.24,62.72,61.25,67.51,66.35,64.77,63.61,61.58,60.87,60.07,58.81,58.45,58.62,58.18,99.68,62.28,54.51,68.04,11.04,57.26,67.62,8.3,62.28,57.56,12.74,21.99,4.01,4.72,8.2
2020-01-09,71.03,70.99,71.37,70.51,3.84,1.21,1.1415,1.02,1502664.0,106676371.36,69.72,68.25,67.38,66.69,65.76,64.72,64.08,63.35,62.84,61.37,67.51,66.35,64.77,63.61,61.58,60.87,60.07,58.81,58.45,58.62,58.18,99.17,62.4,54.51,68.46,11.35,57.26,67.62,8.3,62.4,57.56,13.77,23.33,5.16,4.84,8.41
2020-01-10,71.38,71.49,71.75,70.92,5.08,1.17,1.3763,1.22,1821566.0,130217377.86,70.41,68.51,67.58,66.84,65.92,64.87,64.23,63.47,62.96,61.49,68.4,67.13,65.45,64.31,62.16,61.15,60.4,59.11,58.63,58.82,58.38,99.68,62.54,54.51,69.73,12.26,57.26,67.62,8.3,62.54,57.91,14.31,23.44,4.52,4.63,8.0
2020-01-13,71.81,71.96,72.03,71.3,3.23,1.01,1.2417,1.02,1653482.0,118987044.94,70.86,68.79,67.79,67.0,66.08,64.99,64.37,63.59,63.08,61.61,68.4,67.13,65.45,64.31,62.16,61.15,60.4,59.11,58.63,58.82,58.38,100.0,62.67,54.72,69.94,12.21,57.26,67.62,8.3,62.67,57.91,14.83,24.26,5.21,4.76,8.22
2020-01-14,71.95,71.54,72.09,71.42,2.69,0.93,1.1634,0.97,1560453.0,111641049.43,71.24,69.06,68.0,67.14,66.23,65.12,64.5,63.71,63.2,61.73,68.4,67.13,65.45,64.31,62.16,61.15,60.4,59.11,58.63,58.82,58.38,97.28,62.79,54.72,70.79,12.81,57.47,67.83,8.27,62.79,57.91,13.94,23.54,4.6,4.88,8.43
2020-01-15,71.51,71.96,72.07,71.51,2.48,0.78,0.9572,0.79,1282685.0,92302012.6,71.59,69.36,68.25,67.28,66.39,65.26,64.63,63.84,63.33,61.85,68.4,67.13,65.45,64.31,62.16,61.15,60.4,59.11,58.63,58.82,58.38,99.86,62.89,54.72,71.21,13.1,57.47,67.83,8.27,62.89,57.91,14.42,24.26,5.21,4.98,8.6
2020-01-16,72.37,72.58,72.6,72.05,2.24,0.77,0.8744,0.75,1173688.0,85192143.48,71.91,69.72,68.51,67.45,66.56,65.42,64.76,63.97,63.42,61.97,68.4,67.13,65.45,64.31,62.16,61.15,60.4,59.11,58.63,58.82,58.38,100.0,62.99,54.93,71.42,13.05,57.47,67.83,8.27,62.99,57.91,15.23,25.34,6.12,5.08,8.77
2020-01-17,73.15,74.02,74.06,72.91,3.54,1.59,1.7557,1.6,2396215.0,177366636.19,72.41,70.12,68.77,67.65,66.76,65.6,64.92,64.11,63.52,62.1,69.72,67.98,66.36,65.04,62.75,61.48,60.77,59.49,58.85,59.03,58.63,100.0,63.2,54.93,71.64,13.2,57.68,68.04,8.24,63.2,58.3,17.12,26.96,6.16,4.9,8.4
2020-01-21,73.96,74.22,74.59,73.56,3.14,1.39,1.4724,1.26,2036780.0,151169811.6,72.87,70.56,69.03,67.86,66.95,65.81,65.06,64.25,63.63,62.24,69.72,67.98,66.36,65.04,62.75,61.48,60.77,59.49,58.85,59.03,58.63,99.62,63.38,54.93,71.85,13.34,57.68,68.04,8.24,63.38,58.3,17.1,27.31,6.45,5.08,8.71
2020-01-22,74.55,74.3,75.16,74.25,3.85,1.23,1.1566,0.95,1610846.0,119681830.68,73.42,71.06,69.27,68.05,67.14,66.01,65.2,64.39,63.74,62.36,69.72,67.98,66.36,65.04,62.75,61.48,60.77,59.49,58.85,59.03,58.63,98.36,63.53,55.14,72.48,13.59,57.89,68.46,8.37,63.53,58.3,16.95,27.44,6.56,5.23,8.97
2020-01-23,74.38,74.33,74.78,74.1,3.3,0.9,0.9686,0.79,1351354.0,100449521.2,73.89,71.56,69.51,68.22,67.32,66.19,65.34,64.53,63.85,62.49,69.72,67.98,66.36,65.04,62.75,61.48,60.77,59.49,58.85,59.03,58.63,97.52,63.65,55.14,73.75,14.44,57.89,69.52,9.13,63.65,58.3,16.78,27.5,6.61,5.35,9.18
2020-01-24,74.68,73.34,74.78,73.26,1.03,2.03,1.292,1.04,1784644.0,130877760.06,74.04,71.89,69.72,68.38,67.47,66.36,65.47,64.68,63.97,62.61,70.89,68.64,67.19,65.69,63.4,61.77,61.15,59.8,59.07,59.2,58.87,93.61,63.8,55.14,73.75,14.44,57.89,69.94,9.43,63.8,58.65,14.95,25.04,3.44,5.15,8.78
2020-01-27,71.55,71.69,71.9,71.06,-3.14,1.15,1.2727,0.96,1755201.0,125839135.7,73.58,72.13,69.86,68.52,67.61,66.53,65.58,64.81,64.08,62.71,70.89,68.64,67.19,65.69,63.4,61.77,61.15,59.8,59.07,59.2,58.87,90.15,63.92,55.14,73.75,14.44,58.1,70.58,9.7,63.92,58.65,12.16,22.24,1.13,5.27,8.99
2020-01-28,72.15,72.63,72.8,71.62,-2.14,1.64,1.1415,0.92,1577422.0,114565005.02,73.26,72.33,70.04,68.68,67.77,66.69,65.71,64.95,64.2,62.83,70.89,68.64,67.19,65.69,63.4,61.77,61.15,59.8,59.07,59.2,58.87,92.82,64.03,55.14,73.75,14.44,58.1,71.21,10.14,64.03,58.65,13.43,23.83,2.45,5.38,9.17
2020-01-29,72.94,72.93,73.27,72.34,-1.84,1.29,0.7841,0.67,1078667.0,78668802.31,72.98,72.55,70.22,68.86,67.94,66.86,65.83,65.08,64.32,62.95,70.89,68.64,67.19,65.69,63.4,61.77,61.15,59.8,59.07,59.2,58.87,92.98,64.11,55.14,73.75,14.44,58.1,71.42,10.29,64.11,58.65,13.76,24.35,2.87,5.46,9.31
2020-01-30,72.0,72.79,72.86,71.82,-2.07,1.43,0.9776,0.89,1339421.0,97499133.43,72.68,72.72,70.38,69.04,68.09,67.02,65.95,65.21,64.42,63.08,70.89,68.64,67.19,65.69,63.4,61.77,61.15,59.8,59.07,59.2,58.87,92.69,64.21,55.35,73.75,14.25,58.31,71.42,10.11,64.21,58.65,13.37,24.11,2.68,5.56,9.48
2020-01-31,73.44,71.71,73.51,71.43,-2.21,2.86,1.7448,1.6,2417214.0,173342041.76,72.35,72.77,70.51,69.18,68.21,67.16,66.06,65.33,64.53,63.19,71.72,69.33,67.82,66.18,63.9,61.97,61.47,60.13,59.24,59.36,59.05,85.91,64.37,55.35,73.75,14.25,58.31,71.64,10.25,64.37,59.01,11.41,21.52,-0.01,5.36,9.08
2020-02-03,73.1,74.3,74.5,72.95,3.63,2.16,2.1593,1.87,3055216.0,226993383.15,72.87,72.95,70.73,69.37,68.37,67.33,66.21,65.48,64.66,63.33,71.72,69.33,67.82,66.18,63.9,61.97,61.47,60.13,59.24,59.36,59.05,97.25,64.61,55.35,73.96,14.39,58.31,71.85,10.4,64.61,59.01,14.99,25.91,3.6,5.6,9.49
2020-02-04,72.85,72.35,73.47,71.32,-0.38,2.91,2.6915,2.08,3932954.0,284562987.24,72.82,72.98,70.88,69.52,68.5,67.46,66.32,65.6,64.76,63.45,71.72,69.33,67.82,66.18,63.9,61.97,61.47,60.13,59.24,59.36,59.05,86.7,64.85,55.56,73.96,14.2,58.53,72.06,10.36,64.85,59.01,11.57,22.61,0.89,5.84,9.9
2020-02-05,73.12,72.41,73.19,71.53,-0.71,2.3,1.3599,0.84,1986157.0,143820607.61,72.71,73.04,71.05,69.68,68.61,67.59,66.44,65.72,64.88,63.56,71.72,69.33,67.82,66.18,63.9,61.97,61.47,60.13,59.24,59.36,59.05,86.12,64.97,55.56,73.96,14.2,58.53,72.27,10.51,64.97,59.01,11.45,22.71,0.97,5.96,10.1
2020-02-06,72.52,73.81,74.1,72.48,1.4,2.24,1.1443,0.66,1679384.0,123957852.12,72.92,73.16,71.26,69.88,68.75,67.75,66.58,65.84,65.01,63.68,71.72,69.33,67.82,66.18,63.9,61.97,61.47,60.13,59.24,59.36,59.05,94.34,65.08,55.56,73.96,14.2,58.53,72.27,10.51,65.08,59.01,13.42,25.08,2.92,6.07,10.29
2020-02-07,73.36,73.96,74.29,73.32,3.14,1.32,0.7973,0.45,1172270.0,86702847.6,73.37,73.25,71.49,70.09,68.9,67.9,66.72,65.98,65.13,63.79,72.9,70.2,68.54,66.8,64.46,62.34,61.84,60.5,59.47,59.51,59.28,93.89,65.16,55.56,73.96,14.2,58.53,72.48,10.65,65.16,59.43,13.51,24.45,1.45,5.73,9.64
2020-02-10,73.72,75.43,75.47,73.72,1.53,2.38,0.962,0.6,1419876.0,107106926.18,73.59,73.35,71.73,70.3,69.08,68.08,66.89,66.12,65.26,63.92,72.9,70.2,68.54,66.8,64.46,62.34,61.84,60.5,59.47,59.51,59.28,99.81,65.27,55.78,74.17,14.16,58.53,72.48,10.65,65.27,59.43,15.57,26.93,3.47,5.84,9.83
2020-02-11,75.59,75.44,76.48,75.28,4.27,1.59,0.906,0.66,1344633.0,101438441.2,74.21,73.43,72.0,70.5,69.25,68.25,67.08,66.26,65.4,64.05,72.9,70.2,68.54,66.8,64.46,62.34,61.84,60.5,59.47,59.51,59.28,98.83,65.38,55.78,74.17,14.16,58.74,72.69,10.62,65.38,59.43,15.39,26.94,3.48,5.95,10.01
2020-02-12,75.72,75.91,76.04,75.41,4.84,0.83,0.787,0.77,1167565.0,88633945.63,74.91,73.54,72.3,70.7,69.42,68.42,67.26,66.39,65.54,64.18,72.9,70.2,68.54,66.8,64.46,62.34,61.84,60.5,59.47,59.51,59.28,99.81,65.47,55.78,74.39,14.3,58.74,72.69,10.62,65.47,59.43,15.95,27.74,4.13,6.04,10.16
2020-02-13,75.63,75.73,76.36,75.23,2.6,1.49,0.6327,0.69,929730.0,70411242.09,75.3,73.63,72.59,70.89,69.57,68.58,67.43,66.52,65.67,64.3,72.9,70.2,68.54,66.8,64.46,62.34,61.84,60.5,59.47,59.51,59.28,98.74,65.55,55.78,74.39,14.3,58.74,72.69,10.62,65.55,59.43,15.53,27.43,3.88,6.12,10.3
2020-02-14,75.78,76.04,76.04,75.37,2.81,0.88,0.8179,0.99,1197836.0,91079855.93,75.71,73.81,72.85,71.08,69.74,68.74,67.6,66.66,65.82,64.43,73.81,71.1,69.36,67.54,65.11,62.78,62.21,60.95,59.76,59.69,59.53,99.67,65.64,55.78,74.6,14.44,58.74,72.91,10.76,65.64,59.72,15.84,27.32,3.01,5.92,9.91
2020-02-18,75.75,75.98,76.58,75.63,0.73,1.25,0.7668,0.93,1121140.0,85188141.19,75.82,74.1,73.12,71.28,69.91,68.91,67.79,66.8,65.97,64.55,73.81,71.1,69.36,67.54,65.11,62.78,62.21,60.95,59.76,59.69,59.53,99.11,65.74,55.78,74.81,14.57,58.74,73.12,10.91,65.74,59.72,15.58,27.23,2.94,6.02,10.08
2020-02-19,76.25,76.33,76.61,76.07,1.19,0.7,0.6519,0.82,949268.0,72461898.15,76.0,74.34,73.34,71.47,70.1,69.09,67.97,66.94,66.12,64.67,73.81,71.1,69.36,67.54,65.11,62.78,62.21,60.95,59.76,59.69,59.53,99.73,65.82,55.78,75.44,14.99,58.74,73.33,11.05,65.82,59.72,15.97,27.82,3.42,6.1,10.21
2020-02-20,76.1,75.91,76.48,75.34,-0.01,1.49,0.7522,1.02,1096552.0,83236520.94,76.0,74.54,73.54,71.66,70.28,69.26,68.14,67.07,66.26,64.8,73.81,71.1,69.36,67.54,65.11,62.78,62.21,60.95,59.76,59.69,59.53,98.11,65.91,55.78,75.65,15.12,58.74,73.54,11.19,65.91,59.72,15.17,27.11,2.84,6.19,10.37
2020-02-21,75.4,74.26,75.61,74.02,-1.95,2.09,1.1836,1.64,1732273.0,128630797.75,75.7,74.64,73.68,71.8,70.44,69.4,68.29,67.19,66.39,64.91,73.86,71.79,69.94,68.23,65.5,63.19,62.56,61.32,60.04,59.85,59.73,90.08,66.03,55.78,75.44,14.99,58.95,73.75,11.16,66.03,59.95,12.46,23.86,0.54,6.08,10.14
2020-02-24,71.31,71.08,71.85,70.57,-6.52,1.72,1.919,2.35,2867053.0,203788693.71,74.71,74.6,73.68,71.87,70.53,69.48,68.4,67.28,66.48,65.01,73.86,71.79,69.94,68.23,65.5,63.19,62.56,61.32,60.04,59.85,59.73,68.0,66.14,55.99,75.44,14.8,58.95,73.54,11.01,66.14,59.95,7.47,18.56,-3.76,6.19,10.33
2020-02-25,71.65,69.42,71.91,69.12,-8.63,3.92,1.6331,1.6,2478278.0,172048254.46,73.4,74.27,73.61,71.91,70.59,69.55,68.48,67.36,66.58,65.09,73.86,71.79,69.94,68.23,65.5,63.19,62.56,61.32,60.04,59.85,59.73,63.28,66.22,55.99,75.44,14.8,58.95,73.54,11.01,66.22,59.95,4.84,15.8,-6.01,6.27,10.46
2020-02-26,69.81,69.66,70.78,68.95,-8.75,2.64,1.4334,1.21,2204037.0,153531013.38,72.06,74.09,73.54,71.95,70.66,69.62,68.57,67.43,66.66,65.17,73.86,71.79,69.94,68.23,65.5,63.19,62.56,61.32,60.04,59.85,59.73,63.23,66.28,55.99,75.44,14.8,59.16,73.54,10.84,66.28,59.95,5.1,16.2,-5.69,6.33,10.56
2020-02-27,68.1,65.9,68.58,65.86,-13.18,3.91,1.888,1.43,2978300.0,196283372.35,70.06,73.66,73.35,71.92,70.67,69.62,68.6,67.47,66.71,65.23,73.86,71.79,69.94,68.23,65.5,63.19,62.56,61.32,60.04,59.85,59.73,45.57,66.3,55.99,75.44,14.8,59.16,73.54,10.84,66.3,59.95,-0.6,9.93,-10.77,6.35,10.59
2020-02-28,63.88,66.97,67.06,63.55,-9.82,5.32,2.3464,1.55,3790618.0,253844420.3,68.61,73.2,73.18,71.91,70.71,69.64,68.66,67.53,66.76,65.3,72.59,71.74,69.95,68.54,65.74,63.44,62.71,61.55,60.23,59.94,59.85,51.25,66.3,56.2,75.44,14.62,59.16,73.33,10.69,66.3,60.19,1.01,11.26,-7.74,6.11,10.15
2020-03-02,67.58,69.46,69.54,66.34,-2.28,4.78,1.4873,0.85,2431468.0,168878825.67,68.28,72.9,73.08,71.96,70.79,69.7,68.73,67.61,66.84,65.35,72.59,71.74,69.95,68.54,65.74,63.44,62.71,61.55,60.23,59.94,59.85,64.67,66.34,56.2,75.44,14.62,59.37,73.33,10.52,66.34,60.19,4.7,15.39,-4.31,6.15,10.22
2020-03-03,69.97,67.07,70.51,66.6,-3.39,5.63,1.4566,0.87,2402326.0,161122803.66,67.81,72.34,72.85,71.94,70.81,69.73,68.79,67.67,66.9,65.38,72.59,71.74,69.95,68.54,65.74,63.44,62.71,61.55,60.23,59.94,59.85,51.04,66.37,56.2,75.44,14.62,59.37,73.33,10.52,66.37,60.19,1.05,11.43,-7.6,6.18,10.27
2020-03-04,67.96,69.33,69.4,67.16,-0.48,3.35,1.1519,0.69,1913315.0,132642475.69,67.74,71.94,72.68,71.98,70.86,69.79,68.86,67.77,66.97,65.44,72.59,71.74,69.95,68.54,65.74,63.44,62.71,61.55,60.23,59.94,59.85,65.48,66.4,56.2,75.44,14.62,59.37,73.12,10.38,66.4,60.19,4.41,15.18,-4.49,6.21,10.32
2020-03-05,67.51,65.95,67.95,65.26,0.07,3.88,1.523,0.95,2561288.0,168922066.18,67.75,71.27,72.4,71.96,70.84,69.79,68.89,67.83,67.0,65.47,72.59,71.74,69.95,68.54,65.74,63.44,62.71,61.55,60.23,59.94,59.85,44.29,66.41,56.41,75.23,14.3,59.37,73.12,10.38,66.41,60.19,-0.69,9.57,-9.14,6.22,10.33
2020-03-06,63.85,64.92,65.31,63.05,-3.06,3.42,1.5619,1.02,2660628.0,172729300.07,67.34,70.55,72.09,71.91,70.8,69.77,68.91,67.88,67.03,65.5,71.23,71.47,69.96,68.67,65.93,63.69,62.81,61.75,60.4,59.98,59.93,38.03,66.38,56.41,75.23,14.3,59.58,73.12,10.2,66.38,60.39,-2.2,7.5,-9.17,5.99,9.92
2020-03-09,60.26,60.78,62.74,60.0,-12.49,4.22,1.9327,1.41,3365365.0,204540153.97,65.61,69.53,71.67,71.74,70.69,69.7,68.87,67.88,67.02,65.51,71.23,71.47,69.96,68.67,65.93,63.69,62.81,61.75,60.4,59.98,59.93,19.97,66.28,56.41,75.23,14.3,59.58,72.91,10.06,66.28,60.39,-8.3,0.64,-14.96,5.89,9.75
2020-03-10,63.0,64.02,64.06,60.94,-4.55,5.13,1.4748,1.01,2611373.0,167178793.77,65.0,68.74,71.42,71.66,70.64,69.68,68.88,67.92,67.04,65.55,71.23,71.47,69.96,68.67,65.93,63.69,62.81,61.75,60.4,59.98,59.93,34.57,66.23,56.62,75.02,13.98,59.58,72.91,10.06,66.23,60.39,-3.34,6.01,-10.43,5.84,9.67
2020-03-11,62.48,60.77,63.05,59.8,-12.34,5.07,1.4565,1.0,2611229.0,158685691.94,63.29,67.7,71.02,71.46,70.53,69.62,68.85,67.93,67.03,65.57,71.23,71.47,69.96,68.67,65.93,63.69,62.81,61.75,60.4,59.98,59.93,19.69,66.16,56.62,75.02,13.98,59.79,72.91,9.88,66.16,60.39,-8.15,0.63,-14.97,5.77,9.55
2020-03-12,56.3,55.75,59.69,55.66,-15.48,6.63,2.3004,1.53,4226748.0,235622180.63,61.25,66.35,70.45,71.15,70.33,69.49,68.77,67.88,66.98,65.55,71.23,71.47,69.96,68.67,65.93,63.69,62.81,61.75,60.4,59.98,59.93,3.41,65.94,56.2,75.02,14.34,59.16,72.69,10.26,65.94,60.39,-15.46,-7.69,-22.0,5.55,9.19
2020-03-13,58.95,60.99,60.99,55.86,-6.06,9.2,1.9726,1.2,3700125.0,225657673.31,60.46,65.47,70.05,70.94,70.22,69.44,68.74,67.89,66.98,65.55,68.63,70.77,69.68,68.56,66.0,63.88,62.85,61.85,60.51,59.99,59.97,24.56,65.8,56.2,74.81,14.21,59.16,72.69,10.26,65.8,60.37,-7.32,1.02,-13.82,5.43,8.99
2020-03-16,54.8,54.22,57.61,53.72,-10.8,6.38,2.2197,1.29,4252365.0,230548347.02,59.15,64.35,69.47,70.57,69.99,69.29,68.63,67.82,66.92,65.52,68.63,70.77,69.68,68.56,66.0,63.88,62.85,61.85,60.51,59.99,59.97,2.12,65.55,55.78,74.81,14.57,58.74,72.69,10.62,65.55,60.37,-17.29,-10.19,-23.39,5.18,8.58
2020-03-17,54.66,55.99,56.54,52.8,-12.54,6.9,1.9777,1.11,3861489.0,216204769.11,57.54,63.45,68.86,70.23,69.8,69.17,68.53,67.77,66.88,65.5,68.63,70.77,69.68,68.56,66.0,63.88,62.85,61.85,60.51,59.99,59.97,8.28,65.33,55.14,74.81,15.13,58.31,72.48,10.83,65.33,60.37,-14.3,-7.26,-20.88,4.96,8.22
2020-03-18,52.83,54.84,55.32,51.86,-9.76,6.18,2.1183,1.13,4233435.0,232161575.4,56.36,62.46,68.28,69.85,69.58,69.02,68.42,67.7,66.81,65.46,68.63,70.77,69.68,68.56,66.0,63.88,62.85,61.85,60.51,59.99,59.97,5.91,65.08,54.51,74.81,15.7,57.47,72.48,11.55,65.08,60.37,-15.73,-9.16,-22.51,4.71,7.8
2020-03-19,54.65,55.76,57.9,53.01,0.03,8.92,1.8218,0.9,3651106.0,203602100.54,56.36,61.79,67.72,69.49,69.39,68.9,68.32,67.63,66.76,65.45,68.63,70.77,69.68,68.56,66.0,63.88,62.85,61.85,60.51,59.99,59.97,9.34,64.9,54.51,74.6,15.56,57.04,72.48,11.92,64.9,60.37,-14.08,-7.63,-21.2,4.53,7.5
2020-03-20,56.79,53.62,57.2,53.27,-12.09,7.04,1.7575,0.91,3601750.0,193111428.0,54.89,60.9,67.05,69.09,69.15,68.75,68.18,67.55,66.7,65.42,64.15,68.98,68.79,68.06,65.87,63.86,62.72,61.83,60.52,59.93,59.95,1.96,64.71,54.3,74.6,15.75,56.62,72.48,12.29,64.71,60.21,-17.14,-10.95,-22.27,4.5,7.47
2020-03-23,53.07,52.83,53.57,50.68,-2.56,5.39,1.9157,1.03,4044137.0,213655801.85,54.61,59.79,66.35,68.65,68.92,68.59,68.05,67.46,66.63,65.38,64.15,68.98,68.79,68.06,65.87,63.86,62.72,61.83,60.52,59.93,59.95,2.84,64.46,53.87,74.6,16.13,56.2,72.48,12.65,64.46,60.21,-18.04,-12.26,-23.41,4.25,7.06
2020-03-24,55.19,56.72,56.75,54.53,1.31,4.2,1.5515,0.86,3344450.0,189707237.35,54.75,59.1,65.72,68.26,68.73,68.47,67.96,67.41,66.6,65.35,64.15,68.98,68.79,68.06,65.87,63.86,62.72,61.83,60.52,59.93,59.95,18.58,64.32,53.87,74.6,16.13,55.99,72.27,12.7,64.32,60.21,-11.81,-5.79,-17.77,4.11,6.83
2020-03-25,56.32,55.12,57.44,54.3,0.52,5.54,1.8499,1.08,4081528.0,224992190.24,54.81,58.15,65.04,67.84,68.52,68.32,67.85,67.33,66.57,65.33,64.15,68.98,68.79,68.06,65.87,63.86,62.72,61.83,60.52,59.93,59.95,10.28,64.15,53.87,74.6,16.13,55.78,72.27,12.88,64.15,60.21,-14.07,-8.45,-20.09,3.94,6.54
2020-03-26,55.59,58.09,58.5,54.68,4.17,6.93,1.5895,0.95,3573755.0,207590493.56,55.28,57.63,64.45,67.48,68.37,68.2,67.77,67.28,66.56,65.32,64.15,68.98,68.79,68.06,65.87,63.86,62.72,61.83,60.52,59.93,59.95,24.92,64.04,53.87,74.6,16.13,55.78,72.27,12.88,64.04,60.21,-9.29,-3.53,-15.79,3.83,6.36
2020-03-27,56.28,55.54,57.53,55.3,3.58,3.85,1.4036,0.86,3208495.0,178185374.07,55.66,57.0,63.78,67.06,68.19,68.04,67.64,67.21,66.52,65.29,60.4,67.13,68.0,67.56,65.74,63.85,62.61,61.83,60.58,59.89,59.93,12.36,63.92,53.87,74.6,16.13,55.78,72.27,12.88,63.92,60.06,-13.12,-7.53,-18.33,3.86,6.43
2020-03-30,56.25,57.34,57.58,54.82,8.54,4.97,1.1166,0.71,2574061.0,147599231.8,56.56,56.77,63.15,66.71,68.0,67.91,67.55,67.14,66.49,65.29,60.4,67.13,68.0,67.56,65.74,63.85,62.61,61.83,60.58,59.89,59.93,24.99,63.83,54.08,74.39,15.8,55.78,72.27,12.88,63.83,60.06,-10.17,-4.53,-15.67,3.77,6.28
2020-03-31,57.36,58.14,58.77,56.91,2.5,3.24,1.0692,0.74,2487983.0,144652575.61,56.85,56.38,62.56,66.4,67.84,67.79,67.46,67.09,66.48,65.29,60.4,67.13,68.0,67.56,65.74,63.85,62.61,61.83,60.58,59.89,59.93,28.19,63.77,54.08,74.39,15.8,55.78,72.06,12.74,63.77,60.06,-8.83,-3.2,-14.49,3.71,6.18
2020-04-01,56.1,55.28,56.48,54.87,0.28,2.77,1.003,0.74,2344173.0,129588227.61,56.88,56.01,61.86,66.02,67.6,67.63,67.35,67.02,66.44,65.27,60.4,67.13,68.0,67.56,65.74,63.85,62.61,61.83,60.58,59.89,59.93,11.12,63.68,54.08,74.39,15.8,55.78,72.06,12.74,63.68,60.06,-13.19,-7.96,-18.7,3.62,6.03
2020-04-02,54.91,56.04,56.34,54.82,-3.52,2.76,0.838,0.69,1964881.0,110115861.0,56.47,56.03,61.19,65.64,67.37,67.47,67.25,66.95,66.4,65.25,60.4,67.13,68.0,67.56,65.74,63.85,62.61,61.83,60.58,59.89,59.93,18.52,63.61,54.08,74.39,15.8,55.78,72.06,12.74,63.61,60.06,-11.9,-6.69,-17.58,3.55,5.91
2020-04-03,55.95,54.89,56.18,53.99,-1.16,3.9,0.9812,0.92,2313400.0,126991779.6,56.34,55.63,60.55,65.25,67.11,67.3,67.14,66.87,66.35,65.22,57.99,65.29,67.16,66.96,65.56,63.87,62.47,61.84,60.59,59.85,59.88,8.76,63.52,54.08,74.39,15.8,55.56,72.06,12.92,63.52,59.98,-13.58,-8.48,-18.26,3.54,5.9
2020-04-06,56.9,59.35,59.73,56.55,3.5,5.8,1.121,1.14,2664723.0,158140651.16,56.74,55.97,60.16,64.97,66.92,67.19,67.07,66.82,66.34,65.22,57.99,65.29,67.16,66.96,65.56,63.87,62.47,61.84,60.59,59.85,59.88,35.01,63.46,54.08,74.39,15.8,55.56,72.06,12.92,63.46,59.98,-6.48,-1.06,-11.63,3.48,5.8
2020-04-07,61.05,59.33,61.25,59.11,2.04,3.6,1.0003,1.01,2387329.0,141629486.59,56.98,56.19,59.82,64.64,66.72,67.08,67.0,66.77,66.32,65.22,57.99,65.29,67.16,66.96,65.56,63.87,62.47,61.84,60.59,59.85,59.88,34.69,63.43,54.08,74.39,15.8,55.78,71.85,12.59,63.43,59.98,-6.47,-1.09,-11.66,3.45,5.75
2020-04-08,60.32,60.51,60.95,59.41,9.47,2.61,0.8257,0.85,1975135.0,119523319.39,58.02,56.57,59.52,64.38,66.53,66.98,66.95,66.73,66.3,65.23,57.99,65.29,67.16,66.96,65.56,63.87,62.47,61.84,60.59,59.85,59.88,40.34,63.4,54.08,74.39,15.8,55.78,71.85,12.59,63.4,59.98,-4.55,0.89,-9.89,3.42,5.7
2020-04-09,61.2,60.57,61.28,59.84,8.08,2.38,0.9056,0.96,2175421.0,131770688.52,58.93,56.89,59.34,64.11,66.34,66.89,66.89,66.68,66.29,65.23,57.99,65.29,67.16,66.96,65.56,63.87,62.47,61.84,60.59,59.85,59.88,40.41,63.37,54.08,74.39,15.8,55.78,71.85,12.59,63.37,59.98,-4.41,0.99,-9.8,3.39,5.65
2020-04-13,60.46,60.88,61.03,59.38,10.9,2.72,0.722,0.76,1739828.0,105917248.98,60.13,57.38,59.14,63.82,66.16,66.8,66.85,66.64,66.28,65.24,57.12,64.17,66.69,66.75,65.51,63.97,62.41,61.92,60.71,59.86,59.89,43.47,63.35,54.08,74.39,15.8,55.78,71.85,12.59,63.35,59.96,-3.9,1.53,-8.8,3.39,5.65
2020-04-14,62.25,63.46,64.1,61.85,6.93,3.71,1.016,1.13,2470353.0,156772306.91,60.95,58.08,58.94,63.59,66.01,66.75,66.84,66.63,66.29,65.26,57.12,64.17,66.69,66.75,65.51,63.97,62.41,61.92,60.71,59.86,59.89,53.2,63.35,54.08,74.39,15.8,55.78,71.85,12.59,63.35,59.96,0.18,5.84,-4.93,3.39,5.65
2020-04-15,62.28,63.12,64.02,62.02,6.4,3.16,0.691,0.78,1671703.0,105523744.32,61.71,58.51,58.8,63.32,65.83,66.68,66.81,66.61,66.29,65.28,57.12,64.17,66.69,66.75,65.51,63.97,62.41,61.92,60.71,59.86,59.89,51.62,63.35,54.08,74.39,15.8,55.78,71.85,12.59,63.35,59.96,-0.36,5.28,-5.44,3.39,5.65
2020-04-16,63.7,63.17,63.95,62.13,4.39,2.88,1.0374,1.25,2518099.0,159077127.18,62.24,59.05,58.6,63.05,65.64,66.63,66.77,66.59,66.3,65.29,57.12,64.17,66.69,66.75,65.51,63.97,62.41,61.92,60.71,59.86,59.89,51.52,63.35,54.08,74.39,15.8,55.78,71.85,12.59,63.35,59.96,-0.28,5.36,-5.36,3.39,5.65
2020-04-17,64.24,64.16,64.72,63.56,5.93,1.84,0.8011,0.92,1949042.0,125055407.32,62.96,59.45,58.54,62.78,65.47,66.59,66.74,66.58,66.3,65.31,57.76,63.19,66.43,66.7,65.6,64.14,62.51,62.06,60.88,59.94,59.92,55.43,63.36,54.08,74.39,15.8,55.78,71.85,12.59,63.36,60.01,1.27,6.92,-3.8,3.35,5.58
2020-04-20,63.55,63.33,64.08,63.07,4.03,1.58,0.6952,0.82,1695488.0,107376102.78,63.45,59.97,58.49,62.51,65.29,66.54,66.7,66.55,66.31,65.32,57.76,63.19,66.43,66.7,65.6,64.14,62.51,62.06,60.88,59.94,59.92,52.02,63.36,54.08,74.39,15.8,55.78,71.85,12.59,63.36,60.01,-0.05,5.53,-5.05,3.35,5.58
2020-04-21,62.35,60.82,62.71,60.49,-4.17,3.52,0.8806,1.04,2153003.0,130939183.45,62.92,60.2,58.49,62.17,65.08,66.44,66.63,66.5,66.27,65.31,57.76,63.19,66.43,66.7,65.6,64.14,62.51,62.06,60.88,59.94,59.92,39.92,63.34,54.08,74.39,15.8,55.78,71.85,12.59,63.34,60.01,-3.98,1.34,-8.82,3.33,5.55
2020-04-22,62.28,63.16,64.28,62.1,0.06,3.59,0.8542,1.05,2093140.0,132203768.97,62.93,60.54,58.46,61.89,64.94,66.38,66.58,66.47,66.27,65.33,57.76,63.19,66.43,66.7,65.6,64.14,62.51,62.06,60.88,59.94,59.92,51.04,63.34,54.08,74.39,15.8,55.78,71.64,12.45,63.34,60.01,-0.28,5.25,-5.31,3.33,5.55
2020-04-23,63.58,63.82,64.67,63.28,1.02,2.19,0.6392,0.75,1566203.0,99948027.55,63.06,61.11,58.56,61.61,64.79,66.3,66.54,66.46,66.28,65.34,57.76,63.19,66.43,66.7,65.6,64.14,62.51,62.06,60.88,59.94,59.92,55.71,63.34,54.3,74.39,15.61,55.78,71.64,12.45,63.34,60.01,0.75,6.34,-4.32,3.33,5.55
2020-04-24,63.06,63.97,64.02,62.47,-0.31,2.42,0.6669,0.87,1640394.0,104928622.41,63.02,61.64,58.84,61.34,64.64,66.22,66.5,66.45,66.29,65.35,59.83,61.99,65.93,66.55,65.69,64.33,62.62,62.18,61.1,60.04,59.95,56.05,63.34,54.3,74.39,15.61,55.78,71.64,12.45,63.34,60.05,0.99,6.52,-3.88,3.29,5.48
2020-04-27,64.8,63.79,64.81,63.45,0.73,2.12,0.6496,0.87,1600563.0,102106316.02,63.11,62.23,58.93,61.11,64.49,66.14,66.45,66.44,66.29,65.37,59.83,61.99,65.93,66.55,65.69,64.33,62.62,62.18,61.1,60.04,59.95,54.47,63.36,54.3,74.39,15.61,55.78,71.64,12.45,63.36,60.05,0.68,6.23,-4.14,3.31,5.51
2020-04-28,64.4,61.68,64.4,61.61,1.42,4.38,1.1934,1.63,2951309.0,182047068.7,63.28,62.39,59.18,60.9,64.32,66.01,66.39,66.4,66.27,65.37,59.83,61.99,65.93,66.55,65.69,64.33,62.62,62.18,61.1,60.04,59.95,42.51,63.35,54.3,74.39,15.61,55.78,71.64,12.45,63.35,60.05,-2.63,2.72,-7.31,3.3,5.5
2020-04-29,67.07,67.07,68.0,66.27,6.2,2.81,1.5265,1.93,3793630.0,254453938.62,64.07,62.9,59.55,60.85,64.2,65.95,66.38,66.42,66.29,65.41,59.83,61.99,65.93,66.55,65.69,64.33,62.62,62.18,61.1,60.04,59.95,69.5,63.42,54.3,74.39,15.61,55.99,71.64,12.26,63.42,60.05,5.76,11.7,0.79,3.37,5.61
2020-04-30,66.24,67.43,67.64,66.12,5.67,2.26,1.0831,1.16,2668906.0,179972338.3,64.79,63.36,59.97,60.8,64.12,65.89,66.38,66.43,66.31,65.44,59.83,61.99,65.93,66.55,65.69,64.33,62.62,62.18,61.1,60.04,59.95,72.51,63.47,54.3,74.39,15.61,55.99,71.64,12.26,63.47,60.05,6.24,12.29,1.33,3.42,5.7
2020-05-01,66.42,66.03,67.6,65.55,3.23,3.05,0.8406,0.82,2072639.0,136857389.49,65.2,63.73,60.31,60.8,64.02,65.82,66.36,66.44,66.32,65.47,61.92,61.17,65.4,66.48,65.88,64.42,62.78,62.33,61.3,60.18,60.0,63.51,63.5,54.3,74.39,15.61,55.99,71.64,12.26,63.5,60.17,3.99,9.74,-0.67,3.33,5.53
2020-05-04,65.41,66.34,66.38,64.95,3.99,2.17,0.6107,0.57,1504017.0,99776487.78,65.71,64.09,60.73,60.79,63.89,65.75,66.35,66.46,66.32,65.5,61.92,61.17,65.4,66.48,65.88,64.42,62.78,62.33,61.3,60.18,60.0,64.63,63.52,54.3,74.39,15.61,55.99,71.64,12.26,63.52,60.17,4.44,10.25,-0.21,3.35,5.57
2020-05-05,66.9,67.56,68.7,66.87,9.52,2.75,0.6685,0.64,1651533.0,111570137.58,66.89,64.36,61.22,60.75,63.78,65.68,66.35,66.49,66.34,65.55,61.92,61.17,65.4,66.48,65.88,64.42,62.78,62.33,61.3,60.18,60.0,72.58,63.55,54.3,74.17,15.47,55.99,71.64,12.26,63.55,60.17,6.3,12.27,1.62,3.38,5.62
2020-05-06,68.08,67.36,68.56,67.36,0.43,1.76,0.4926,0.52,1215423.0,81876970.4,66.94,64.65,61.58,60.75,63.65,65.59,66.34,66.5,66.36,65.6,61.92,61.17,65.4,66.48,65.88,64.42,62.78,62.33,61.3,60.18,60.0,70.27,63.57,54.3,74.17,15.47,55.99,71.64,12.26,63.57,60.17,5.97,11.96,1.33,3.4,5.65
2020-05-07,68.3,68.63,68.88,67.76,1.77,1.66,0.5671,0.77,1399759.0,96062660.65,67.18,65.01,62.03,60.74,63.54,65.52,66.36,66.52,66.39,65.66,61.92,61.17,65.4,66.48,65.88,64.42,62.78,62.33,61.3,60.18,60.0,78.63,63.61,54.3,74.17,15.47,55.99,71.42,12.12,63.61,60.17,7.89,14.06,3.23,3.44,5.72
2020-05-08,69.16,69.42,69.94,68.77,5.13,1.7,0.5615,0.88,1388068.0,96357598.46,67.86,65.36,62.41,60.81,63.43,65.45,66.39,66.54,66.43,65.73,64.83,61.41,65.14,66.58,66.17,64.66,63.04,62.5,61.53,60.38,60.1,80.13,63.65,54.3,74.17,15.47,55.99,71.42,12.12,63.65,60.26,9.06,15.2,4.27,3.39,5.63
2020-05-11,68.91,70.16,70.83,68.86,5.76,2.84,0.5694,0.99,1412116.0,99078294.91,68.63,65.82,62.89,60.93,63.34,65.39,66.42,66.57,66.45,65.79,64.83,61.41,65.14,66.58,66.17,64.66,63.04,62.5,61.53,60.38,60.1,82.4,63.69,54.3,74.17,15.47,55.99,71.42,12.12,63.69,60.26,10.16,16.43,5.39,3.43,5.69
2020-05-12,70.36,68.79,70.75,68.74,1.82,2.87,0.56,0.98,1390600.0,95655202.2,68.87,66.35,63.28,61.11,63.21,65.33,66.43,66.59,66.48,65.85,64.83,61.41,65.14,66.58,66.17,64.66,63.04,62.5,61.53,60.38,60.1,77.6,63.74,54.3,74.17,15.47,55.99,71.42,12.12,63.74,60.26,7.92,14.15,3.32,3.48,5.77
2020-05-13,68.85,67.47,69.27,66.42,0.15,4.15,0.7266,1.33,1812585.0,122288765.9,68.89,66.63,63.59,61.18,63.07,65.28,66.42,66.59,66.49,65.9,64.83,61.41,65.14,66.58,66.17,64.66,63.04,62.5,61.53,60.38,60.1,70.24,63.77,54.3,74.17,15.47,55.99,71.42,12.12,63.77,60.26,5.8,11.96,1.34,3.51,5.82
2020-05-14,66.75,67.81,67.87,66.2,-1.2,2.48,0.6398,1.08,1603077.0,108699040.6,68.73,66.9,64.0,61.34,62.93,65.21,66.4,66.59,66.51,65.95,64.83,61.41,65.14,66.58,66.17,64.66,63.04,62.5,61.53,60.38,60.1,72.65,63.8,54.3,74.17,15.47,55.99,71.42,12.12,63.8,60.26,6.28,12.52,1.85,3.54,5.87
2020-05-15,67.5,68.66,68.72,66.95,-1.09,2.62,0.6788,1.12,1707747.0,117253055.15,68.58,67.21,64.42,61.63,62.81,65.16,66.39,66.6,66.54,66.01,66.45,61.78,64.93,66.63,66.38,64.89,63.31,62.64,61.75,60.58,60.18,77.39,63.84,54.3,74.17,15.47,55.99,71.42,12.12,63.84,60.38,7.55,13.71,3.05,3.46,5.73
2020-05-18,68.09,69.2,69.62,67.71,-1.38,2.77,0.7246,1.15,1823964.0,126212836.91,68.38,67.57,64.9,61.81,62.73,65.11,66.38,66.61,66.58,66.06,66.45,61.78,64.93,66.63,66.38,64.89,63.31,62.64,61.75,60.58,60.18,79.07,63.88,54.3,74.17,15.47,55.99,71.42,12.12,63.88,60.38,8.32,14.6,3.86,3.5,5.8
2020-05-19,69.35,68.67,69.6,68.67,-0.16,1.34,0.5141,0.77,1280649.0,87947929.75,68.36,68.04,65.21,62.13,62.69,65.07,66.35,66.62,66.61,66.12,66.45,61.78,64.93,66.63,66.38,64.89,63.31,62.64,61.75,60.58,60.18,76.54,63.91,54.3,74.17,15.47,55.99,71.21,11.97,63.91,60.38,7.46,13.74,3.07,3.53,5.85
2020-05-20,69.48,70.34,70.52,69.36,4.25,1.69,0.6683,1.01,1655375.0,116432456.0,68.93,68.26,65.58,62.45,62.7,65.01,66.34,66.65,66.65,66.17,66.45,61.78,64.93,66.63,66.38,64.89,63.31,62.64,61.75,60.58,60.18,82.9,63.96,54.3,74.17,15.47,55.99,71.21,11.97,63.96,60.38,9.97,16.49,5.56,3.58,5.93
2020-05-21,70.4,70.14,70.77,69.67,3.44,1.57,0.5623,0.86,1385194.0,97157507.16,69.4,68.44,65.9,62.79,62.71,64.99,66.32,66.67,66.68,66.22,66.45,61.78,64.93,66.63,66.38,64.89,63.31,62.64,61.75,60.58,60.18,81.82,64.0,54.3,74.17,15.47,55.99,71.21,11.97,64.0,60.38,9.59,16.16,5.27,3.62,6.0
2020-05-22,69.84,70.52,70.64,69.59,2.71,1.49,0.5376,0.83,1309408.0,92340761.57,69.77,68.74,66.23,63.12,62.79,64.96,66.31,66.7,66.73,66.28,67.72,62.74,64.7,66.75,66.62,65.18,63.65,62.83,61.98,60.79,60.29,83.47,64.04,54.3,74.17,15.47,56.2,71.21,11.78,64.04,60.5,10.12,16.56,4.14,3.54,5.85
2020-05-26,71.86,70.85,72.05,70.61,2.39,2.05,0.8562,1.38,2060643.0,145998617.19,70.1,69.04,66.56,63.5,62.85,64.92,66.29,66.73,66.78,66.33,67.72,62.74,64.7,66.75,66.62,65.18,63.65,62.83,61.98,60.79,60.29,83.59,64.11,54.3,74.17,15.47,56.2,71.21,11.78,64.11,60.5,10.51,17.11,4.62,3.61,5.97
2020-05-27,70.86,70.89,71.09,69.56,3.23,2.15,0.7042,1.1,1686142.0,119533978.66,70.55,69.26,66.81,63.9,62.87,64.88,66.28,66.77,66.83,66.39,67.72,62.74,64.7,66.75,66.62,65.18,63.65,62.83,61.98,60.79,60.29,83.61,64.17,54.3,74.17,15.47,56.2,71.21,11.78,64.17,60.5,10.48,17.18,4.69,3.67,6.07
2020-05-28,69.84,70.84,72.04,69.8,0.71,3.16,0.711,1.05,1693976.0,119995330.92,70.65,69.49,67.07,64.22,62.94,64.82,66.24,66.79,66.87,66.45,67.72,62.74,64.7,66.75,66.62,65.18,63.65,62.83,61.98,60.79,60.29,83.36,64.23,54.51,74.17,15.28,56.2,71.21,11.78,64.23,60.5,10.29,17.09,4.6,3.73,6.17
2020-05-29,70.85,71.45,71.63,70.67,1.86,1.36,0.7719,1.13,1838059.0,131321963.31,70.91,69.68,67.34,64.58,62.97,64.77,66.21,66.83,66.92,66.51,69.22,64.52,64.4,66.75,66.88,65.53,63.99,63.02,62.22,61.02,60.44,86.18,64.32,54.51,74.17,15.28,56.2,71.42,11.93,64.32,60.64,11.08,17.82,3.22,3.68,6.07
2020-06-01,70.92,71.59,71.9,70.9,1.52,1.4,0.516,0.71,1217140.0,87136269.74,71.12,69.82,67.59,64.88,63.07,64.71,66.18,66.88,66.95,66.56,69.22,64.52,64.4,66.75,66.88,65.53,63.99,63.02,62.22,61.02,60.44,86.0,64.37,54.51,74.17,15.28,56.2,71.42,11.93,64.37,60.64,11.22,18.06,3.43,3.73,6.15
2020-06-02,71.53,71.96,71.98,70.94,1.57,1.45,0.5472,0.75,1278128.0,91975369.01,71.35,69.94,67.88,65.24,63.18,64.66,66.15,66.93,66.99,66.62,69.22,64.52,64.4,66.75,66.88,65.53,63.99,63.02,62.22,61.02,60.44,88.67,64.43,54.51,74.17,15.28,56.41,71.42,11.75,64.43,60.64,11.69,18.67,3.97,3.79,6.25
2020-06-03,71.92,71.82,72.33,71.49,1.31,1.17,0.546,0.81,1256186.0,90218022.33,71.53,70.15,68.25,65.57,63.37,64.6,66.14,66.96,67.03,66.67,69.22,64.52,64.4,66.75,66.88,65.53,63.99,63.02,62.22,61.02,60.44,86.92,64.49,54.51,74.17,15.28,56.41,71.42,11.75,64.49,60.64,11.36,18.44,3.76,3.85,6.35
2020-06-04,71.52,70.61,71.95,70.24,-0.32,2.38,0.6504,1.02,1484272.0,104802961.65,71.49,70.36,68.5,65.84,63.48,64.53,66.12,66.98,67.06,66.72,69.22,64.52,64.4,66.75,66.88,65.53,63.99,63.02,62.22,61.02,60.44,79.92,64.54,54.72,74.17,15.09,56.41,71.42,11.75,64.54,60.64,9.4,16.44,2.01,3.9,6.43
2020-06-05,70.66,71.92,72.25,70.3,0.66,2.77,0.7653,1.23,1735244.0,124797880.86,71.58,70.63,68.77,66.21,63.66,64.47,66.12,67.0,67.1,66.78,70.39,66.16,64.24,66.65,67.09,65.84,64.31,63.2,62.45,61.28,60.59,88.59,64.61,54.72,74.17,15.09,56.41,71.64,11.89,64.61,60.79,11.31,18.31,2.17,3.82,6.28
2020-06-08,71.12,72.33,72.4,71.12,1.03,1.78,0.6324,1.01,1404178.0,101564896.83,71.73,70.87,69.04,66.57,63.94,64.42,66.11,67.03,67.14,66.84,70.39,66.16,64.24,66.65,67.09,65.84,64.31,63.2,62.45,61.28,60.59,90.2,64.67,54.72,74.17,15.09,56.41,71.64,11.89,64.67,60.79,11.85,18.98,2.75,3.88,6.38
2020-06-09,72.27,72.81,73.4,72.16,1.18,1.71,0.6458,0.98,1409249.0,102604601.19,71.9,71.12,69.34,66.97,64.14,64.4,66.11,67.05,67.18,66.9,70.39,66.16,64.24,66.65,67.09,65.84,64.31,63.2,62.45,61.28,60.59,91.49,64.73,54.72,74.17,15.09,56.62,71.64,11.71,64.73,60.79,12.48,19.77,3.43,3.94,6.48
2020-06-10,72.98,73.29,73.71,72.81,2.05,1.24,0.7138,1.05,1525153.0,111782276.25,72.19,71.42,69.73,67.28,64.45,64.43,66.13,67.08,67.22,66.96,70.39,66.16,64.24,66.65,67.09,65.84,64.31,63.2,62.45,61.28,60.59,92.09,64.8,54.72,74.17,15.09,56.62,71.64,11.71,64.8,60.79,13.11,20.57,4.12,4.01,6.6
2020-06-11,72.12,70.19,72.72,70.1,-0.59,3.58,0.9458,1.32,1991332.0,139775575.74,72.11,71.41,69.84,67.52,64.69,64.44,66.08,67.06,67.24,67.0,70.39,66.16,64.24,66.65,67.09,65.84,64.31,63.2,62.45,61.28,60.59,74.95,64.87,54.72,73.96,14.95,56.62,71.64,11.71,64.87,60.79,8.2,15.47,-0.29,4.08,6.71
2020-06-12,71.42,70.66,71.85,69.3,-1.75,3.63,0.9415,1.21,1946367.0,137528345.85,71.86,71.45,69.94,67.75,64.96,64.46,66.06,67.05,67.27,67.04,70.64,67.74,64.49,66.51,67.22,66.1,64.64,63.35,62.68,61.48,60.72,76.9,64.93,54.72,73.96,14.95,56.62,71.64,11.71,64.93,60.97,8.82,15.89,0.03,3.96,6.49
2020-06-15,69.54,70.99,71.24,69.4,-1.85,2.61,0.7413,0.91,1506096.0,106921520.28,71.59,71.48,70.11,67.98,65.21,64.52,66.05,67.05,67.3,67.07,70.64,67.74,64.49,66.51,67.22,66.1,64.64,63.35,62.68,61.48,60.72,78.18,64.99,54.72,73.96,14.95,56.62,71.64,11.71,64.99,60.97,9.24,16.44,0.5,4.02,6.59
2020-06-16,72.26,72.14,72.75,71.3,-0.92,2.05,0.8558,1.02,1711614.0,123468987.5,71.45,71.57,70.3,68.23,65.52,64.59,66.03,67.05,67.34,67.12,70.64,67.74,64.49,66.51,67.22,66.1,64.64,63.35,62.68,61.48,60.72,87.94,65.06,54.72,73.96,14.95,56.83,71.85,11.67,65.06,60.97,10.88,18.31,2.12,4.09,6.71
2020-06-17,72.36,72.56,73.0,71.57,-1.0,1.98,0.7912,0.89,1549615.0,112433865.94,71.31,71.68,70.47,68.43,65.85,64.63,66.01,67.05,67.38,67.17,70.64,67.74,64.49,66.51,67.22,66.1,64.64,63.35,62.68,61.48,60.72,90.09,65.13,54.72,73.96,14.95,56.83,71.85,11.67,65.13,60.97,11.4,19.0,2.71,4.16,6.82
2020-06-18,72.46,71.8,72.57,71.35,2.29,1.68,0.82,0.91,1581916.0,113578404.97,71.63,71.74,70.62,68.63,66.1,64.7,65.97,67.03,67.41,67.21,70.64,67.74,64.49,66.51,67.22,66.1,64.64,63.35,62.68,61.48,60.72,83.45,65.2,54.93,73.96,14.77,56.83,71.85,11.67,65.2,60.97,10.12,17.76,1.64,4.23,6.94
2020-06-19,72.2,71.59,72.39,71.07,1.31,1.84,1.6501,1.9,3157875.0,226059639.75,71.81,71.75,70.71,68.81,66.37,64.73,65.93,67.0,67.45,67.26,71.23,68.84,64.93,66.51,67.45,66.34,64.94,63.48,62.91,61.73,60.86,80.24,65.32,54.93,73.96,14.77,57.04,71.85,11.48,65.32,61.2,9.59,16.97,0.51,4.12,6.73
2020-06-22,71.45,72.59,72.64,71.16,2.25,2.06,0.8205,0.81,1542440.0,111970346.92,72.13,71.82,70.82,69.0,66.61,64.82,65.89,66.98,67.49,67.31,71.23,68.84,64.93,66.51,67.45,66.34,64.94,63.48,62.91,61.73,60.86,90.42,65.39,54.93,73.96,14.77,57.04,71.85,11.48,65.39,61.2,11.02,18.62,1.92,4.19,6.85
2020-06-23,72.78,73.22,73.8,72.26,1.5,2.11,0.7727,0.75,1429764.0,104688034.96,72.35,71.9,70.92,69.22,66.91,64.93,65.86,66.97,67.55,67.35,71.23,68.84,64.93,66.51,67.45,66.34,64.94,63.48,62.91,61.73,60.86,92.41,65.47,54.93,73.96,14.77,57.04,72.06,11.63,65.47,61.2,11.84,19.64,2.8,4.27,6.98
2020-06-24,73.08,71.6,73.77,71.49,-1.32,3.12,0.9561,0.95,1756022.0,125728541.17,72.16,71.89,71.02,69.46,67.15,65.07,65.82,66.96,67.57,67.39,71.23,68.84,64.93,66.51,67.45,66.34,64.94,63.48,62.91,61.73,60.86,78.05,65.54,54.93,73.96,14.77,57.26,72.06,11.45,65.54,61.2,9.24,16.99,0.52,4.34,7.09
2020-06-25,71.5,72.07,72.14,71.0,0.37,1.6,0.6777,0.65,1230474.0,88675954.52,72.21,71.98,71.17,69.66,67.38,65.18,65.77,66.96,67.61,67.43,71.23,68.84,64.93,66.51,67.45,66.34,64.94,63.48,62.91,61.73,60.86,86.07,65.6,54.93,73.96,14.77,57.26,72.06,11.45,65.6,61.2,9.86,17.76,1.18,4.4,7.19
2020-06-26,71.57,68.0,71.67,67.6,-5.02,5.65,2.3097,2.34,4267698.0,290182125.51,71.49,71.72,71.18,69.75,67.59,65.28,65.68,66.92,67.59,67.45,70.72,69.22,65.4,66.21,67.54,66.51,65.16,63.63,63.08,61.93,60.97,57.23,65.69,54.93,73.96,14.77,57.47,72.06,11.27,65.69,61.43,3.51,10.69,-3.85,4.26,6.93
2020-06-29,67.91,69.75,69.78,67.35,-3.92,3.57,0.981,0.89,1810180.0,126257339.73,70.93,71.55,71.21,69.88,67.82,65.46,65.61,66.89,67.59,67.48,70.72,69.22,65.4,66.21,67.54,66.51,65.16,63.63,63.08,61.93,60.97,66.41,65.73,54.93,73.96,14.77,57.47,72.06,11.27,65.73,61.43,6.11,13.54,-1.38,4.3,7.0
2020-06-30,69.52,70.68,70.93,69.2,-3.47,2.49,1.1096,0.97,2042381.0,144356510.27,70.42,71.41,71.26,70.03,68.08,65.59,65.57,66.87,67.6,67.52,70.72,69.22,65.4,66.21,67.54,66.51,65.16,63.63,63.08,61.93,60.97,71.66,65.79,55.14,73.96,14.58,57.47,72.06,11.27,65.79,61.43,7.43,15.06,-0.06,4.36,7.1
2020-07-01,70.56,71.9,72.15,70.49,0.42,2.35,0.9723,0.8,1775167.0,127638057.63,70.48,71.31,71.37,70.26,68.29,65.83,65.58,66.87,67.61,67.56,70.72,69.22,65.4,66.21,67.54,66.51,65.16,63.63,63.08,61.93,60.97,84.64,65.86,55.14,73.75,14.44,57.68,72.06,11.08,65.86,61.43,9.17,17.05,1.67,4.43,7.21
2020-07-02,72.35,73.24,74.15,72.32,1.62,2.54,1.0234,0.84,1859480.0,136179017.8,70.71,71.52,71.47,70.4,68.52,66.06,65.62,66.86,67.62,67.61,70.72,69.22,65.4,66.21,67.54,66.51,65.16,63.63,63.08,61.93,60.97,92.39,65.95,55.14,73.75,14.44,57.68,72.06,11.08,65.95,61.43,11.05,19.22,3.55,4.52,7.36
2020-07-06,74.0,74.78,75.33,73.64,9.99,2.3,0.864,0.67,1563997.0,116963515.64,72.07,71.79,71.62,70.56,68.76,66.32,65.68,66.88,67.64,67.67,71.08,70.15,66.71,66.07,67.75,66.8,65.49,63.88,63.32,62.23,61.16,97.06,66.03,55.14,74.17,14.72,57.89,72.06,10.9,66.03,61.61,13.26,21.38,5.21,4.42,7.17
2020-07-07,74.5,74.26,75.84,74.18,6.47,2.22,0.8109,0.81,1458172.0,108282394.55,72.97,72.01,71.75,70.74,68.99,66.57,65.77,66.9,67.67,67.73,71.08,70.15,66.71,66.07,67.75,66.8,65.49,63.88,63.32,62.23,61.16,94.83,66.12,55.14,74.39,14.86,57.89,72.27,11.05,66.12,61.61,12.31,20.53,4.47,4.51,7.32
2020-07-08,74.72,74.8,75.29,74.28,5.83,1.36,0.6981,0.72,1249658.0,93474418.4,73.8,72.19,71.88,70.93,69.22,66.85,65.86,66.91,67.69,67.8,71.08,70.15,66.71,66.07,67.75,66.8,65.49,63.88,63.32,62.23,61.16,96.14,66.19,55.14,74.39,14.86,58.1,72.27,10.87,66.19,61.61,13.01,21.41,5.24,4.58,7.43
2020-07-09,75.32,75.55,76.14,74.4,5.07,2.31,0.803,0.9,1423322.0,107531265.44,74.53,72.39,72.03,71.11,69.42,67.15,65.93,66.92,67.71,67.87,71.08,70.15,66.71,66.07,67.75,66.8,65.49,63.88,63.32,62.23,61.16,97.91,66.27,55.14,74.6,15.0,58.1,72.48,11.01,66.27,61.61,14.0,22.63,6.29,4.66,7.56
2020-07-10,75.31,77.09,77.19,74.83,5.26,3.13,1.0456,1.23,1856704.0,143127741.25,75.3,72.74,72.24,71.32,69.65,67.43,66.04,66.94,67.74,67.95,72.11,71.25,68.14,66.21,68.07,67.22,65.78,64.19,63.6,62.54,61.41,99.89,66.39,55.14,74.81,15.13,58.1,72.48,11.01,66.39,61.87,16.11,24.6,6.9,4.52,7.31
2020-07-13,77.5,75.57,78.86,75.26,1.05,4.66,1.0464,1.22,1846424.0,139528722.41,75.45,73.01,72.38,71.48,69.86,67.7,66.11,66.94,67.75,68.01,72.11,71.25,68.14,66.21,68.07,67.22,65.78,64.19,63.6,62.54,61.41,95.9,66.51,55.14,75.23,15.41,58.31,72.69,10.98,66.51,61.87,13.62,22.14,4.79,4.64,7.5
2020-07-14,74.52,76.03,76.15,74.18,2.38,2.61,0.9014,1.01,1585016.0,120507181.46,75.81,73.23,72.53,71.63,70.06,67.94,66.22,66.94,67.77,68.07,72.11,71.25,68.14,66.21,68.07,67.22,65.78,64.19,63.6,62.54,61.41,97.59,66.6,55.14,75.44,15.55,58.31,72.91,11.12,66.6,61.87,14.16,22.89,5.43,4.73,7.65
2020-07-15,76.16,75.68,76.77,74.9,1.18,2.45,0.9167,1.01,1610684.0,121899786.49,75.98,73.4,72.65,71.75,70.27,68.21,66.34,66.94,67.78,68.12,72.11,71.25,68.14,66.21,68.07,67.22,65.78,64.19,63.6,62.54,61.41,95.98,66.7,55.14,75.65,15.68,58.31,73.12,11.26,66.7,61.87,13.47,22.32,4.95,4.83,7.81
2020-07-16,75.0,75.9,75.93,74.32,0.46,2.14,0.87,0.91,1519345.0,115318285.5,76.05,73.69,72.79,71.91,70.52,68.45,66.51,66.94,67.8,68.18,72.11,71.25,68.14,66.21,68.07,67.22,65.78,64.19,63.6,62.54,61.41,97.33,66.79,55.14,75.65,15.68,58.53,73.33,11.23,66.79,61.87,13.64,22.68,5.25,4.92,7.95
2020-07-17,76.08,75.78,76.17,74.92,-1.7,1.65,0.8394,0.87,1457010.0,110408575.28,75.79,73.93,72.96,72.09,70.73,68.69,66.64,66.94,67.83,68.24,73.14,71.89,69.54,66.65,68.35,67.6,66.11,64.51,63.84,62.82,61.66,95.51,66.88,55.14,75.65,15.68,58.53,73.54,11.37,66.88,62.16,13.3,21.91,3.61,4.72,7.59
2020-07-20,75.76,78.29,78.51,75.18,3.6,4.4,0.8972,0.97,1557252.0,121911030.07,76.33,74.62,73.17,72.32,70.97,69.0,66.83,66.96,67.88,68.31,73.14,71.89,69.54,66.65,68.35,67.6,66.11,64.51,63.84,62.82,61.66,99.91,66.98,55.14,75.87,15.82,58.74,73.75,11.33,66.98,62.16,16.88,25.94,7.04,4.82,7.75
2020-07-21,79.35,77.92,79.35,77.71,2.49,2.09,0.705,0.79,1218645.0,94958037.04,76.71,75.16,73.36,72.53,71.2,69.29,67.08,66.98,67.92,68.38,73.14,71.89,69.54,66.65,68.35,67.6,66.11,64.51,63.84,62.82,61.66,98.92,67.08,55.14,75.87,15.82,58.74,73.96,11.47,67.08,62.16,16.16,25.36,6.54,4.92,7.92
2020-07-22,78.03,78.42,78.5,77.31,3.62,1.53,0.5426,0.63,931985.0,73090457.63,77.26,75.68,73.54,72.73,71.44,69.6,67.27,67.02,67.97,68.45,73.14,71.89,69.54,66.65,68.35,67.6,66.11,64.51,63.84,62.82,61.66,99.76,67.15,55.14,75.87,15.82,58.95,73.96,11.3,67.15,62.16,16.79,26.17,7.23,4.99,8.03
2020-07-23,78.35,75.78,78.59,75.37,-0.15,4.11,0.96,1.22,1627634.0,123348615.06,77.24,75.94,73.63,72.89,71.68,69.82,67.51,67.06,68.0,68.5,73.14,71.89,69.54,66.65,68.35,67.6,66.11,64.51,63.84,62.82,61.66,92.46,67.26,55.14,76.08,15.95,58.95,74.39,11.58,67.26,62.16,12.67,21.92,3.62,5.1,8.2
2020-07-24,74.95,75.59,75.88,74.42,-0.24,1.93,0.9315,1.14,1544404.0,116746903.77,77.2,76.1,73.81,73.01,71.82,70.04,67.73,67.12,68.01,68.56,73.94,72.58,70.54,67.18,68.61,67.93,66.43,64.85,64.06,63.11,61.91,90.61,67.35,55.14,76.08,15.95,58.95,74.6,11.72,67.35,62.43,12.24,21.09,2.24,4.92,7.88
2020-07-27,75.78,76.51,77.05,75.76,-2.27,1.7,0.7624,0.91,1245980.0,95329929.8,76.85,76.21,74.0,73.15,71.97,70.25,67.97,67.18,68.05,68.61,73.94,72.58,70.54,67.18,68.61,67.93,66.43,64.85,64.06,63.11,61.91,96.38,67.43,55.14,76.29,16.09,59.16,74.6,11.54,67.43,62.43,13.47,22.55,3.48,5.0,8.01
2020-07-28,76.26,75.02,76.32,74.88,-3.73,1.88,1.0455,1.3,1702174.0,127691986.96,76.27,76.26,74.14,73.25,72.12,70.44,68.18,67.27,68.07,68.66,73.94,72.58,70.54,67.18,68.61,67.93,66.43,64.85,64.06,63.11,61.91,85.27,67.53,55.35,76.29,15.9,59.16,74.81,11.68,67.53,62.43,11.09,20.16,1.46,5.1,8.17
2020-07-29,75.32,76.1,76.56,75.07,-2.96,1.99,0.6824,0.78,1106534.0,84208343.93,75.8,76.35,74.27,73.37,72.29,70.65,68.43,67.36,68.09,68.72,73.94,72.58,70.54,67.18,68.61,67.93,66.43,64.85,64.06,63.11,61.91,94.63,67.6,55.35,76.29,15.9,59.37,75.02,11.64,67.6,62.43,12.58,21.9,2.93,5.17,8.28
2020-07-30,74.85,76.57,76.89,74.61,1.04,3.0,1.0306,1.16,1671396.0,127982970.21,75.96,76.42,74.4,73.49,72.44,70.82,68.7,67.43,68.11,68.79,73.94,72.58,70.54,67.18,68.61,67.93,66.43,64.85,64.06,63.11,61.91,96.36,67.7,55.35,76.29,15.9,59.37,75.02,11.64,67.7,62.43,13.11,22.65,3.56,5.27,8.44
2020-07-31,75.25,74.15,75.45,72.7,-1.91,3.59,2.0673,2.36,3429036.0,254256161.33,75.67,76.22,74.48,73.57,72.55,70.97,68.89,67.49,68.1,68.83,75.17,72.94,71.2,67.84,68.82,68.2,66.73,65.2,64.28,63.35,62.14,79.29,67.85,55.35,76.29,15.9,59.58,75.02,11.47,67.85,62.74,9.28,18.18,-1.36,5.11,8.14
2020-08-03,74.33,73.72,74.52,73.28,-3.64,1.67,1.3926,1.27,2331514.0,171885040.86,75.11,76.1,74.55,73.62,72.63,71.11,69.1,67.53,68.08,68.87,75.17,72.94,71.2,67.84,68.82,68.2,66.73,65.2,64.28,63.35,62.14,76.61,67.95,55.35,76.29,15.9,59.79,75.02,11.29,67.95,62.74,8.5,17.5,-1.92,5.21,8.3
2020-08-04,73.83,73.25,74.28,72.93,-2.36,1.83,1.1311,0.93,1903489.0,139427714.02,74.76,75.91,74.57,73.65,72.7,71.23,69.27,67.6,68.06,68.91,75.17,72.94,71.2,67.84,68.82,68.2,66.73,65.2,64.28,63.35,62.14,73.64,68.03,55.35,76.29,15.9,59.79,75.02,11.29,68.03,62.74,7.67,16.75,-2.55,5.29,8.43
2020-08-05,73.46,73.68,74.12,73.17,-3.18,1.29,1.17,0.95,1979957.0,145884221.74,74.27,75.78,74.59,73.69,72.76,71.37,69.47,67.69,68.05,68.96,75.17,72.94,71.2,67.84,68.82,68.2,66.73,65.2,64.28,63.35,62.14,76.11,68.11,55.35,76.29,15.9,60.01,75.02,11.12,68.11,62.74,8.18,17.44,-1.98,5.37,8.56
2020-08-06,73.59,75.0,75.12,73.3,-2.05,2.47,1.1721,0.88,1995368.0,149662576.84,73.96,75.72,74.7,73.76,72.86,71.56,69.66,67.82,68.04,69.0,75.17,72.94,71.2,67.84,68.82,68.2,66.73,65.2,64.28,63.35,62.14,84.4,68.19,55.35,76.29,15.9,60.01,75.02,11.12,68.19,62.74,9.99,19.55,-0.22,5.45,8.69
2020-08-07,75.0,74.72,75.84,74.08,0.78,2.35,0.929,0.68,1577826.0,117902258.94,74.08,75.65,74.79,73.86,72.98,71.71,69.85,67.93,68.03,69.04,75.47,73.27,71.92,68.9,68.92,68.48,67.08,65.54,64.48,63.6,62.38,82.5,68.26,55.35,76.29,15.9,60.22,75.02,10.95,68.26,63.04,9.47,18.54,-0.98,5.22,8.28
2020-08-10,74.36,74.81,75.2,73.65,1.47,2.07,0.7616,0.66,1289530.0,96463291.65,74.29,75.42,75.02,73.92,73.1,71.86,70.07,68.06,68.01,69.08,75.47,73.27,71.92,68.9,68.92,68.48,67.08,65.54,64.48,63.6,62.38,82.31,68.32,55.35,76.29,15.9,60.22,75.02,10.95,68.32,63.04,9.49,18.66,-0.88,5.28,8.38
2020-08-11,74.62,74.02,75.5,73.9,1.05,2.14,0.8611,0.83,1454365.0,107646279.84,74.45,75.16,75.16,73.96,73.19,71.99,70.27,68.23,68.0,69.11,75.47,73.27,71.92,68.9,68.92,68.48,67.08,65.54,64.48,63.6,62.38,76.93,68.39,55.35,76.29,15.9,60.22,75.02,10.95,68.39,63.04,8.23,17.41,-1.92,5.35,8.49
2020-08-12,74.28,75.33,75.62,74.26,2.24,1.83,0.8545,0.87,1437655.0,108299988.8,74.78,74.95,75.32,74.01,73.29,72.15,70.49,68.37,68.01,69.14,75.47,73.27,71.92,68.9,68.92,68.48,67.08,65.54,64.48,63.6,62.38,87.47,68.46,55.35,76.29,15.9,60.43,75.02,10.77,68.46,63.04,10.04,19.5,-0.18,5.42,8.6
2020-08-13,75.52,75.92,76.86,75.4,1.22,1.94,0.8634,0.94,1455208.0,110483029.38,74.96,74.96,75.45,74.07,73.41,72.34,70.68,68.58,68.05,69.17,75.47,73.27,71.92,68.9,68.92,68.48,67.08,65.54,64.48,63.6,62.38,92.99,68.53,55.35,76.29,15.9,60.43,75.23,10.91,68.53,63.04,10.79,20.44,0.6,5.49,8.71
2020-08-14,75.78,75.39,76.1,75.14,0.89,1.25,0.8065,0.94,1355200.0,102163784.8,75.09,74.95,75.52,74.19,73.49,72.45,70.86,68.76,68.1,69.2,75.13,73.62,72.54,69.89,68.97,68.72,67.4,65.86,64.69,63.85,62.65,86.02,68.6,55.56,76.29,15.72,60.43,75.23,10.91,68.6,63.27,9.89,19.15,0.35,5.33,8.42
2020-08-17,75.73,75.9,76.28,75.4,1.46,1.17,0.8204,0.99,1378600.0,104634361.4,75.31,74.91,75.56,74.3,73.59,72.56,71.03,68.96,68.15,69.23,75.13,73.62,72.54,69.89,68.97,68.72,67.4,65.86,64.69,63.85,62.65,92.86,68.67,55.56,76.29,15.72,60.43,75.23,10.91,68.67,63.27,10.53,19.96,1.03,5.4,8.53
2020-08-18,76.31,77.93,78.12,76.19,5.29,2.55,1.1978,1.43,2027086.0,157970811.98,76.09,75.1,75.68,74.46,73.71,72.72,71.22,69.17,68.25,69.27,75.13,73.62,72.54,69.89,68.97,68.72,67.4,65.86,64.69,63.85,62.65,98.48,68.79,55.56,76.5,15.85,60.64,75.44,10.88,68.79,63.27,13.29,23.17,3.73,5.52,8.72
2020-08-19,77.67,77.38,78.68,77.2,2.72,1.91,0.9852,1.08,1660611.0,128492267.04,76.5,75.18,75.77,74.57,73.82,72.86,71.4,69.4,68.34,69.31,75.13,73.62,72.54,69.89,68.97,68.72,67.4,65.86,64.69,63.85,62.65,96.76,68.89,55.56,76.71,15.99,60.64,75.44,10.88,68.89,63.27,12.32,22.3,3.0,5.62,8.88
2020-08-20,77.17,79.09,79.29,76.91,4.17,3.08,1.0124,1.08,1706877.0,134992634.74,77.14,75.35,75.88,74.72,73.96,73.02,71.58,69.65,68.42,69.35,75.13,73.62,72.54,69.89,68.97,68.72,67.4,65.86,64.69,63.85,62.65,99.95,69.0,55.56,77.13,16.26,60.64,75.65,11.02,69.0,63.27,14.62,25.0,5.27,5.73,9.06
2020-08-21,78.85,79.02,79.89,78.4,4.82,1.88,0.86,0.89,1446453.0,114300162.51,77.86,75.68,75.95,74.88,74.09,73.17,71.75,69.86,68.52,69.38,75.77,74.46,73.18,71.1,69.16,69.03,67.77,66.28,64.94,64.15,62.92,99.07,69.1,55.56,77.56,16.52,60.85,75.65,10.84,69.1,63.58,14.36,24.29,4.28,5.52,8.68
2020-08-24,79.7,79.41,80.71,79.03,4.63,2.13,0.8421,0.86,1410229.0,111986284.89,78.56,76.06,76.08,75.05,74.23,73.32,71.93,70.09,68.6,69.42,75.77,74.46,73.18,71.1,69.16,69.03,67.77,66.28,64.94,64.15,62.92,99.03,69.2,55.56,77.77,16.65,60.85,75.65,10.84,69.2,63.58,14.75,24.9,4.8,5.62,8.84
2020-08-25,79.1,80.41,80.58,79.1,3.18,1.86,1.2616,1.29,2132084.0,171443006.52,79.06,76.53,76.22,75.23,74.37,73.46,72.11,70.31,68.72,69.46,75.77,74.46,73.18,71.1,69.16,69.03,67.77,66.28,64.94,64.15,62.92,99.82,69.36,55.56,78.19,16.92,60.85,75.87,10.98,69.36,63.58,15.93,26.47,6.12,5.78,9.09
2020-08-26,80.4,82.62,82.96,80.18,6.78,3.46,2.072,2.14,3581072.0,295864587.57,80.11,77.13,76.45,75.44,74.55,73.63,72.33,70.56,68.87,69.51,75.77,74.46,73.18,71.1,69.16,69.03,67.77,66.28,64.94,64.15,62.92,99.56,69.64,55.56,79.04,17.44,61.06,76.08,10.95,69.64,63.58,18.64,29.94,9.03,6.06,9.53
2020-08-27,82.68,81.72,82.75,81.29,3.32,1.77,1.0708,0.91,1861602.0,152123599.83,80.64,77.58,76.65,75.66,74.72,73.8,72.56,70.8,69.04,69.57,75.77,74.46,73.18,71.1,69.16,69.03,67.77,66.28,64.94,64.15,62.92,97.64,69.79,55.56,79.67,17.83,61.06,76.08,10.95,69.79,63.58,17.09,28.53,7.84,6.21,9.77
2020-08-28,81.67,82.22,82.36,81.54,4.05,1.0,0.8626,0.72,1499782.0,123312825.93,81.28,78.08,76.86,75.89,74.91,74.0,72.77,71.02,69.19,69.64,77.1,75.52,74.09,72.18,69.51,69.47,68.18,66.71,65.2,64.48,63.26,99.12,69.91,55.56,80.1,18.08,61.27,76.29,10.91,69.91,64.06,17.61,28.35,6.64,5.85,9.13
2020-08-31,82.39,81.71,82.4,81.52,2.9,1.07,1.0478,0.87,1823406.0,148988680.85,81.74,78.54,76.98,76.19,75.07,74.19,72.97,71.28,69.37,69.7,77.1,75.52,74.09,72.18,69.51,69.47,68.18,66.71,65.2,64.48,63.26,95.83,70.06,55.56,81.15,18.72,61.49,76.5,10.88,70.06,64.06,16.63,27.55,5.98,6.0,9.37
2020-09-01,81.83,83.04,83.29,81.61,3.26,2.05,1.0455,0.84,1826655.0,151677211.25,82.26,79.14,77.15,76.49,75.25,74.38,73.18,71.53,69.6,69.77,77.1,75.52,74.09,72.18,69.51,69.47,68.18,66.71,65.2,64.48,63.26,99.72,70.21,55.56,81.79,19.09,61.49,76.71,11.02,70.21,64.06,18.27,29.62,7.7,6.15,9.6
2020-09-02,83.69,86.41,86.66,83.32,4.59,4.03,1.4223,1.19,2511180.0,217001108.52,83.02,79.88,77.41,76.84,75.48,74.61,73.43,71.83,69.81,69.86,77.1,75.52,74.09,72.18,69.51,69.47,68.18,66.71,65.2,64.48,63.26,99.82,70.45,55.78,82.0,19.03,61.7,77.35,11.25,70.45,64.06,22.66,34.9,12.08,6.39,9.98
2020-09-03,85.49,82.09,85.49,80.75,0.46,5.48,1.7343,1.63,3107763.0,255122480.2,83.09,80.29,77.62,77.06,75.63,74.79,73.66,72.05,70.04,69.93,77.1,75.52,74.09,72.18,69.51,69.47,68.18,66.71,65.2,64.48,63.26,94.37,70.69,55.78,82.21,19.16,61.7,77.77,11.52,70.69,64.06,16.13,28.15,6.47,6.63,10.35
2020-09-04,81.21,79.55,82.26,77.38,-3.25,5.94,1.4474,1.21,2608568.0,207516801.54,82.56,80.57,77.76,77.2,75.78,74.91,73.8,72.24,70.24,69.96,78.18,76.67,74.69,72.95,69.7,69.82,68.54,67.08,65.49,64.78,63.56,88.07,70.83,55.78,82.21,19.16,61.91,78.19,11.62,70.83,64.6,12.31,23.15,1.75,6.23,9.64
2020-09-08,76.68,76.62,78.19,76.4,-6.23,2.25,1.4398,1.1,2610884.0,200044626.64,81.54,80.61,77.76,77.24,75.88,74.99,73.9,72.4,70.42,69.99,78.18,76.67,74.69,72.95,69.7,69.82,68.54,67.08,65.49,64.78,63.56,79.43,70.94,55.78,82.21,19.16,62.12,78.19,11.45,70.94,64.6,8.01,18.61,-2.0,6.34,9.81
2020-09-09,77.88,77.85,78.45,76.8,-6.25,2.15,0.9763,0.7,1774704.0,138157156.99,80.51,80.61,77.85,77.32,76.0,75.09,74.03,72.56,70.6,70.03,78.18,76.67,74.69,72.95,69.7,69.82,68.54,67.08,65.49,64.78,63.56,83.81,71.02,55.78,82.21,19.16,62.12,78.19,11.45,71.02,64.6,9.61,20.51,-0.43,6.42,9.94
2020-09-10,78.03,76.6,79.2,76.29,-11.36,3.74,0.8912,0.64,1618557.0,123983084.76,78.54,80.56,77.87,77.36,76.07,75.17,74.15,72.71,70.79,70.04,78.18,76.67,74.69,72.95,69.7,69.82,68.54,67.08,65.49,64.78,63.56,77.9,71.08,55.78,82.21,19.16,62.33,78.19,11.29,71.08,64.6,7.77,18.58,-2.02,6.48,10.03
2020-09-11,76.8,76.04,78.76,74.87,-7.38,5.08,0.879,0.68,1597087.0,121436107.13,77.33,80.35,77.85,77.37,76.13,75.24,74.24,72.83,70.99,70.06,78.44,76.95,75.0,73.55,69.7,70.05,68.83,67.4,65.75,65.02,63.87,73.95,71.14,55.78,82.21,19.16,62.33,78.19,11.29,71.14,64.83,6.88,17.29,-3.07,6.31,9.73
2020-09-14,76.95,75.96,78.2,75.79,-4.51,3.17,0.9327,0.83,1696589.0,128879686.8,76.61,80.15,77.91,77.35,76.2,75.31,74.34,72.95,71.15,70.06,78.44,76.95,75.0,73.55,69.7,70.05,68.83,67.4,65.75,65.02,63.87,73.27,71.2,55.78,82.21,19.16,62.54,77.98,10.99,71.2,64.83,6.69,17.17,-3.16,6.37,9.83
2020-09-15,76.8,77.07,77.98,76.59,0.59,1.83,0.7442,0.72,1331082.0,102589151.9,76.7,79.99,78.03,77.38,76.29,75.38,74.43,73.08,71.33,70.07,78.44,76.95,75.0,73.55,69.7,70.05,68.83,67.4,65.75,65.02,63.87,79.24,71.26,55.78,82.21,19.16,62.75,77.98,10.82,71.26,64.83,8.16,18.88,-1.75,6.43,9.92
2020-09-16,77.78,76.04,78.1,75.99,-2.32,2.74,0.7353,0.82,1312299.0,99793777.46,76.34,79.7,78.12,77.38,76.35,75.44,74.5,73.2,71.48,70.07,78.44,76.95,75.0,73.55,69.7,70.05,68.83,67.4,65.75,65.02,63.87,72.08,71.3,55.78,82.21,19.16,62.75,77.98,10.82,71.3,64.83,6.65,17.3,-3.06,6.47,9.98
2020-09-17,74.8,74.78,75.42,73.5,-2.38,2.52,1.0489,1.24,1879751.0,140561200.65,75.98,79.18,78.15,77.36,76.37,75.48,74.56,73.31,71.64,70.07,78.44,76.95,75.0,73.55,69.7,70.05,68.83,67.4,65.75,65.02,63.87,61.06,71.35,55.78,82.21,19.16,62.97,77.98,10.65,71.35,64.83,4.8,15.34,-4.67,6.52,10.06
2020-09-18,74.9,73.0,75.15,71.86,-3.99,4.4,1.7105,1.99,3103882.0,226581834.06,75.37,78.6,78.09,77.3,76.4,75.49,74.6,73.42,71.77,70.05,77.97,76.55,75.07,73.9,69.65,70.19,69.09,67.58,65.96,65.22,64.1,49.78,71.4,55.99,82.21,18.97,62.97,77.98,10.65,71.4,65.06,2.24,12.2,-6.37,6.34,9.74
2020-09-21,72.0,71.56,72.42,70.33,-5.8,2.86,1.5681,1.55,2888827.0,206718682.47,74.49,77.89,77.98,77.2,76.39,75.51,74.65,73.5,71.88,70.02,77.97,76.55,75.07,73.9,69.65,70.19,69.09,67.58,65.96,65.22,64.1,41.32,71.41,55.99,82.0,18.85,63.18,77.98,10.49,71.41,65.06,0.21,9.99,-8.22,6.35,9.76
2020-09-22,72.5,73.27,73.48,71.73,-4.93,2.44,0.8808,0.75,1583201.0,116005886.87,73.73,77.33,77.93,77.09,76.47,75.52,74.71,73.59,72.03,70.0,77.97,76.55,75.07,73.9,69.65,70.19,69.09,67.58,65.96,65.22,64.1,51.85,71.43,55.99,82.0,18.85,63.18,77.98,10.49,71.43,65.06,2.58,12.62,-6.02,6.37,9.79
2020-09-23,72.94,70.76,73.05,70.39,-6.95,3.63,0.9233,0.77,1657350.0,117274914.67,72.67,76.51,77.82,76.93,76.49,75.5,74.73,73.66,72.16,69.96,77.97,76.55,75.07,73.9,69.65,70.19,69.09,67.58,65.96,65.22,64.1,35.63,71.44,55.99,82.0,18.85,63.18,77.77,10.35,71.44,65.06,-0.95,8.76,-9.24,6.38,9.81
2020-09-24,70.55,71.41,72.19,70.49,-4.5,2.39,0.8124,0.65,1450216.0,103566450.53,72.0,75.51,77.69,76.78,76.5,75.48,74.76,73.73,72.29,69.94,77.97,76.55,75.07,73.9,69.65,70.19,69.09,67.58,65.96,65.22,64.1,39.33,71.44,55.99,82.0,18.85,63.39,77.77,10.19,71.44,65.06,-0.04,9.77,-8.4,6.38,9.81
2020-09-25,71.63,72.25,72.5,70.67,-1.03,2.57,0.7445,0.62,1323375.0,95611197.0,71.85,74.85,77.57,76.7,76.51,75.47,74.8,73.83,72.4,69.95,76.61,76.19,75.17,74.04,69.83,70.31,69.32,67.79,66.18,65.38,64.31,47.37,71.45,55.99,82.0,18.85,63.39,77.77,10.19,71.45,65.21,1.12,10.79,-5.7,6.24,9.57
2020-09-28,73.71,73.23,73.84,72.46,2.33,1.9,1.128,1.13,2007941.0,147033487.67,72.18,74.43,77.5,76.65,76.51,75.51,74.83,73.89,72.52,69.98,76.61,76.19,75.17,74.04,69.83,70.31,69.32,67.79,66.18,65.38,64.31,53.0,71.48,55.99,82.0,18.85,63.6,77.77,10.02,71.48,65.21,2.44,12.29,-4.42,6.27,9.62
2020-09-29,73.52,73.47,73.83,72.94,0.26,1.22,0.5531,0.61,979102.0,71931197.08,72.22,74.22,77.42,76.58,76.49,75.55,74.87,73.95,72.62,70.0,76.61,76.19,75.17,74.04,69.83,70.31,69.32,67.79,66.18,65.38,64.31,54.67,71.5,55.99,82.0,18.85,63.6,77.77,10.02,71.5,65.21,2.75,12.66,-4.1,6.29,9.65
2020-09-30,73.34,73.48,74.49,72.99,3.84,2.03,0.959,1.15,1701608.0,125034155.84,72.77,73.93,77.27,76.55,76.47,75.58,74.9,74.02,72.73,70.05,76.61,76.19,75.17,74.04,69.83,70.31,69.32,67.79,66.18,65.38,64.31,54.34,71.54,55.99,82.0,18.85,63.6,77.77,10.02,71.54,65.21,2.71,12.68,-4.09,6.33,9.71
2020-10-01,74.21,74.5,74.95,73.96,4.33,1.35,0.9979,1.19,1779497.0,132580534.24,73.38,73.79,77.17,76.51,76.47,75.61,74.94,74.1,72.85,70.1,76.61,76.19,75.17,74.04,69.83,70.31,69.32,67.79,66.18,65.38,64.31,62.79,71.58,55.99,82.0,18.85,63.81,77.77,9.86,71.58,65.21,4.09,14.25,-2.75,6.37,9.77
2020-10-02,73.1,72.92,74.16,72.55,0.93,2.17,0.721,0.82,1284071.0,93635741.39,73.52,73.58,76.97,76.43,76.43,75.62,74.96,74.15,72.92,70.13,74.75,75.93,75.26,74.25,70.1,70.44,69.53,68.01,66.43,65.54,64.53,49.87,71.6,55.99,82.0,18.85,63.81,77.77,9.86,71.6,65.38,1.84,11.53,-3.96,6.22,9.51
2020-10-05,73.31,74.3,74.41,73.21,1.47,1.64,0.6295,0.72,1113257.0,82716108.36,73.73,73.47,76.81,76.43,76.38,75.65,75.0,74.21,73.02,70.17,74.75,75.93,75.26,74.25,70.1,70.44,69.53,68.01,66.43,65.54,64.53,61.33,71.62,55.99,82.0,18.85,63.81,77.77,9.86,71.62,65.38,3.74,13.64,-2.14,6.24,9.54
2020-10-06,73.78,72.67,74.34,72.43,-1.08,2.57,0.7082,0.91,1245423.0,90507380.26,73.58,73.18,76.59,76.41,76.33,75.67,75.01,74.25,73.1,70.2,74.75,75.93,75.26,74.25,70.1,70.44,69.53,68.01,66.43,65.54,64.53,46.73,71.64,55.99,82.0,18.85,64.02,77.56,9.56,71.64,65.38,1.44,11.15,-4.29,6.26,9.57
2020-10-07,73.21,73.01,73.45,71.8,-0.63,2.27,0.9915,1.23,1746156.0,127494707.26,73.48,72.97,76.34,76.4,76.28,75.67,75.03,74.29,73.17,70.24,74.75,75.93,75.26,74.25,70.1,70.44,69.53,68.01,66.43,65.54,64.53,49.67,71.65,56.2,82.0,18.67,64.02,77.56,9.56,71.65,65.38,1.9,11.68,-3.83,6.27,9.59
2020-10-08,73.25,74.3,74.5,73.25,-0.28,1.71,0.6772,0.83,1187831.0,88251685.89,73.44,72.94,76.06,76.42,76.26,75.69,75.06,74.33,73.26,70.31,74.75,75.93,75.26,74.25,70.1,70.44,69.53,68.01,66.43,65.54,64.53,62.11,71.68,56.2,82.0,18.67,64.23,77.56,9.4,71.68,65.38,3.65,13.64,-2.15,6.3,9.64
2020-10-09,74.74,75.76,75.83,74.47,3.89,1.82,0.819,1.09,1435542.0,108758097.46,74.01,73.13,75.86,76.43,76.26,75.74,75.1,74.39,73.39,70.41,73.99,76.09,75.78,74.52,70.59,70.63,69.78,68.29,66.76,65.75,64.76,74.22,71.72,56.2,82.0,18.67,64.23,77.56,9.4,71.72,65.52,5.63,15.63,-0.43,6.2,9.46
2020-10-12,77.15,78.46,79.69,76.63,5.59,4.04,1.4027,1.84,2482560.0,194775451.2,74.84,73.59,75.74,76.52,76.3,75.83,75.19,74.5,73.51,70.5,73.99,76.09,75.78,74.52,70.59,70.63,69.78,68.29,66.76,65.75,64.76,88.13,71.82,56.2,82.0,18.67,64.45,77.77,9.37,71.82,65.52,9.24,19.75,3.12,6.3,9.62
2020-10-13,79.19,78.58,79.5,78.16,8.14,1.71,0.9043,0.99,1601043.0,125816363.11,76.02,73.94,75.63,76.6,76.31,75.97,75.26,74.6,73.64,70.62,73.99,76.09,75.78,74.52,70.59,70.63,69.78,68.29,66.76,65.75,64.76,87.46,71.89,56.2,82.0,18.67,64.66,77.98,9.34,71.89,65.52,9.31,19.94,3.28,6.37,9.72
2020-10-14,78.93,78.4,79.38,77.53,7.38,2.36,1.0834,1.14,1930990.0,151397339.96,77.1,74.45,75.48,76.7,76.31,76.08,75.33,74.69,73.76,70.77,73.99,76.09,75.78,74.52,70.59,70.63,69.78,68.29,66.76,65.75,64.76,87.12,71.98,56.2,82.0,18.67,64.66,77.98,9.34,71.98,65.52,8.92,19.66,3.05,6.46,9.86
2020-10-15,77.36,77.96,78.76,77.25,4.93,1.92,0.8596,0.89,1540817.0,120116700.46,77.83,74.89,75.2,76.76,76.31,76.18,75.38,74.78,73.87,70.89,73.99,76.09,75.78,74.52,70.59,70.63,69.78,68.29,66.76,65.75,64.76,83.39,72.04,56.2,82.0,18.67,64.87,78.19,9.31,72.04,65.52,8.21,18.98,2.46,6.52,9.95
2020-10-16,78.29,78.65,79.06,78.15,3.81,1.16,0.802,0.8,1435137.0,112874242.62,78.41,75.31,75.08,76.82,76.35,76.27,75.44,74.87,74.02,71.05,74.52,76.48,76.14,74.88,71.42,70.81,70.08,68.65,67.1,65.98,65.03,88.07,72.1,56.2,82.0,18.67,64.87,78.19,9.31,72.1,65.81,9.09,19.51,2.84,6.29,9.56
2020-10-19,79.02,76.73,79.41,76.4,-2.2,3.82,0.8976,0.89,1607075.0,123311668.29,78.07,75.55,74.99,76.85,76.37,76.32,75.52,74.93,74.1,71.19,74.52,76.48,76.14,74.88,71.42,70.81,70.08,68.65,67.1,65.98,65.03,76.22,72.16,56.2,82.0,18.67,65.08,78.19,9.15,72.16,65.81,6.33,16.59,0.33,6.35,9.65
2020-10-20,76.35,77.8,78.88,76.28,-1.0,3.38,1.2411,1.38,2242572.0,174464252.6,77.91,75.84,75.03,76.89,76.39,76.36,75.6,75.0,74.18,71.34,74.52,76.48,76.14,74.88,71.42,70.81,70.08,68.65,67.1,65.98,65.03,82.29,72.24,56.41,82.0,18.49,65.29,78.19,8.99,72.24,65.81,7.69,18.21,1.72,6.43,9.77
2020-10-21,78.67,79.67,80.94,78.58,1.61,3.03,1.4101,1.47,2568345.0,204608488.6,78.16,76.25,75.09,76.93,76.47,76.43,75.69,75.09,74.3,71.5,74.52,76.48,76.14,74.88,71.42,70.81,70.08,68.65,67.1,65.98,65.03,90.34,72.36,56.41,81.79,18.36,65.5,78.4,8.96,72.36,65.81,10.1,21.05,4.17,6.55,9.95
2020-10-22,79.65,80.77,81.1,79.25,3.6,2.32,0.785,0.76,1434042.0,115822553.19,78.72,76.67,75.23,77.0,76.55,76.51,75.79,75.19,74.42,71.68,74.52,76.48,76.14,74.88,71.42,70.81,70.08,68.65,67.1,65.98,65.03,92.98,72.43,56.41,81.79,18.36,65.5,78.62,9.1,72.43,65.81,11.51,22.73,5.61,6.62,10.06
2020-10-23,81.3,82.05,82.12,81.03,4.32,1.35,0.7551,0.74,1375844.0,112888000.2,79.4,77.27,75.43,77.07,76.64,76.6,75.89,75.29,74.54,71.88,76.33,77.15,76.47,75.38,72.31,71.01,70.41,69.02,67.47,66.25,65.33,96.0,72.52,56.41,82.0,18.49,65.72,78.62,8.94,72.52,66.11,13.14,24.11,6.36,6.41,9.7
2020-10-26,81.25,79.52,81.91,78.82,3.64,3.76,1.0321,1.0,1853254.0,147375391.21,79.96,77.62,75.55,77.08,76.73,76.63,75.98,75.37,74.64,72.03,76.33,77.15,76.47,75.38,72.31,71.01,70.41,69.02,67.47,66.25,65.33,88.13,72.61,56.41,82.0,18.49,65.93,78.83,8.91,72.61,66.11,9.52,20.29,3.08,6.5,9.83
2020-10-27,79.78,80.21,80.34,79.14,3.11,1.51,0.6915,0.65,1229002.0,98581937.43,80.44,78.12,75.65,77.1,76.84,76.69,76.08,75.46,74.74,72.19,76.33,77.15,76.47,75.38,72.31,71.01,70.41,69.02,67.47,66.25,65.33,90.43,72.68,56.41,82.0,18.49,65.93,79.04,9.04,72.68,66.11,10.36,21.33,3.98,6.57,9.94
2020-10-28,77.99,75.83,78.07,75.73,-4.81,2.91,1.0325,1.08,1833959.0,139070944.93,79.68,78.31,75.64,77.0,76.88,76.69,76.11,75.5,74.79,72.31,76.33,77.15,76.47,75.38,72.31,71.01,70.41,69.02,67.47,66.25,65.33,64.25,72.73,56.41,82.0,18.49,66.14,78.83,8.75,72.73,66.11,4.26,14.7,-1.7,6.62,10.01
2020-10-29,76.12,78.36,79.69,76.11,-2.98,4.71,1.1275,1.3,2003064.0,156964101.17,79.2,78.58,75.76,76.9,76.96,76.72,76.17,75.56,74.86,72.46,76.33,77.15,76.47,75.38,72.31,71.01,70.41,69.02,67.47,66.25,65.33,80.91,72.8,56.62,82.0,18.31,66.35,78.83,8.59,72.8,66.11,7.64,18.53,1.58,6.69,10.12
2020-10-30,83.61,81.05,84.35,80.22,-1.22,5.27,2.3855,2.61,4330862.0,351018530.53,79.0,78.94,76.03,76.89,77.06,76.79,76.27,75.65,74.96,72.62,78.09,77.35,76.82,75.9,73.18,71.21,70.69,69.37,67.86,66.49,65.62,90.74,73.04,56.62,82.0,18.31,66.56,79.46,8.83,73.04,66.49,10.97,21.9,3.8,6.55,9.85
2020-11-02,81.41,81.3,83.04,80.8,2.24,2.76,1.3844,1.13,2535446.0,206135562.97,79.35,79.13,76.36,76.87,77.17,76.87,76.38,75.75,75.07,72.78,78.09,77.35,76.82,75.9,73.18,71.21,70.69,69.37,67.86,66.49,65.62,90.14,73.18,56.62,82.0,18.31,66.77,79.67,8.81,73.18,66.49,11.1,22.28,4.12,6.69,10.06
2020-11-03,81.59,82.51,83.08,80.83,2.86,2.77,0.9042,0.7,1661653.0,137103819.86,79.81,79.39,76.66,76.88,77.3,76.92,76.54,75.85,75.2,72.96,78.09,77.35,76.82,75.9,73.18,71.21,70.69,69.37,67.86,66.49,65.62,96.67,73.27,56.83,82.21,18.25,66.77,79.88,8.94,73.27,66.49,12.61,24.09,5.67,6.78,10.2
2020-11-04,85.51,87.46,88.57,85.3,15.33,3.96,1.9066,1.44,3570927.0,312300777.18,82.14,79.99,77.22,76.98,77.52,77.05,76.73,75.99,75.35,73.17,78.09,77.35,76.82,75.9,73.18,71.21,70.69,69.37,67.86,66.49,65.62,99.22,73.56,56.83,82.63,18.5,66.98,80.31,9.05,73.56,66.49,18.89,31.53,12.0,7.07,10.63
2020-11-05,89.05,88.17,89.68,87.53,12.51,2.47,1.0969,0.73,2065812.0,182139545.32,84.1,80.67,77.78,77.02,77.74,77.18,76.93,76.14,75.51,73.39,78.09,77.35,76.82,75.9,73.18,71.21,70.69,69.37,67.86,66.49,65.62,99.19,73.75,56.83,83.06,18.75,67.2,80.73,9.15,73.75,66.49,19.55,32.6,12.91,7.26,10.92
2020-11-06,87.7,88.09,88.62,87.02,8.68,1.82,0.8804,0.59,1661225.0,146333157.19,85.5,81.3,78.31,77.16,77.94,77.34,77.11,76.28,75.67,73.58,81.12,77.94,77.66,76.73,74.1,71.62,71.16,69.8,68.31,66.79,65.98,98.49,73.88,57.04,84.54,19.42,67.2,81.15,9.41,73.88,67.01,19.23,31.45,8.59,6.87,10.25
2020-11-09,89.54,88.15,90.9,88.0,8.42,3.29,1.1925,0.99,2268270.0,199948000.5,86.87,82.06,78.8,77.35,78.15,77.51,77.27,76.45,75.82,73.77,81.12,77.94,77.66,76.73,74.1,71.62,71.16,69.8,68.31,66.79,65.98,97.93,74.08,57.04,86.44,20.49,67.41,81.36,9.38,74.08,67.01,18.99,31.55,8.67,7.07,10.55
2020-11-10,86.55,87.02,88.15,85.86,5.46,2.59,1.3709,1.17,2636142.0,229395758.77,87.78,82.68,79.26,77.58,78.34,77.65,77.41,76.61,75.96,73.95,81.12,77.94,77.66,76.73,74.1,71.62,71.16,69.8,68.31,66.79,65.98,94.7,74.28,57.04,87.07,20.84,67.41,81.58,9.51,74.28,67.01,17.15,29.86,7.27,7.27,10.85
2020-11-11,87.5,87.64,88.21,87.37,0.2,0.97,0.6617,0.52,1263966.0,110768292.39,87.81,83.21,79.73,77.79,78.5,77.82,77.56,76.77,76.11,74.13,81.12,77.94,77.66,76.73,74.1,71.62,71.16,69.8,68.31,66.79,65.98,95.68,74.38,57.26,87.5,20.89,67.41,81.79,9.64,74.38,67.01,17.82,30.78,8.03,7.37,11.0
2020-11-12,87.38,87.49,88.41,87.28,-0.77,1.29,0.6561,0.63,1248754.0,109255984.97,87.68,83.66,80.16,78.04,78.67,77.97,77.7,76.91,76.24,74.31,81.12,77.94,77.66,76.73,74.1,71.62,71.16,69.8,68.31,66.79,65.98,94.33,74.48,57.26,87.5,20.89,67.41,81.79,9.64,74.48,67.01,17.47,30.57,7.86,7.47,11.15
2020-11-13,87.88,88.85,89.05,87.23,0.87,2.09,0.7898,0.83,1500574.0,133327500.47,87.83,84.11,80.69,78.32,78.83,78.13,77.85,77.07,76.39,74.48,83.74,78.87,78.64,77.77,74.92,71.99,71.63,70.26,68.76,67.16,66.35,99.07,74.61,57.26,87.71,21.01,67.62,82.0,9.61,74.61,67.44,19.09,31.75,6.11,7.17,10.63
2020-11-16,88.58,89.07,89.95,88.38,1.04,1.77,0.6574,0.7,1246785.0,111049893.16,88.01,84.75,81.18,78.61,79.0,78.33,77.98,77.23,76.55,74.65,83.74,78.87,78.64,77.77,74.92,71.99,71.63,70.26,68.76,67.16,66.35,98.99,74.72,57.26,87.92,21.12,67.62,82.0,9.61,74.72,67.44,19.2,32.07,6.37,7.28,10.79
2020-11-17,88.85,88.51,89.25,88.35,1.71,1.01,0.6062,0.73,1147114.0,101528192.35,88.31,85.3,81.71,78.87,79.15,78.53,78.12,77.39,76.69,74.82,83.74,78.87,78.64,77.77,74.92,71.99,71.63,70.26,68.76,67.16,66.35,96.77,74.82,57.26,87.92,21.12,67.62,82.21,9.74,74.82,67.44,18.29,31.24,5.7,7.38,10.94
2020-11-18,88.26,87.34,88.67,87.31,-0.34,1.54,0.6254,0.92,1173466.0,102489346.97,88.25,86.07,82.19,79.12,79.26,78.72,78.25,77.53,76.82,74.97,83.74,78.87,78.64,77.77,74.92,71.99,71.63,70.26,68.76,67.16,66.35,91.63,74.91,57.47,87.92,20.95,67.62,82.21,9.74,74.91,67.44,16.59,29.51,4.3,7.47,11.08
2020-11-19,86.92,88.2,88.48,86.85,0.8,1.87,0.6802,0.99,1249910.0,110237062.36,88.39,86.72,82.65,79.42,79.36,78.91,78.39,77.68,76.95,75.14,83.74,78.87,78.64,77.77,74.92,71.99,71.63,70.26,68.76,67.16,66.35,95.97,75.01,57.47,88.13,21.06,67.83,82.42,9.71,75.01,67.44,17.58,30.78,5.32,7.57,11.22
2020-11-20,88.26,87.11,88.7,87.09,-1.96,1.82,1.254,1.83,2313655.0,201541330.22,88.04,87.13,83.03,79.73,79.45,79.07,78.51,77.82,77.08,75.32,85.43,79.97,79.46,78.46,75.69,72.27,72.03,70.69,69.2,67.52,66.68,89.26,75.19,57.47,88.13,21.06,67.83,82.63,9.84,75.19,67.8,15.85,28.48,1.97,7.39,10.9
2020-11-23,87.48,86.74,87.7,85.89,-2.61,2.08,1.1649,1.52,2161975.0,187536197.42,87.58,87.49,83.31,80.07,79.52,79.23,78.64,77.96,77.22,75.47,85.43,79.97,79.46,78.46,75.69,72.27,72.03,70.69,69.2,67.52,66.68,87.88,75.34,57.68,88.13,20.88,67.83,83.48,10.34,75.34,67.8,15.14,27.94,1.54,7.54,11.12
2020-11-24,86.52,88.44,88.58,86.38,-0.07,2.53,0.853,0.98,1579703.0,139715252.13,87.57,87.88,83.64,80.4,79.63,79.42,78.75,78.16,77.35,75.64,85.43,79.97,79.46,78.46,75.69,72.27,72.03,70.69,69.2,67.52,66.68,96.83,75.46,57.68,88.13,20.88,68.04,85.38,11.3,75.46,67.8,17.21,30.45,3.53,7.66,11.3
2020-11-25,88.64,88.57,88.93,87.83,1.41,1.24,0.5689,0.62,1046122.0,92656594.72,87.81,87.96,83.97,80.8,79.73,79.61,78.87,78.34,77.49,75.8,85.43,79.97,79.46,78.46,75.69,72.27,72.03,70.69,69.2,67.52,66.68,97.64,75.54,57.89,88.13,20.71,68.04,86.02,11.67,75.54,67.8,17.25,30.64,3.68,7.74,11.42
2020-11-27,88.65,89.66,90.2,88.62,1.66,1.78,0.4884,0.53,884916.0,79341126.1,88.11,88.06,84.36,81.21,79.78,79.8,78.99,78.52,77.63,75.97,86.95,81.64,80.41,79.09,76.48,72.65,72.48,71.18,69.59,67.92,67.04,99.63,75.63,57.89,88.34,20.82,68.04,86.44,11.91,75.63,68.07,18.55,31.72,3.11,7.56,11.11
2020-11-30,89.06,88.04,89.4,87.75,1.06,1.84,1.0187,1.14,1823836.0,160565049.93,88.29,88.05,84.68,81.56,79.88,79.96,79.13,78.67,77.75,76.15,86.95,81.64,80.41,79.09,76.48,72.65,72.48,71.18,69.59,67.92,67.04,92.45,75.78,57.89,88.34,20.82,68.25,86.65,11.88,75.78,68.07,16.17,29.33,1.25,7.71,11.33
2020-12-01,88.72,89.9,91.24,88.47,3.65,3.15,0.9792,1.16,1739045.0,156348840.72,88.92,88.17,85.12,81.93,80.05,80.16,79.29,78.83,77.92,76.3,86.95,81.64,80.41,79.09,76.48,72.65,72.48,71.18,69.59,67.92,67.04,99.34,75.93,57.89,88.55,20.94,68.46,87.07,11.96,75.93,68.07,18.41,32.08,3.4,7.86,11.55
2020-12-02,89.9,91.4,91.78,89.47,3.34,2.57,0.6972,0.86,1222032.0,111690669.72,89.51,88.46,85.57,82.33,80.3,80.36,79.45,78.99,78.09,76.46,86.95,81.64,80.41,79.09,76.48,72.65,72.48,71.18,69.59,67.92,67.04,99.88,76.05,58.1,88.55,20.76,68.46,87.29,12.08,76.05,68.07,20.18,34.27,5.11,7.98,11.72
2020-12-03,91.2,91.34,92.36,91.13,3.12,1.34,0.7039,0.91,1227298.0,112099558.37,90.07,88.71,85.96,82.72,80.52,80.54,79.63,79.15,78.26,76.63,86.95,81.64,80.41,79.09,76.48,72.65,72.48,71.18,69.59,67.92,67.04,99.34,76.18,58.1,88.77,20.88,68.68,87.29,11.93,76.18,68.07,19.9,34.18,5.05,8.11,11.91
2020-12-04,91.23,91.4,91.66,90.85,1.94,0.89,0.7922,1.0,1378166.0,125963683.32,90.42,88.97,86.31,83.1,80.77,80.73,79.8,79.31,78.42,76.8,89.02,83.55,81.24,79.87,77.21,73.26,72.96,71.69,70.04,68.35,67.4,99.1,76.31,58.1,88.98,20.99,68.68,87.5,12.05,76.31,68.48,19.77,33.47,2.67,7.83,11.43
2020-12-07,90.95,90.97,91.62,90.29,3.34,1.45,0.7613,0.89,1320946.0,120171741.4,91.0,89.11,86.61,83.5,81.02,80.89,79.96,79.46,78.57,76.95,89.02,83.55,81.24,79.87,77.21,73.26,72.96,71.69,70.04,68.35,67.4,97.67,76.44,58.31,89.19,20.93,68.89,87.5,11.9,76.44,68.48,19.01,32.85,2.19,7.96,11.62
2020-12-08,90.5,90.93,91.1,89.81,1.14,1.41,0.6355,0.8,1096319.0,99685545.87,91.21,89.24,86.99,83.87,81.27,81.04,80.15,79.59,78.73,77.11,89.02,83.55,81.24,79.87,77.21,73.26,72.96,71.69,70.04,68.35,67.4,97.69,76.54,58.31,89.61,21.16,68.89,87.71,12.02,76.54,68.48,18.8,32.78,2.14,8.06,11.77
2020-12-09,90.6,89.21,91.71,88.39,-2.4,3.65,0.8724,1.21,1507558.0,134483972.73,90.77,89.28,87.29,84.24,81.47,81.18,80.32,79.72,78.88,77.25,89.02,83.55,81.24,79.87,77.21,73.26,72.96,71.69,70.04,68.35,67.4,93.78,76.67,58.31,89.82,21.27,69.1,87.71,11.87,76.67,68.48,16.35,30.27,0.21,8.19,11.96
2020-12-10,88.49,88.77,89.07,87.02,-2.82,2.3,0.7883,1.04,1362848.0,120975246.99,90.25,89.38,87.72,84.59,81.68,81.29,80.49,79.84,79.01,77.38,89.02,83.55,81.24,79.87,77.21,73.26,72.96,71.69,70.04,68.35,67.4,92.37,76.78,58.53,89.82,21.1,69.31,87.92,11.84,76.78,68.48,15.61,29.62,-0.29,8.3,12.12
2020-12-11,88.15,89.09,89.22,88.0,-2.53,1.38,0.7106,0.92,1220651.0,108745966.61,89.79,89.44,88.08,84.91,81.92,81.37,80.67,79.97,79.15,77.5,89.22,85.17,81.7,80.55,77.89,73.87,73.39,72.14,70.46,68.78,67.72,93.17,76.88,58.53,89.82,21.1,69.31,87.92,11.84,76.88,68.84,15.88,29.41,-0.15,8.04,11.68
2020-12-14,88.75,88.0,89.87,87.86,-3.27,2.25,0.9453,1.23,1600173.0,140820024.52,89.2,89.5,88.31,85.19,82.17,81.46,80.81,80.08,79.28,77.63,89.22,85.17,81.7,80.55,77.89,73.87,73.39,72.14,70.46,68.78,67.72,85.12,77.01,58.74,89.82,20.93,69.52,87.92,11.69,77.01,68.84,14.27,27.84,-1.37,8.17,11.87
2020-12-15,88.22,88.39,88.57,87.5,-2.79,1.22,0.8879,1.09,1482261.0,131014826.4,88.69,89.61,88.55,85.41,82.45,81.54,80.96,80.2,79.42,77.77,89.22,85.17,81.7,80.55,77.89,73.87,73.39,72.14,70.46,68.78,67.72,88.84,77.12,58.95,89.82,20.75,69.52,88.13,11.8,77.12,68.84,14.61,28.4,-0.93,8.28,12.03
2020-12-16,88.64,88.15,88.65,87.8,-1.18,0.96,0.9073,1.05,1513543.0,133418815.45,88.48,89.59,88.74,85.62,82.7,81.63,81.11,80.3,79.59,77.91,89.22,85.17,81.7,80.55,77.89,73.87,73.39,72.14,70.46,68.78,67.72,86.53,77.24,59.16,89.61,20.47,69.73,88.13,11.65,77.24,68.84,14.12,28.05,-1.2,8.4,12.2
2020-12-17,88.43,87.4,88.59,86.93,-1.55,1.88,0.9743,1.13,1624744.0,141994501.88,88.2,89.51,88.73,85.82,82.98,81.68,81.26,80.39,79.73,78.03,89.22,85.17,81.7,80.55,77.89,73.87,73.39,72.14,70.46,68.78,67.72,78.16,77.37,59.16,89.61,20.47,69.94,88.13,11.51,77.37,68.84,12.96,26.95,-2.05,8.53,12.39
2020-12-18,87.71,86.55,87.76,86.01,-2.85,2.0,2.3482,2.7,4016353.0,347617360.33,87.7,89.3,88.68,86.01,83.23,81.69,81.38,80.46,79.87,78.15,88.76,86.25,82.16,81.17,78.43,74.5,73.76,72.52,70.86,69.19,68.03,73.93,77.61,59.58,89.61,20.13,70.16,88.13,11.36,77.61,69.35,11.52,24.8,-2.49,8.26,11.91
2020-12-21,85.68,86.97,87.04,84.95,-1.18,2.42,1.0637,0.89,1828378.0,159011292.09,87.49,89.23,88.64,86.2,83.47,81.75,81.51,80.57,79.99,78.27,88.76,86.25,82.16,81.17,78.43,74.5,73.76,72.52,70.86,69.19,68.03,76.34,77.71,59.79,89.61,19.96,70.16,88.13,11.36,77.71,69.35,11.91,25.41,-2.02,8.36,12.05
2020-12-22,86.72,86.18,86.87,85.63,-2.5,1.43,0.5516,0.45,938346.0,80861966.55,87.05,88.98,88.58,86.41,83.69,81.84,81.63,80.67,80.1,78.37,88.76,86.25,82.16,81.17,78.43,74.5,73.76,72.52,70.86,69.19,68.03,71.7,77.77,59.79,89.61,19.96,70.37,88.13,11.21,77.77,69.35,10.81,24.26,-2.91,8.42,12.14
2020-12-23,86.41,86.62,87.4,86.25,-1.74,1.33,0.6075,0.52,1033917.0,89556856.62,86.74,88.66,88.56,86.6,83.91,81.97,81.75,80.77,80.2,78.48,88.76,86.25,82.16,81.17,78.43,74.5,73.76,72.52,70.86,69.19,68.03,73.49,77.83,59.79,89.61,19.96,70.37,88.13,11.21,77.83,69.35,11.29,24.9,-2.41,8.48,12.23
2020-12-24,86.75,86.94,87.3,86.46,-0.52,0.97,0.2065,0.18,346753.0,30147572.7,86.65,88.37,88.54,86.76,84.13,82.09,81.85,80.88,80.3,78.59,88.76,86.25,82.16,81.17,78.43,74.5,73.76,72.52,70.86,69.19,68.03,76.44,77.86,60.01,89.61,19.79,70.37,88.13,11.21,77.86,69.35,11.67,25.37,-2.05,8.51,12.27
2020-12-28,87.58,88.8,89.54,87.32,2.6,2.55,0.8327,0.85,1393033.0,123707599.05,87.1,88.2,88.58,86.94,84.37,82.26,81.97,81.0,80.42,78.71,88.73,87.08,82.89,81.78,78.94,75.34,74.07,72.91,71.28,69.6,68.33,92.32,77.96,60.01,89.61,19.79,70.37,88.13,11.21,77.96,69.53,13.91,27.72,0.09,8.43,12.12
2020-12-29,89.39,87.94,89.62,87.8,1.11,2.05,0.7766,1.17,1299395.0,114263598.72,87.3,87.99,88.55,87.07,84.62,82.41,82.07,81.11,80.52,78.83,88.73,87.08,82.89,81.78,78.94,75.34,74.07,72.91,71.28,69.6,68.33,83.44,78.06,60.01,89.61,19.79,70.58,88.13,11.06,78.06,69.53,12.65,26.47,-0.89,8.53,12.27
2020-12-30,88.1,86.98,88.26,86.28,0.93,2.25,0.7791,1.3,1306130.0,113601962.88,87.46,87.73,88.48,87.24,84.83,82.56,82.16,81.23,80.61,78.93,88.73,87.08,82.89,81.78,78.94,75.34,74.07,72.91,71.28,69.6,68.33,74.72,78.15,60.22,89.61,19.62,70.58,88.13,11.06,78.15,69.53,11.29,25.09,-1.97,8.62,12.4
2020-12-31,86.77,87.59,87.95,86.77,1.13,1.35,0.6052,0.94,1012240.0,88666150.56,87.65,87.62,88.45,87.4,85.08,82.7,82.25,81.37,80.71,79.04,88.73,87.08,82.89,81.78,78.94,75.34,74.07,72.91,71.28,69.6,68.33,79.39,78.22,60.22,89.61,19.62,70.79,88.13,10.91,78.22,69.53,11.98,25.98,-1.28,8.69,12.5
2021-01-04,87.88,86.41,88.03,85.39,-0.61,3.01,1.1352,1.77,1901533.0,164315269.6,87.54,87.47,88.42,87.64,85.31,82.84,82.32,81.49,80.79,79.14,88.32,87.63,83.86,82.39,79.47,76.14,74.34,73.28,71.68,69.99,68.62,69.08,78.33,60.22,89.4,19.51,70.79,88.13,10.91,78.33,69.78,10.32,23.83,-2.15,8.55,12.25
2021-01-05,86.25,87.05,87.38,85.9,-1.98,1.72,0.6841,0.83,1145347.0,99697874.96,87.19,87.33,88.38,87.83,85.52,83.0,82.37,81.62,80.89,79.24,88.32,87.63,83.86,82.39,79.47,76.14,74.34,73.28,71.68,69.99,68.62,74.11,78.4,60.22,89.4,19.51,70.79,88.13,10.91,78.4,69.78,11.03,24.74,-1.44,8.62,12.35
2021-01-06,85.13,86.76,87.4,84.95,-1.33,2.81,1.5363,1.95,2602114.0,225771120.15,86.96,87.25,88.37,87.96,85.7,83.19,82.42,81.73,80.98,79.34,88.32,87.63,83.86,82.39,79.47,76.14,74.34,73.28,71.68,69.99,68.62,72.17,78.54,60.43,89.4,19.34,71.0,88.13,10.76,78.54,69.78,10.47,24.34,-1.76,8.76,12.55
2021-01-07,87.0,89.36,89.42,86.85,2.74,2.96,1.3401,1.42,2265022.0,202408028.48,87.44,87.31,88.46,88.14,85.88,83.42,82.5,81.87,81.09,79.47,88.32,87.63,83.86,82.39,79.47,76.14,74.34,73.28,71.68,69.99,68.62,94.57,78.69,60.43,89.4,19.34,71.0,88.13,10.76,78.69,69.78,13.56,28.06,1.19,8.91,12.77
2021-01-08,89.4,90.36,90.49,88.68,3.16,2.03,1.2081,1.15,2051002.0,185329566.22,87.99,87.46,88.52,88.31,86.08,83.65,82.6,82.02,81.19,79.59,88.11,88.56,85.07,82.96,80.12,77.03,74.68,73.67,72.11,70.45,68.94,96.62,78.84,60.64,89.82,19.4,71.0,88.34,10.88,78.84,70.25,14.61,28.63,2.03,8.59,12.23
2021-01-11,89.3,88.34,89.72,88.03,2.23,1.87,0.7177,0.61,1209735.0,106863150.96,88.37,87.52,88.52,88.33,86.25,83.89,82.66,82.15,81.28,79.69,88.11,88.56,85.07,82.96,80.12,77.03,74.68,73.67,72.11,70.45,68.94,84.31,78.92,60.64,89.82,19.4,71.0,88.34,10.88,78.92,70.25,11.93,25.75,-0.26,8.67,12.34
2021-01-12,87.7,87.33,88.9,86.27,0.32,2.98,0.8069,0.73,1357691.0,118563760.8,88.43,87.57,88.44,88.31,86.4,84.1,82.67,82.27,81.35,79.79,88.11,88.56,85.07,82.96,80.12,77.03,74.68,73.67,72.11,70.45,68.94,74.94,79.0,60.64,89.82,19.4,71.21,88.34,10.74,79.0,70.25,10.54,24.31,-1.4,8.75,12.46
2021-01-13,86.93,87.72,88.25,86.9,1.1,1.55,0.6525,0.58,1094131.0,95977171.32,88.62,87.63,88.43,88.3,86.55,84.3,82.73,82.38,81.45,79.89,88.11,88.56,85.07,82.96,80.12,77.03,74.68,73.67,72.11,70.45,68.94,79.12,79.07,60.64,89.82,19.4,71.21,88.34,10.74,79.07,70.25,10.94,24.87,-0.95,8.82,12.56
2021-01-14,87.68,87.01,88.75,86.67,-2.63,2.37,0.7064,0.74,1179477.0,102625114.29,88.15,87.68,88.33,88.28,86.72,84.49,82.81,82.49,81.55,80.0,88.11,88.56,85.07,82.96,80.12,77.03,74.68,73.67,72.11,70.45,68.94,70.14,79.14,60.64,89.61,19.28,71.21,88.34,10.74,79.14,70.25,9.94,23.86,-1.76,8.89,12.65
2021-01-15,86.91,86.81,87.8,86.08,-3.93,1.98,0.8111,0.97,1342170.0,116513106.62,87.44,87.69,88.18,88.27,86.87,84.67,82.93,82.6,81.63,80.11,87.65,88.44,86.0,83.19,80.63,77.68,74.98,74.04,72.47,70.83,69.2,67.62,79.22,60.64,89.61,19.28,71.21,88.34,10.74,79.22,70.54,9.58,23.06,-1.84,8.68,12.31
2021-01-19,87.61,89.54,90.46,87.07,1.37,3.91,1.0571,1.4,1734614.0,155322541.4,87.68,87.87,88.12,88.32,87.04,84.88,83.06,82.71,81.76,80.23,87.65,88.44,86.0,83.19,80.63,77.68,74.98,74.04,72.47,70.83,69.2,94.16,79.33,60.85,89.82,19.23,71.21,88.34,10.74,79.33,70.54,12.87,26.94,1.25,8.79,12.46
2021-01-20,91.57,94.34,95.19,91.28,8.04,4.37,1.5015,1.86,2490258.0,234943391.01,89.09,88.24,88.22,88.47,87.27,85.15,83.25,82.87,81.91,80.38,87.65,88.44,86.0,83.19,80.63,77.68,74.98,74.04,72.47,70.83,69.2,99.67,79.57,60.85,90.25,19.45,71.42,88.34,10.59,79.57,70.54,18.57,33.75,6.68,9.03,12.8
2021-01-21,94.9,94.56,96.74,94.36,7.8,2.53,1.2359,1.32,2063932.0,195170569.75,90.45,88.68,88.34,88.6,87.47,85.43,83.46,83.01,82.06,80.53,87.65,88.44,86.0,83.19,80.63,77.68,74.98,74.04,72.47,70.83,69.2,98.62,79.78,60.85,90.88,19.79,71.42,88.55,10.71,79.78,70.54,18.53,34.06,6.93,9.24,13.1
2021-01-22,94.78,95.05,95.55,94.09,9.24,1.54,0.7663,0.72,1272232.0,120928832.18,92.06,89.22,88.47,88.73,87.73,85.71,83.67,83.17,82.23,80.68,89.35,89.06,87.28,83.96,81.53,78.45,75.4,74.54,72.95,71.3,69.6,98.88,79.92,61.06,91.3,19.85,71.42,88.55,10.71,79.92,70.99,18.93,33.9,6.38,8.93,12.58
2021-01-25,96.03,94.97,96.48,93.38,9.4,3.26,1.1528,1.08,1927320.0,183037580.4,93.69,89.71,88.67,88.87,87.98,86.01,83.87,83.32,82.41,80.84,89.35,89.06,87.28,83.96,81.53,78.45,75.4,74.54,72.95,71.3,69.6,98.31,80.11,61.06,91.94,20.18,71.42,88.77,10.83,80.11,70.99,18.55,33.78,6.29,9.12,12.85
2021-01-26,94.44,95.86,96.25,94.21,7.06,2.15,0.7895,0.69,1313139.0,125880130.82,94.96,90.34,88.9,89.06,88.31,86.31,84.09,83.46,82.6,80.99,89.35,89.06,87.28,83.96,81.53,78.45,75.4,74.54,72.95,71.3,69.6,99.52,80.25,61.27,93.63,20.89,71.42,88.77,10.83,80.25,70.99,19.45,35.04,7.29,9.26,13.04
2021-01-27,94.13,91.54,94.5,90.45,-2.97,4.22,1.6401,1.52,2748292.0,251577275.53,94.4,90.64,88.98,89.14,88.53,86.54,84.28,83.55,82.75,81.11,89.35,89.06,87.28,83.96,81.53,78.45,75.4,74.54,72.95,71.3,69.6,92.87,80.47,61.49,93.63,20.72,71.64,88.98,10.8,80.47,70.99,13.76,28.95,2.45,9.48,13.35
2021-01-28,92.2,93.16,94.94,92.13,-1.49,3.07,1.0858,0.95,1773138.0,165177556.96,94.12,91.06,89.16,89.27,88.73,86.77,84.5,83.66,82.9,81.26,89.35,89.06,87.28,83.96,81.53,78.45,75.4,74.54,72.95,71.3,69.6,93.73,80.63,61.7,93.84,20.67,71.64,89.19,10.91,80.63,70.99,15.53,31.22,4.26,9.64,13.58
2021-01-29,92.31,91.79,92.86,90.51,-3.44,2.53,0.9969,0.89,1612552.0,148011310.42,93.46,91.23,89.27,89.38,88.91,86.95,84.72,83.75,83.04,81.39,90.32,89.52,88.16,84.75,82.15,79.15,75.72,74.95,73.38,71.74,69.97,91.71,80.76,61.7,93.84,20.67,71.64,89.4,11.03,80.76,71.55,13.65,28.28,1.62,9.21,12.87
2021-02-01,92.68,95.07,96.12,92.55,0.1,3.89,0.991,0.85,1602182.0,152315437.28,93.48,91.54,89.5,89.53,89.12,87.17,84.97,83.88,83.21,81.57,90.32,89.52,88.16,84.75,82.15,79.15,75.72,74.95,73.38,71.74,69.97,97.38,80.93,61.91,94.26,20.72,71.64,89.82,11.26,80.93,71.55,17.47,32.87,5.26,9.38,13.11
2021-02-02,96.13,96.38,97.79,95.72,0.54,2.17,1.4255,1.26,2273723.0,219131190.99,93.58,92.08,89.8,89.7,89.27,87.41,85.25,84.0,83.39,81.75,90.32,89.52,88.16,84.75,82.15,79.15,75.72,74.95,73.38,71.74,69.97,98.73,81.18,62.12,94.69,20.77,71.64,90.25,11.5,81.18,71.55,18.72,34.7,6.7,9.63,13.46
2021-02-03,103.65,103.5,105.82,100.92,13.07,5.09,2.5277,2.06,4118170.0,426245008.6,95.98,93.15,90.36,90.01,89.52,87.75,85.61,84.16,83.63,81.97,90.32,89.52,88.16,84.75,82.15,79.15,75.72,74.95,73.38,71.74,69.97,98.66,81.8,62.54,95.74,20.98,71.85,91.3,11.92,81.8,71.55,26.53,44.66,14.6,10.25,14.33
2021-02-04,103.44,103.12,103.93,102.13,10.7,1.74,1.1347,0.81,1852329.0,191009387.99,97.97,94.18,90.9,90.35,89.77,88.08,85.95,84.37,83.86,82.17,90.32,89.52,88.16,84.75,82.15,79.15,75.72,74.95,73.38,71.74,69.97,97.59,82.07,62.54,96.38,21.29,71.85,91.51,12.04,82.07,71.55,25.65,44.12,14.17,10.52,14.7
2021-02-05,103.5,104.9,105.13,102.97,14.29,2.09,0.9475,0.67,1535135.0,161035661.5,100.59,95.37,91.53,90.68,90.05,88.45,86.3,84.61,84.1,82.39,93.78,91.05,89.68,86.34,83.08,80.12,76.33,75.57,74.02,72.27,70.49,99.75,82.3,62.75,97.44,21.65,71.85,91.94,12.27,82.3,72.39,27.46,44.91,11.86,9.91,13.69
2021-02-08,105.3,104.65,106.18,103.6,10.07,2.46,0.778,0.55,1242411.0,130012720.3,102.51,96.56,92.13,90.97,90.35,88.81,86.65,84.87,84.34,82.58,93.78,91.05,89.68,86.34,83.08,80.12,76.33,75.57,74.02,72.27,70.49,99.02,82.49,62.75,102.51,24.06,71.85,92.36,12.49,82.49,72.39,26.86,44.56,11.58,10.1,13.95
2021-02-09,103.93,104.18,105.26,103.93,8.09,1.27,0.5594,0.4,889850.0,92700568.68,104.07,97.54,92.7,91.26,90.62,89.14,86.99,85.12,84.56,82.78,93.78,91.05,89.68,86.34,83.08,80.12,76.33,75.57,74.02,72.27,70.49,97.28,82.63,62.75,102.93,24.25,72.06,92.78,12.57,82.63,72.39,26.07,43.91,11.08,10.24,14.15
2021-02-10,104.71,104.77,105.42,103.15,1.22,2.17,0.7146,0.59,1135464.0,118961427.82,104.32,98.23,93.23,91.56,90.91,89.46,87.33,85.39,84.79,82.98,93.78,91.05,89.68,86.34,83.08,80.12,76.33,75.57,74.02,72.27,70.49,98.67,82.8,62.97,103.36,24.28,72.06,93.21,12.8,82.8,72.39,26.53,44.73,11.72,10.41,14.38
2021-02-11,104.98,104.79,105.1,103.87,1.63,1.18,0.5987,0.71,945650.0,99098918.92,104.66,98.91,93.8,91.86,91.17,89.76,87.68,85.67,85.0,83.18,93.78,91.05,89.68,86.34,83.08,80.12,76.33,75.57,74.02,72.27,70.49,98.45,82.95,62.97,103.57,24.38,72.06,93.42,12.91,82.95,72.39,26.33,44.76,11.74,10.56,14.59
2021-02-12,104.51,105.21,105.44,104.16,0.29,1.23,0.5441,0.74,855865.0,90041705.26,104.72,99.59,94.4,92.18,91.44,90.1,88.02,85.94,85.22,83.37,96.75,92.43,91.29,87.99,84.06,81.02,77.09,76.2,74.65,72.84,71.03,99.5,83.08,62.97,103.78,24.48,72.06,93.84,13.13,83.08,72.85,26.63,44.41,8.74,10.23,14.04
2021-02-16,105.22,106.1,107.63,105.22,1.39,2.3,0.7209,1.12,1133838.0,120294542.61,105.01,100.33,95.02,92.55,91.74,90.45,88.4,86.22,85.44,83.57,96.75,92.43,91.29,87.99,84.06,81.02,77.09,76.2,74.65,72.84,71.03,99.44,83.27,62.97,104.2,24.67,72.06,94.26,13.35,83.27,72.85,27.41,45.63,9.66,10.42,14.3
2021-02-17,105.0,106.42,106.68,104.95,2.15,1.64,0.6816,1.08,1070941.0,113964721.99,105.46,101.04,95.69,92.95,92.05,90.86,88.77,86.51,85.66,83.77,96.75,92.43,91.29,87.99,84.06,81.02,77.09,76.2,74.65,72.84,71.03,99.59,83.44,63.18,104.41,24.61,72.06,94.48,13.46,83.44,72.85,27.54,46.07,9.99,10.59,14.54
2021-02-18,105.52,105.86,106.64,105.19,1.04,1.36,0.715,1.09,1121855.0,118759570.3,105.67,101.99,96.31,93.32,92.35,91.22,89.12,86.81,85.85,83.97,96.75,92.43,91.29,87.99,84.06,81.02,77.09,76.2,74.65,72.84,71.03,98.3,83.63,63.18,104.63,24.7,72.06,94.69,13.57,83.63,72.85,26.58,45.31,9.42,10.78,14.8
2021-02-19,105.96,105.06,106.53,104.87,0.25,1.56,0.9375,1.42,1457612.0,153132343.88,105.73,102.78,96.92,93.7,92.65,91.54,89.44,87.11,86.05,84.17,100.4,94.03,92.42,89.6,85.04,81.93,77.9,76.83,75.26,73.41,71.58,96.49,83.87,63.18,104.84,24.8,72.27,94.9,13.54,83.87,73.3,25.26,43.32,4.64,10.57,14.42
2021-02-22,103.35,103.24,104.57,103.11,-1.86,1.39,0.8871,1.21,1367533.0,141189577.05,105.33,103.55,97.39,94.03,92.92,91.84,89.72,87.41,86.22,84.35,100.4,94.03,92.42,89.6,85.04,81.93,77.9,76.83,75.26,73.41,71.58,89.85,84.08,63.18,104.84,24.8,72.48,95.32,13.61,84.08,73.3,22.79,40.85,2.83,10.78,14.71
2021-02-23,101.25,103.54,104.1,100.1,-2.41,3.87,1.0806,1.36,1667377.0,172645216.71,104.82,104.11,97.83,94.37,93.18,92.12,90.0,87.7,86.4,84.52,100.4,94.03,92.42,89.6,85.04,81.93,77.9,76.83,75.26,73.41,71.58,90.44,84.31,63.39,104.84,24.64,72.69,95.74,13.68,84.31,73.3,22.81,41.26,3.13,11.01,15.02
2021-02-24,102.09,104.76,105.04,101.91,-1.56,3.03,0.8073,0.93,1248349.0,130775168.72,104.49,104.67,98.37,94.76,93.44,92.35,90.29,88.03,86.59,84.7,100.4,94.03,92.42,89.6,85.04,81.93,77.9,76.83,75.26,73.41,71.58,94.84,84.51,63.39,104.84,24.64,72.69,96.38,14.01,84.51,73.3,23.96,42.92,4.34,11.21,15.29
2021-02-25,103.37,101.57,104.74,101.06,-4.05,3.51,1.1705,1.33,1828432.0,185710181.38,103.63,104.54,98.85,95.09,93.64,92.53,90.55,88.31,86.71,84.85,100.4,94.03,92.42,89.6,85.04,81.93,77.9,76.83,75.26,73.41,71.58,85.36,84.78,63.39,104.84,24.64,72.91,101.03,16.17,84.78,73.3,19.8,38.56,1.16,11.48,15.66
2021-02-26,102.53,101.84,103.55,100.8,-3.06,2.71,1.3303,1.38,2083801.0,212220545.24,102.99,104.46,99.32,95.42,93.87,92.71,90.81,88.59,86.88,85.03,101.76,95.56,93.29,90.9,85.96,82.71,78.71,77.39,75.81,73.95,72.12,84.83,85.05,63.6,104.84,24.48,72.91,101.88,16.58,85.05,74.0,19.74,37.63,0.08,11.05,14.93
2021-03-01,102.83,104.08,104.33,102.3,0.81,1.98,0.9002,0.86,1405115.0,146238046.18,103.16,104.4,99.89,95.82,94.11,92.92,91.11,88.89,87.08,85.22,101.76,95.56,93.29,90.9,85.96,82.71,78.71,77.39,75.81,73.95,72.12,92.19,85.26,63.6,104.63,24.39,73.12,102.3,16.64,85.26,74.0,22.07,40.64,2.28,11.26,15.22
2021-03-02,103.81,103.79,105.22,103.56,0.24,1.59,0.7276,0.69,1134595.0,117761884.24,103.21,104.35,100.45,96.2,94.32,93.15,91.4,89.18,87.31,85.4,101.76,95.56,93.29,90.9,85.96,82.71,78.71,77.39,75.81,73.95,72.12,90.75,85.42,63.6,104.84,24.48,73.12,102.51,16.74,85.42,74.0,21.51,40.26,2.0,11.42,15.43
2021-03-03,103.36,101.34,104.43,100.5,-3.27,3.78,0.9492,0.96,1484181.0,150400223.73,102.52,104.16,100.85,96.52,94.48,93.33,91.64,89.44,87.5,85.57,101.76,95.56,93.29,90.9,85.96,82.71,78.71,77.39,75.81,73.95,72.12,81.88,85.62,63.6,104.63,24.39,73.12,102.51,16.74,85.62,74.0,18.35,36.94,-0.42,11.62,15.7
2021-03-04,101.17,102.45,104.46,101.01,0.87,3.4,1.3439,1.33,2118006.0,216999245.73,102.7,104.0,101.12,96.82,94.67,93.53,91.88,89.71,87.72,85.75,101.76,95.56,93.29,90.9,85.96,82.71,78.71,77.39,75.81,73.95,72.12,83.87,85.9,63.81,104.63,24.23,73.33,102.72,16.7,85.9,74.0,19.27,38.45,0.68,11.9,16.08
2021-03-05,103.66,105.43,105.91,102.32,3.52,3.5,1.3801,1.33,2195218.0,231435248.09,103.42,104.04,101.48,97.21,94.91,93.75,92.14,90.02,87.96,85.94,104.49,97.4,94.51,92.24,86.99,83.56,79.75,77.96,76.41,74.54,72.69,97.12,86.23,64.23,104.84,24.02,73.33,102.93,16.8,86.23,74.69,22.26,41.15,0.9,11.54,15.45
2021-03-08,105.06,101.21,106.44,101.08,-2.75,5.08,1.0298,0.99,1647429.0,166733817.95,102.84,103.78,101.68,97.53,95.08,93.91,92.38,90.27,88.17,86.12,104.49,97.4,94.51,92.24,86.99,83.56,79.75,77.96,76.41,74.54,72.69,78.19,86.45,66.14,104.84,22.63,73.54,103.15,16.76,86.45,74.69,17.07,35.5,-3.14,11.76,15.75
2021-03-09,103.5,102.64,103.9,102.39,-1.11,1.49,1.0589,0.99,1697306.0,174203001.31,102.61,103.55,101.94,97.86,95.3,94.1,92.63,90.56,88.39,86.31,104.49,97.4,94.51,92.24,86.99,83.56,79.75,77.96,76.41,74.54,72.69,82.15,86.67,66.77,104.84,22.18,73.54,103.15,16.76,86.67,74.69,18.42,37.41,-1.77,11.98,16.04
2021-03-10,103.59,102.75,103.75,101.67,1.4,2.03,0.7922,0.69,1268592.0,130349730.89,102.9,103.3,102.17,98.23,95.54,94.3,92.93,90.84,88.61,86.51,104.49,97.4,94.51,92.24,86.99,83.56,79.75,77.96,76.41,74.54,72.69,83.13,86.87,67.2,104.84,21.88,73.54,103.15,16.76,86.87,74.69,18.28,37.57,-1.66,12.18,16.31
2021-03-11,103.7,105.74,106.28,103.62,3.21,2.59,0.7736,0.69,1239080.0,131018460.58,103.55,103.3,102.64,98.64,95.81,94.54,93.24,91.14,88.87,86.73,104.49,97.4,94.51,92.24,86.99,83.56,79.75,77.96,76.41,74.54,72.69,98.17,87.08,67.62,105.05,21.68,73.75,103.15,16.62,87.08,74.69,21.43,41.57,1.2,12.39,16.59
2021-03-12,104.25,103.1,104.51,102.38,-2.21,2.02,1.0761,1.07,1725794.0,177922458.22,103.09,103.16,102.97,99.0,96.07,94.75,93.48,91.4,89.12,86.91,104.13,98.95,95.41,93.29,87.91,84.34,80.7,78.44,76.95,75.09,73.21,83.05,87.34,68.04,104.84,21.28,73.75,103.36,16.72,87.34,75.3,18.04,36.91,-0.99,12.04,15.99
2021-03-15,103.12,103.32,103.35,102.18,2.09,1.14,0.8111,0.86,1298325.0,134148781.46,103.51,103.17,103.36,99.31,96.31,94.97,93.73,91.64,89.38,87.1,104.13,98.95,95.41,93.29,87.91,84.34,80.7,78.44,76.95,75.09,73.21,84.75,87.54,68.46,104.84,20.99,73.96,103.36,16.58,87.54,75.3,18.03,37.22,-0.77,12.24,16.25
2021-03-16,103.95,104.63,106.18,103.5,1.94,2.59,0.932,1.03,1491564.0,156056375.06,103.91,103.24,103.68,99.63,96.59,95.19,93.97,91.89,89.64,87.3,104.13,98.95,95.41,93.29,87.91,84.34,80.7,78.44,76.95,75.09,73.21,92.15,87.79,68.89,105.05,20.79,73.96,103.36,16.58,87.79,75.3,19.18,38.95,0.48,12.49,16.59
2021-03-17,103.8,104.55,105.49,102.7,1.75,2.67,0.8145,0.92,1299016.0,135817318.86,104.27,103.23,103.95,99.99,96.87,95.4,94.16,92.14,89.93,87.51,104.13,98.95,95.41,93.29,87.91,84.34,80.7,78.44,76.95,75.09,73.21,91.88,87.99,69.31,105.05,20.5,74.17,103.57,16.54,87.99,75.3,18.82,38.85,0.41,12.69,16.85
2021-03-18,103.05,101.81,103.78,101.68,-3.71,2.01,0.8786,0.97,1362430.0,138710360.73,103.48,103.24,103.89,100.31,97.13,95.56,94.31,92.36,90.18,87.68,104.13,98.95,95.41,93.29,87.91,84.34,80.7,78.44,76.95,75.09,73.21,73.46,88.19,69.52,105.05,20.35,74.17,103.57,16.54,88.19,75.3,15.45,35.21,-2.22,12.89,17.12
2021-03-19,102.1,102.16,102.66,100.88,-0.91,1.74,1.4851,1.61,2314893.0,236489468.88,103.3,103.27,103.86,100.63,97.38,95.75,94.47,92.59,90.43,87.86,103.52,100.13,96.12,94.35,88.68,85.13,81.65,78.92,77.45,75.61,73.75,75.26,88.48,69.94,105.05,20.06,74.39,103.36,16.3,88.48,75.91,15.46,34.58,-1.31,12.57,16.56
2021-03-22,102.09,101.93,102.9,101.3,-1.35,1.56,1.2406,1.26,1954816.0,199253417.47,103.02,103.12,103.76,100.97,97.64,95.91,94.62,92.83,90.67,88.03,103.52,100.13,96.12,94.35,88.68,85.13,81.65,78.92,77.45,75.61,73.75,73.55,88.72,70.16,105.05,19.92,74.6,103.36,16.16,88.72,75.91,14.89,34.28,-1.53,12.81,16.88
2021-03-23,102.58,102.65,103.62,101.96,-1.89,1.62,0.8645,0.81,1366997.0,140319508.06,102.62,103.05,103.7,101.32,97.91,96.06,94.8,93.06,90.91,88.21,103.52,100.13,96.12,94.35,88.68,85.13,81.65,78.92,77.45,75.61,73.75,77.81,88.92,70.37,105.05,19.77,74.6,103.36,16.16,88.92,75.91,15.44,35.22,-0.84,13.01,17.14
2021-03-24,103.27,102.25,103.91,102.08,-2.2,1.79,0.7237,0.7,1154029.0,118002927.34,102.16,103.11,103.63,101.6,98.17,96.21,94.96,93.28,91.15,88.37,103.52,100.13,96.12,94.35,88.68,85.13,81.65,78.92,77.45,75.61,73.75,73.79,89.08,70.58,105.05,19.63,74.81,103.36,16.02,89.08,75.91,14.79,34.7,-1.22,13.17,17.35
2021-03-25,102.24,102.22,102.94,100.54,0.4,2.35,0.8895,0.87,1418907.0,145037835.73,102.24,103.09,103.55,101.78,98.39,96.35,95.12,93.48,91.38,88.54,103.52,100.13,96.12,94.35,88.68,85.13,81.65,78.92,77.45,75.61,73.75,73.69,89.25,70.79,105.05,19.48,74.81,103.36,16.02,89.25,75.91,14.53,34.66,-1.25,13.34,17.57
2021-03-26,101.94,101.78,102.55,100.7,-0.37,1.81,0.9346,0.91,1493800.0,152035229.5,102.17,102.85,103.45,101.94,98.62,96.5,95.27,93.67,91.62,88.69,102.86,101.63,96.97,95.03,89.33,85.88,82.47,79.42,77.98,76.11,74.25,70.15,89.42,70.79,104.84,19.39,75.02,103.36,15.89,89.42,76.46,13.82,33.11,-1.05,12.96,16.95
2021-03-29,101.39,102.8,102.92,100.78,0.85,2.1,0.77,0.83,1229777.0,126418001.16,102.34,102.95,103.37,102.11,98.89,96.65,95.42,93.89,91.86,88.85,102.86,101.63,96.97,95.03,89.33,85.88,82.47,79.42,77.98,76.11,74.25,80.08,89.56,71.0,104.84,19.24,75.02,103.36,15.89,89.56,76.46,14.78,34.45,-0.06,13.1,17.13
2021-03-30,102.88,102.78,103.54,102.2,0.13,1.3,0.649,0.78,1036774.0,106556521.4,102.36,102.96,103.26,102.28,99.14,96.84,95.58,94.11,92.11,89.01,102.86,101.63,96.97,95.03,89.33,85.88,82.47,79.42,77.98,76.11,74.25,79.85,89.7,71.0,104.84,19.24,75.02,103.36,15.89,89.7,76.46,14.58,34.42,-0.08,13.24,17.32
2021-03-31,102.96,103.43,104.67,102.84,1.15,1.78,0.9181,1.15,1459930.0,151002749.79,102.6,103.01,103.16,102.45,99.42,97.03,95.76,94.37,92.36,89.16,102.86,101.63,96.97,95.03,89.33,85.88,82.47,79.42,77.98,76.11,74.25,85.3,89.87,71.0,104.84,19.24,75.23,103.36,15.75,89.87,76.46,15.09,35.28,0.55,13.41,17.54
2021-04-01,104.9,106.89,107.15,104.84,4.57,2.23,1.0623,1.28,1698978.0,181599510.98,103.53,103.09,103.19,102.79,99.75,97.27,95.96,94.64,92.64,89.32,102.86,101.63,96.97,95.03,89.33,85.88,82.47,79.42,77.98,76.11,74.25,99.74,90.1,71.21,105.05,19.2,75.23,103.57,15.85,90.1,76.46,18.63,39.8,3.91,13.64,17.84
2021-04-05,107.65,111.28,111.87,107.58,9.33,4.01,1.3598,1.56,2164875.0,240901877.81,105.43,103.63,103.4,103.19,100.16,97.58,96.23,94.93,92.93,89.52,103.87,102.81,98.33,95.94,90.25,86.85,83.33,79.97,78.58,76.68,74.8,99.8,90.43,71.21,105.47,19.39,75.44,103.78,15.81,90.43,76.88,23.05,44.74,7.13,13.55,17.62
2021-04-06,111.12,111.24,111.88,110.74,8.21,1.03,0.858,0.89,1353036.0,150508342.05,107.12,104.16,103.66,103.63,100.53,97.88,96.5,95.22,93.2,89.71,103.87,102.81,98.33,95.94,90.25,86.85,83.33,79.97,78.58,76.68,74.8,99.35,90.66,71.42,105.68,19.34,75.44,103.78,15.81,90.66,76.88,22.7,44.69,7.09,13.78,17.92
2021-04-07,111.31,112.48,112.75,111.27,9.44,1.33,0.8246,0.84,1289861.0,145088724.72,109.06,104.68,103.96,104.01,100.89,98.21,96.77,95.5,93.49,89.92,103.87,102.81,98.33,95.94,90.25,86.85,83.33,79.97,78.58,76.68,74.8,99.92,90.89,71.42,106.11,19.54,75.65,103.99,15.77,90.89,76.88,23.76,46.31,8.29,14.01,18.22
2021-04-08,113.9,113.27,114.2,112.88,9.51,1.17,0.867,0.85,1358259.0,153852713.45,111.03,105.26,104.25,104.39,101.31,98.55,97.05,95.75,93.78,90.12,103.87,102.81,98.33,95.94,90.25,86.85,83.33,79.97,78.58,76.68,74.8,99.2,91.13,71.42,106.53,19.73,75.65,104.2,15.87,91.13,76.88,24.3,47.34,9.05,14.25,18.54
2021-04-09,112.84,114.29,114.45,112.69,6.93,1.56,0.6688,0.66,1044365.0,119364653.31,112.51,106.1,104.67,104.63,101.76,98.92,97.32,96.0,94.08,90.3,105.64,105.06,100.15,97.29,91.52,87.88,84.33,80.61,79.25,77.34,75.44,99.89,91.32,71.42,107.16,20.01,75.87,104.2,15.74,91.32,77.58,25.16,47.32,8.19,13.74,17.71
2021-04-12,113.31,112.74,113.77,111.92,1.31,1.61,0.9978,1.09,1565851.0,176533258.81,112.81,106.8,105.03,104.84,102.18,99.27,97.59,96.23,94.36,90.51,105.64,105.06,100.15,97.29,91.52,87.88,84.33,80.61,79.25,77.34,75.44,97.75,91.59,71.64,110.97,21.54,75.87,104.41,15.84,91.59,77.58,23.09,45.32,6.72,14.01,18.06
2021-04-13,113.07,113.36,113.86,112.8,1.91,0.94,0.743,0.88,1165804.0,132159621.75,113.23,107.56,105.34,105.03,102.62,99.63,97.85,96.47,94.67,90.73,105.64,105.06,100.15,97.29,91.52,87.88,84.33,80.61,79.25,77.34,75.44,98.52,91.79,71.64,111.39,21.72,75.87,104.41,15.84,91.79,77.58,23.5,46.12,7.31,14.21,18.32
2021-04-14,113.76,112.74,113.9,112.46,0.23,1.27,0.6466,0.79,1010967.0,113978441.51,113.28,108.24,105.64,105.21,103.05,99.98,98.09,96.72,94.96,90.97,105.64,105.06,100.15,97.29,91.52,87.88,84.33,80.61,79.25,77.34,75.44,96.4,91.97,71.64,111.82,21.9,76.08,104.63,15.8,91.97,77.58,22.59,45.32,6.72,14.39,18.55
2021-04-15,113.85,114.83,115.33,113.3,1.38,1.8,0.8819,1.12,1373612.0,157735986.8,113.59,109.08,106.09,105.45,103.47,100.35,98.35,96.98,95.25,91.22,105.64,105.06,100.15,97.29,91.52,87.88,84.33,80.61,79.25,77.34,75.44,99.81,92.22,71.64,112.45,22.17,76.08,104.84,15.9,92.22,77.58,24.52,48.02,8.7,14.64,18.87
2021-04-16,115.15,114.89,115.32,114.22,0.52,0.96,0.7363,0.92,1130090.0,129833779.92,113.71,109.92,106.51,105.67,103.81,100.7,98.61,97.24,95.54,91.48,108.0,106.06,101.97,98.56,92.92,88.82,85.31,81.29,79.93,78.02,76.02,99.48,92.42,71.85,112.87,22.21,76.29,104.84,15.76,92.42,78.23,24.31,46.86,6.38,14.19,18.14
2021-04-19,114.6,115.12,115.92,114.39,2.11,1.33,0.8116,0.99,1234445.0,142109308.4,114.19,110.81,106.83,105.9,104.15,101.06,98.88,97.49,95.81,91.74,108.0,106.06,101.97,98.56,92.92,88.82,85.31,81.29,79.93,78.02,76.02,99.36,92.65,71.85,113.3,22.39,76.29,105.05,15.86,92.65,78.23,24.25,47.16,6.59,14.42,18.43
2021-04-20,115.39,114.68,115.48,113.59,1.16,1.65,0.7172,0.92,1088749.0,124859368.44,114.45,111.6,107.28,106.11,104.48,101.43,99.15,97.73,96.11,91.99,108.0,106.06,101.97,98.56,92.92,88.82,85.31,81.29,79.93,78.02,76.02,97.86,92.85,71.85,113.3,22.39,76.5,105.26,15.82,92.85,78.23,23.51,46.6,6.19,14.62,18.69
2021-04-21,114.26,114.66,114.77,112.93,1.71,1.6,0.7947,1.02,1196731.0,137222561.75,114.84,112.39,107.68,106.3,104.81,101.79,99.43,97.98,96.39,92.25,108.0,106.06,101.97,98.56,92.92,88.82,85.31,81.29,79.93,78.02,76.02,97.88,93.06,71.85,113.51,22.48,76.5,105.47,15.92,93.06,78.23,23.22,46.57,6.17,14.83,18.96
2021-04-22,114.66,113.4,115.19,112.82,-1.25,2.06,0.7025,0.88,1054808.0,119611007.97,114.55,113.06,108.03,106.46,105.1,102.15,99.7,98.23,96.71,92.49,108.0,106.06,101.97,98.56,92.92,88.82,85.31,81.29,79.93,78.02,76.02,93.71,93.24,72.06,113.72,22.42,76.71,105.68,15.88,93.24,78.23,21.62,44.95,4.99,15.01,19.19
2021-04-23,114.17,115.76,116.29,113.91,0.76,2.1,0.9699,1.26,1435162.0,166141528.93,114.73,113.65,108.37,106.68,105.51,102.53,100.0,98.49,97.02,92.77,110.72,107.12,103.66,99.77,94.37,89.82,86.24,82.1,80.62,78.71,76.65,99.71,93.5,72.06,114.14,22.6,76.71,105.9,15.98,93.5,78.88,23.81,46.76,4.55,14.62,18.53
2021-04-26,116.0,116.34,117.06,115.69,1.06,1.18,0.7098,0.87,1041650.0,121182436.05,114.97,113.99,108.81,106.93,105.89,102.93,100.31,98.77,97.31,93.06,110.72,107.12,103.66,99.77,94.37,89.82,86.24,82.1,80.62,78.71,76.65,99.62,93.72,72.06,114.35,22.69,76.92,106.11,15.94,93.72,78.88,24.13,47.49,5.07,14.84,18.81
2021-04-27,116.8,115.36,116.87,115.21,0.59,1.43,1.0895,1.37,1598583.0,184406140.55,115.1,114.26,109.21,107.2,106.28,103.27,100.61,99.04,97.6,93.35,110.72,107.12,103.66,99.77,94.37,89.82,86.24,82.1,80.62,78.71,76.65,97.15,94.03,72.27,114.57,22.64,76.92,106.95,16.33,94.03,78.88,22.68,46.24,4.18,15.15,19.21
2021-04-28,120.36,119.0,122.62,118.74,3.78,3.36,2.0039,2.36,2986439.0,355372802.02,115.97,114.7,109.69,107.54,106.68,103.65,100.96,99.33,97.9,93.65,110.72,107.12,103.66,99.77,94.37,89.82,86.24,82.1,80.62,78.71,76.65,97.84,94.63,72.48,115.41,22.85,77.13,111.39,18.17,94.63,78.88,25.75,50.86,7.47,15.75,19.97
2021-04-29,120.52,121.49,121.83,120.11,7.14,1.44,1.3315,1.22,1977677.0,240276878.28,117.59,115.24,110.25,107.91,107.1,104.1,101.33,99.65,98.18,93.99,110.72,107.12,103.66,99.77,94.37,89.82,86.24,82.1,80.62,78.71,76.65,99.4,95.05,72.69,115.83,22.88,77.35,112.45,18.5,95.05,78.88,27.82,54.02,9.73,16.17,20.5
2021-04-30,120.22,120.51,121.36,120.11,4.1,1.03,1.3504,1.08,1957130.0,235845907.78,118.54,115.66,110.88,108.33,107.39,104.54,101.71,99.94,98.45,94.32,114.47,108.66,105.91,101.35,95.95,90.95,87.27,83.03,81.38,79.44,77.33,97.26,95.45,72.69,119.01,24.16,77.56,113.09,18.64,95.45,80.04,26.25,50.56,5.27,15.41,19.25
2021-05-03,120.14,119.76,120.98,119.22,2.94,1.46,1.1678,0.88,1689389.0,202318692.56,119.22,116.13,111.46,108.73,107.66,104.97,102.08,100.24,98.72,94.64,114.47,108.66,105.91,101.35,95.95,90.95,87.27,83.03,81.38,79.44,77.33,94.93,95.78,72.69,119.85,24.49,77.56,113.3,18.73,95.78,80.04,25.03,49.62,4.62,15.74,19.67
2021-05-04,118.49,117.71,118.96,115.58,2.04,2.82,1.2108,0.86,1756015.0,206704915.69,119.69,116.42,111.99,109.03,107.88,105.38,102.43,100.51,98.96,94.93,114.47,108.66,105.91,101.35,95.95,90.95,87.27,83.03,81.38,79.44,77.33,93.21,96.09,72.91,119.85,24.36,77.77,113.72,18.77,96.09,80.04,22.5,47.07,2.83,16.05,20.05
2021-05-05,118.42,117.84,119.11,117.57,-0.97,1.31,0.7531,0.53,1090275.0,128474735.18,119.46,116.76,112.5,109.35,108.1,105.79,102.77,100.76,99.22,95.23,114.47,108.66,105.91,101.35,95.95,90.95,87.27,83.03,81.38,79.44,77.33,92.73,96.29,72.91,119.64,24.27,77.77,113.93,18.86,96.29,80.04,22.38,47.22,2.94,16.25,20.3
2021-05-06,117.53,119.07,119.14,117.12,-2.0,1.71,0.7109,0.61,1030859.0,122741803.98,118.98,117.04,113.06,109.74,108.34,106.18,103.13,101.02,99.48,95.53,114.47,108.66,105.91,101.35,95.95,90.95,87.27,83.03,81.38,79.44,77.33,94.13,96.47,72.91,119.64,24.27,77.77,114.35,19.04,96.47,80.04,23.42,48.76,4.02,16.43,20.53
2021-05-07,120.0,119.93,120.82,119.5,-0.47,1.11,0.8024,0.77,1163892.0,139590805.07,118.86,117.38,113.65,110.13,108.6,106.52,103.48,101.29,99.75,95.83,117.08,110.47,107.57,103.01,97.43,92.09,88.26,84.01,82.12,80.15,78.0,95.0,96.7,72.91,120.06,24.44,77.98,114.57,19.0,96.7,80.84,24.03,48.36,2.44,15.86,19.62
2021-05-10,118.74,117.08,118.9,116.74,-2.23,1.8,0.8927,0.97,1300271.0,152239629.49,118.33,117.51,114.16,110.39,108.8,106.82,103.8,101.54,99.99,96.13,117.08,110.47,107.57,103.01,97.43,92.09,88.26,84.01,82.12,80.15,78.0,89.68,96.92,73.12,119.85,24.22,77.98,114.78,19.09,96.92,80.84,20.8,44.83,0.0,16.08,19.89
2021-05-11,114.59,115.44,116.1,114.15,-1.93,1.67,1.093,1.27,1605548.0,185341250.02,117.87,117.56,114.58,110.7,108.97,107.1,104.12,101.78,100.21,96.4,117.08,110.47,107.57,103.01,97.43,92.09,88.26,84.01,82.12,80.15,78.0,87.06,97.16,73.12,119.85,24.22,78.19,114.99,19.05,97.16,80.84,18.81,42.8,-1.4,16.32,20.19
2021-05-12,113.09,111.95,114.27,111.5,-4.99,2.4,1.1808,1.41,1746664.0,195546021.46,116.7,117.38,114.89,110.91,109.07,107.32,104.39,101.99,100.4,96.67,117.08,110.47,107.57,103.01,97.43,92.09,88.26,84.01,82.12,80.15,78.0,76.2,97.38,73.12,119.85,24.22,78.19,114.99,19.05,97.38,80.84,14.97,38.49,-4.38,16.54,20.46
2021-05-13,113.05,113.1,113.83,112.14,-5.01,1.51,0.8988,0.97,1333508.0,150817754.54,115.5,117.36,115.21,111.14,109.18,107.55,104.68,102.22,100.62,96.93,117.08,110.47,107.57,103.01,97.43,92.09,88.26,84.01,82.12,80.15,78.0,79.06,97.55,73.12,119.85,24.22,78.4,114.78,18.83,97.55,80.84,15.94,39.9,-3.4,16.71,20.67
2021-05-14,114.59,115.81,116.06,114.17,-3.44,1.67,0.8952,0.93,1331248.0,154169168.38,114.68,117.36,115.5,111.37,109.35,107.88,105.0,102.48,100.85,97.21,117.38,111.51,109.17,104.46,98.66,93.12,89.15,85.04,82.75,80.8,78.65,87.88,97.75,73.33,119.85,24.08,78.4,114.99,18.92,97.75,81.59,18.47,41.94,-1.34,16.16,19.81
2021-05-17,115.47,116.07,116.17,114.75,-0.86,1.22,0.6709,0.68,992416.0,115190221.33,114.47,117.34,115.66,111.65,109.53,108.18,105.33,102.75,101.09,97.48,117.38,111.51,109.17,104.46,98.66,93.12,89.15,85.04,82.75,80.8,78.65,89.07,97.9,73.33,119.85,24.08,78.62,115.2,18.88,97.9,81.59,18.56,42.26,-1.12,16.31,19.99
2021-05-18,116.85,115.17,117.16,115.16,-0.23,1.72,0.5881,0.62,865119.0,99637052.91,114.42,117.33,115.8,111.92,109.73,108.49,105.62,103.0,101.33,97.72,117.38,111.51,109.17,104.46,98.66,93.12,89.15,85.04,82.75,80.8,78.65,84.14,98.03,73.33,119.85,24.08,78.62,115.2,18.88,98.03,81.59,17.49,41.16,-1.88,16.44,20.15
2021-05-19,113.22,115.44,115.84,113.18,3.11,2.31,0.663,0.77,967544.0,111688925.41,115.12,117.09,115.89,112.16,109.93,108.77,105.89,103.26,101.55,97.97,117.38,111.51,109.17,104.46,98.66,93.12,89.15,85.04,82.75,80.8,78.65,86.32,98.17,73.33,119.85,24.08,78.83,115.2,18.75,98.17,81.59,17.59,41.48,-1.66,16.58,20.32
2021-05-20,116.4,117.8,118.02,116.05,4.16,1.7,0.8171,1.09,1191593.0,140375017.57,116.06,116.85,116.04,112.45,110.15,109.05,106.22,103.55,101.8,98.23,117.38,111.51,109.17,104.46,98.66,93.12,89.15,85.04,82.75,80.8,78.65,91.63,98.36,73.33,119.85,24.08,78.83,115.41,18.84,98.36,81.59,19.77,44.39,0.36,16.77,20.55
2021-05-21,118.3,117.26,118.45,117.12,1.25,1.13,0.789,1.07,1141632.0,133862060.16,116.35,116.63,116.14,112.79,110.41,109.23,106.55,103.84,102.03,98.49,117.85,112.93,109.99,105.94,99.84,94.17,90.06,86.07,83.37,81.44,79.29,89.32,98.55,73.54,119.85,23.95,79.04,115.62,18.79,98.55,82.14,18.98,42.75,-0.51,16.41,19.98
2021-05-24,118.35,120.33,120.92,118.01,3.67,2.49,0.7429,1.03,1062189.0,127816920.03,117.2,116.67,116.4,113.2,110.72,109.46,106.92,104.16,102.29,98.77,117.85,112.93,109.99,105.94,99.84,94.17,90.06,86.07,83.37,81.44,79.29,96.55,98.74,73.54,119.85,23.95,79.25,115.62,18.67,98.74,82.14,21.87,46.5,2.1,16.6,20.21
2021-05-25,121.0,120.45,121.64,120.15,4.59,1.24,0.6623,0.9,941928.0,113458524.35,118.26,116.85,116.63,113.61,110.99,109.67,107.29,104.49,102.55,99.06,117.85,112.93,109.99,105.94,99.84,94.17,90.06,86.07,83.37,81.44,79.29,95.93,98.92,73.54,120.06,24.03,79.25,115.83,18.75,98.92,82.14,21.77,46.64,2.21,16.78,20.43
2021-05-26,120.64,121.68,122.15,120.63,5.41,1.26,0.7688,1.03,1092819.0,132970391.05,119.5,117.11,116.93,114.03,111.29,109.9,107.68,104.82,102.8,99.36,117.85,112.93,109.99,105.94,99.84,94.17,90.06,86.07,83.37,81.44,79.29,99.53,99.13,73.54,120.28,24.11,79.46,116.05,18.71,99.13,82.14,22.74,48.13,3.24,16.99,20.68
2021-05-27,121.85,120.13,122.0,120.1,1.97,1.56,1.3631,1.79,1948113.0,234018048.18,119.97,117.18,117.11,114.43,111.6,110.11,108.02,105.14,103.04,99.62,117.85,112.93,109.99,105.94,99.84,94.17,90.06,86.07,83.37,81.44,79.29,92.85,99.47,73.75,120.49,24.06,79.67,116.68,18.85,99.47,82.14,20.77,46.24,1.93,17.33,21.1
2021-05-28,121.1,120.58,121.41,120.38,2.83,0.85,0.8525,0.97,1205382.0,145342550.8,120.63,117.22,117.3,114.84,111.9,110.32,108.31,105.44,103.28,99.89,118.82,114.77,111.02,107.45,101.16,95.2,91.05,87.17,84.04,82.12,79.96,94.69,99.68,73.75,120.7,24.14,79.88,117.1,18.89,99.68,82.88,20.97,45.49,1.48,16.8,20.27
2021-06-01,121.1,121.49,121.9,120.24,0.96,1.37,0.6878,0.77,958289.0,116423009.75,120.86,117.51,117.51,115.28,112.17,110.54,108.61,105.76,103.54,100.15,118.82,114.77,111.02,107.45,101.16,95.2,91.05,87.17,84.04,82.12,79.96,98.64,99.86,73.75,120.7,24.14,80.1,117.31,18.85,99.86,82.88,21.66,46.59,2.25,16.98,20.49
2021-06-02,121.77,121.06,122.1,120.21,0.51,1.56,0.6217,0.7,858105.0,103885623.72,120.99,117.89,117.72,115.68,112.5,110.76,108.9,106.08,103.79,100.43,118.82,114.77,111.02,107.45,101.16,95.2,91.05,87.17,84.04,82.12,79.96,96.34,100.02,73.75,120.7,24.14,80.1,117.53,18.94,100.02,82.88,21.04,46.07,1.89,17.14,20.68
2021-06-03,119.75,120.23,120.49,119.14,-1.19,1.11,0.6709,0.76,917291.0,110286355.58,120.7,118.44,117.91,116.07,112.79,110.94,109.18,106.39,104.05,100.7,118.82,114.77,111.02,107.45,101.16,95.2,91.05,87.17,84.04,82.12,79.96,90.51,100.19,73.96,120.7,24.01,80.31,117.74,18.9,100.19,82.88,20.0,45.07,1.19,17.31,20.89
2021-06-04,121.13,122.59,122.69,120.89,2.05,1.5,0.9486,1.1,1297434.0,159049839.19,121.19,119.07,118.21,116.5,113.12,111.16,109.47,106.74,104.33,101.01,119.23,116.85,112.19,109.24,102.31,96.21,92.07,88.2,84.77,82.84,80.64,99.8,100.44,73.96,120.91,24.09,80.52,118.16,18.95,100.44,83.39,22.05,47.01,2.81,17.05,20.45
2021-06-07,122.57,123.3,123.4,122.05,2.26,1.1,0.8724,1.14,1192453.0,147034820.94,121.74,119.57,118.47,116.86,113.42,111.39,109.83,107.08,104.62,101.31,119.23,116.85,112.19,109.24,102.31,96.21,92.07,88.2,84.77,82.84,80.64,100.0,100.67,73.96,121.12,24.17,80.94,118.58,18.87,100.67,83.39,22.48,47.86,3.42,17.28,20.72
2021-06-08,124.0,124.14,124.72,123.41,2.18,1.06,0.9222,1.2,1253253.0,155581960.55,122.27,120.11,118.73,117.15,113.77,111.65,110.17,107.44,104.92,101.6,119.23,116.85,112.19,109.24,102.31,96.21,92.07,88.2,84.77,82.84,80.64,99.63,100.93,74.17,121.33,24.12,81.15,119.22,19.0,100.93,83.39,23.0,48.87,4.12,17.54,21.03
2021-06-09,124.98,124.57,125.25,124.37,2.9,0.71,0.7431,0.91,1006337.0,125359400.09,122.97,120.74,119.03,117.44,114.12,111.93,110.53,107.78,105.22,101.88,119.23,116.85,112.19,109.24,102.31,96.21,92.07,88.2,84.77,82.84,80.64,99.44,101.15,74.17,121.54,24.2,81.36,119.64,19.04,101.15,83.39,23.15,49.38,4.48,17.76,21.3
2021-06-10,124.7,126.08,126.16,124.7,4.87,1.17,1.1523,1.38,1561733.0,196903296.64,124.14,121.45,119.27,117.74,114.48,112.23,110.88,108.12,105.53,102.17,119.23,116.85,112.19,109.24,102.31,96.21,92.07,88.2,84.77,82.84,80.64,100.0,101.48,74.17,121.76,24.28,81.58,119.85,19.0,101.48,83.39,24.24,51.19,5.74,18.09,21.69
2021-06-11,126.25,125.7,126.35,124.91,2.54,1.14,0.9318,1.0,1262309.0,158667823.22,124.76,121.97,119.41,118.02,114.83,112.51,111.2,108.47,105.85,102.43,120.39,118.73,113.78,110.77,103.53,97.37,93.23,89.23,85.51,83.6,81.35,98.84,101.75,74.39,122.6,24.48,81.79,120.06,18.96,101.75,84.24,23.53,49.21,4.41,17.51,20.79
2021-06-14,125.67,126.35,126.41,125.05,2.47,1.09,0.8347,0.9,1127522.0,142464659.74,125.37,122.58,119.6,118.29,115.24,112.84,111.46,108.84,106.18,102.68,120.39,118.73,113.78,110.77,103.53,97.37,93.23,89.23,85.51,83.6,81.35,99.98,102.0,74.39,123.24,24.72,81.79,120.28,19.05,102.0,84.24,23.87,49.99,4.96,17.76,21.08
2021-06-15,126.52,126.03,126.86,125.65,1.52,0.96,0.8335,0.89,1109130.0,139786981.29,125.75,122.96,119.81,118.58,115.64,113.16,111.71,109.21,106.51,102.94,120.39,118.73,113.78,110.77,103.53,97.37,93.23,89.23,85.51,83.6,81.35,99.1,102.24,74.39,124.29,25.12,82.0,120.49,19.01,102.24,84.24,23.27,49.61,4.69,18.0,21.37
2021-06-16,126.25,125.7,126.52,124.15,0.9,1.88,0.9968,1.08,1315838.0,165396231.17,125.97,123.31,120.08,118.86,116.03,113.45,111.94,109.58,106.84,103.19,120.39,118.73,113.78,110.77,103.53,97.37,93.23,89.23,85.51,83.6,81.35,96.88,102.52,74.6,124.93,25.23,82.0,120.49,19.01,102.52,84.24,22.61,49.21,4.41,18.28,21.7
2021-06-17,125.52,126.37,127.2,125.52,0.23,1.34,0.9765,1.01,1287791.0,162739436.46,126.03,123.62,120.36,119.16,116.43,113.75,112.19,109.95,107.17,103.45,120.39,118.73,113.78,110.77,103.53,97.37,93.23,89.23,85.51,83.6,81.35,99.07,102.83,74.6,125.35,25.38,82.21,120.7,18.97,102.83,84.24,22.89,50.01,4.97,18.59,22.07
2021-06-18,125.71,125.57,126.39,124.6,-0.1,1.41,1.9832,2.18,2665310.0,334676313.42,126.0,123.98,120.58,119.4,116.82,114.08,112.42,110.3,107.49,103.7,122.34,119.86,115.12,112.46,104.82,98.61,94.28,90.25,86.22,84.33,82.07,95.18,103.34,74.81,125.56,25.33,82.63,120.91,18.81,103.34,85.28,21.51,47.24,2.64,18.06,21.18
2021-06-21,125.74,126.46,127.04,125.13,0.08,1.51,0.9781,0.87,1312826.0,166013411.83,126.02,124.38,120.8,119.66,117.22,114.4,112.66,110.6,107.81,103.96,122.34,119.86,115.12,112.46,104.82,98.61,94.28,90.25,86.22,84.33,82.07,99.3,103.61,74.81,125.77,25.41,83.06,121.12,18.64,103.61,85.28,22.05,48.28,3.37,18.33,21.49
2021-06-22,126.45,127.0,127.27,126.03,0.77,0.98,0.7861,0.68,1049310.0,133261845.34,126.22,124.74,121.13,119.92,117.64,114.68,112.91,110.91,108.13,104.22,122.34,119.86,115.12,112.46,104.82,98.61,94.28,90.25,86.22,84.33,82.07,99.68,103.84,75.02,125.98,25.36,84.75,121.33,17.75,103.84,85.28,22.3,48.92,3.81,18.56,21.76
2021-06-23,126.55,126.46,127.8,126.25,0.61,1.22,0.74,0.65,984658.0,124521327.67,126.37,125.1,121.5,120.18,118.04,115.02,113.15,111.21,108.46,104.47,122.34,119.86,115.12,112.46,104.82,98.61,94.28,90.25,86.22,84.33,82.07,97.97,104.05,75.02,125.98,25.36,85.59,121.54,17.36,104.05,85.28,21.54,48.29,3.37,18.77,22.01
2021-06-24,127.05,127.28,127.54,126.96,0.72,0.46,0.7122,0.65,946662.0,120493032.68,126.55,125.57,122.01,120.46,118.45,115.35,113.38,111.52,108.79,104.72,122.34,119.86,115.12,112.46,104.82,98.61,94.28,90.25,86.22,84.33,82.07,99.78,104.31,75.23,125.98,25.22,86.02,121.76,17.2,104.31,85.28,22.02,49.25,4.04,19.03,22.31
2021-06-25,126.96,127.0,127.5,126.44,1.14,0.83,1.2563,1.2,1674297.0,212627347.52,126.84,125.87,122.47,120.77,118.84,115.67,113.61,111.81,109.13,104.99,124.28,121.07,116.71,113.57,106.06,99.96,95.27,91.27,86.97,85.07,82.81,97.82,104.65,75.44,126.41,25.25,86.23,122.6,17.42,104.65,86.11,21.35,47.48,2.18,18.54,21.53
2021-06-28,127.0,126.82,127.34,125.97,0.29,1.07,1.0585,1.18,1405543.0,178250260.49,126.91,126.1,122.84,121.01,119.17,115.95,113.84,112.15,109.46,105.25,124.28,121.07,116.71,113.57,106.06,99.96,95.27,91.27,86.97,85.07,82.81,96.26,104.95,75.44,126.41,25.25,86.23,123.87,17.92,104.95,86.11,20.84,47.28,2.04,18.84,21.88
2021-06-29,126.77,126.02,127.0,125.44,-0.77,1.23,0.8001,0.86,1047478.0,132001606.34,126.72,126.23,123.17,121.23,119.42,116.26,114.08,112.46,109.79,105.51,124.28,121.07,116.71,113.57,106.06,99.96,95.27,91.27,86.97,85.07,82.81,92.24,105.17,75.65,126.62,25.2,86.44,124.5,18.05,105.17,86.11,19.82,46.35,1.39,19.06,22.13
2021-06-30,125.65,125.32,125.8,124.76,-0.91,0.83,0.9187,0.99,1200478.0,150439101.05,126.49,126.28,123.51,121.45,119.65,116.55,114.32,112.78,110.09,105.76,124.28,121.07,116.71,113.57,106.06,99.96,95.27,91.27,86.97,85.07,82.81,86.14,105.4,75.65,126.62,25.2,86.44,124.93,18.21,105.4,86.11,18.9,45.53,0.83,19.29,22.4
2021-07-01,124.85,126.37,126.46,124.85,-0.72,1.29,0.6589,0.68,856230.0,108200500.76,126.3,126.3,123.87,121.61,119.88,116.84,114.58,113.08,110.39,106.02,124.28,121.07,116.71,113.57,106.06,99.96,95.27,91.27,86.97,85.07,82.81,93.67,105.57,75.65,126.41,25.12,86.44,125.14,18.29,105.57,86.11,19.7,46.75,1.68,19.46,22.6
2021-07-02,126.84,128.72,128.85,126.77,1.36,1.65,0.8175,0.86,1058256.0,136217654.06,126.65,126.5,124.23,121.77,120.14,117.16,114.84,113.39,110.72,106.28,125.91,122.36,118.48,114.74,107.3,101.37,96.33,92.26,87.85,85.84,83.56,99.84,105.8,75.87,126.62,25.07,86.65,125.35,18.25,105.8,86.88,21.66,48.16,2.23,18.92,21.78
2021-07-06,129.45,129.77,129.88,128.41,2.33,1.15,0.8244,0.96,1067517.0,138532748.61,127.24,126.72,124.65,121.98,120.4,117.54,115.16,113.64,111.08,106.55,125.91,122.36,118.48,114.74,107.3,101.37,96.33,92.26,87.85,85.84,83.56,99.8,106.04,75.87,126.83,25.14,86.65,125.35,18.25,106.04,86.88,22.38,49.37,3.06,19.16,22.05
2021-07-07,130.34,130.08,130.64,129.76,3.22,0.68,0.6504,0.8,834186.0,108508829.42,128.05,126.99,124.98,122.21,120.69,117.91,115.47,113.9,111.43,106.83,125.91,122.36,118.48,114.74,107.3,101.37,96.33,92.26,87.85,85.84,83.56,99.59,106.23,75.87,126.83,25.14,86.65,125.56,18.34,106.23,86.88,22.45,49.72,3.31,19.35,22.27
2021-07-08,128.25,129.18,130.03,128.04,3.08,1.53,0.7728,0.99,988975.0,127752823.57,128.82,127.23,125.27,122.46,120.95,118.27,115.75,114.13,111.78,107.09,125.91,122.36,118.48,114.74,107.3,101.37,96.33,92.26,87.85,85.84,83.56,98.42,106.46,76.08,127.04,25.09,86.65,125.56,18.34,106.46,86.88,21.34,48.68,2.59,19.58,22.54
2021-07-09,128.94,129.57,129.85,128.94,2.54,0.7,0.5923,0.79,755466.0,97889129.22,129.46,127.44,125.53,122.72,121.23,118.63,116.03,114.36,112.14,107.35,127.31,123.27,120.34,115.97,108.65,102.78,97.41,93.27,88.77,86.61,84.31,98.38,106.64,76.08,127.25,25.17,86.86,125.77,18.3,106.64,87.43,21.51,48.2,1.78,19.21,21.97
2021-07-12,129.83,130.56,130.77,129.6,1.43,0.9,0.6691,0.9,847546.0,110658995.94,129.83,127.77,125.88,122.98,121.49,119.01,116.36,114.62,112.48,107.61,127.31,123.27,120.34,115.97,108.65,102.78,97.41,93.27,88.77,86.61,84.31,99.83,106.84,76.08,127.25,25.17,86.86,125.77,18.3,106.84,87.43,22.21,49.34,2.56,19.41,22.2
2021-07-13,130.88,130.99,132.04,130.64,0.94,1.08,0.6586,0.92,830898.0,108843068.06,130.08,128.08,126.23,123.22,121.76,119.39,116.68,114.87,112.79,107.87,127.31,123.27,120.34,115.97,108.65,102.78,97.41,93.27,88.77,86.61,84.31,99.41,107.04,76.29,128.1,25.35,86.86,125.77,18.3,107.04,87.43,22.38,49.83,2.89,19.61,22.43
2021-07-14,131.9,132.08,133.0,131.9,1.54,0.84,0.7133,1.05,895927.0,118336277.98,130.48,128.41,126.58,123.56,122.04,119.8,116.97,115.13,113.1,108.15,127.31,123.27,120.34,115.97,108.65,102.78,97.41,93.27,88.77,86.61,84.31,99.23,107.27,76.5,128.73,25.45,86.86,125.98,18.38,107.27,87.43,23.13,51.07,3.75,19.84,22.69
2021-07-15,132.5,131.27,132.6,130.6,1.62,1.51,0.6625,0.96,829316.0,108861408.71,130.9,128.74,126.92,123.91,122.32,120.18,117.31,115.37,113.4,108.42,127.31,123.27,120.34,115.97,108.65,102.78,97.41,93.27,88.77,86.61,84.31,98.29,107.47,76.5,129.37,25.68,87.07,125.98,18.26,107.47,87.43,22.14,50.14,3.11,20.04,22.92
2021-07-16,131.64,131.85,132.18,130.82,1.75,1.04,0.5972,0.89,743059.0,97968985.38,131.35,129.04,127.31,124.35,122.61,120.56,117.63,115.62,113.71,108.7,128.54,124.46,122.0,117.47,110.16,104.19,98.57,94.3,89.79,87.41,85.07,98.82,107.66,76.5,129.58,25.76,87.07,125.98,18.26,107.66,88.08,22.46,49.69,2.57,19.58,22.23
2021-07-19,131.16,129.25,131.25,128.54,-1.0,2.06,1.03,1.55,1285466.0,166151622.36,131.09,129.19,127.53,124.71,122.87,120.91,117.93,115.84,113.99,108.97,128.54,124.46,122.0,117.47,110.16,104.19,98.57,94.3,89.79,87.41,85.07,93.59,107.93,76.71,129.79,25.7,87.07,126.2,18.34,107.93,88.08,19.76,46.75,0.56,19.85,22.54
2021-07-20,130.0,131.1,132.0,129.19,0.08,2.18,0.7695,1.04,954156.0,125091282.83,131.11,129.48,127.79,125.05,123.13,121.23,118.21,116.08,114.32,109.25,128.54,124.46,122.0,117.47,110.16,104.19,98.57,94.3,89.79,87.41,85.07,97.5,108.14,76.71,130.0,25.78,87.29,126.41,18.31,108.14,88.08,21.23,48.84,1.99,20.06,22.77
2021-07-21,130.79,132.6,132.62,130.6,0.39,1.54,0.5969,0.78,737082.0,97737441.74,131.21,129.91,128.07,125.42,123.4,121.52,118.54,116.34,114.65,109.55,128.54,124.46,122.0,117.47,110.16,104.19,98.57,94.3,89.79,87.41,85.07,99.91,108.33,76.71,130.21,25.86,87.29,126.41,18.31,108.33,88.08,22.4,50.55,3.16,20.25,22.99
2021-07-22,132.65,133.33,133.5,132.4,1.57,0.83,0.5579,0.75,680407.0,90717644.7,131.63,130.45,128.36,125.82,123.7,121.81,118.87,116.63,114.99,109.85,128.54,124.46,122.0,117.47,110.16,104.19,98.57,94.3,89.79,87.41,85.07,99.84,108.51,76.92,130.43,25.8,87.29,126.41,18.31,108.51,88.08,22.87,51.37,3.73,20.43,23.19
2021-07-23,135.26,137.82,138.81,134.7,4.53,3.08,1.1066,1.5,1318887.0,181763730.79,132.82,131.21,128.75,126.32,124.01,122.15,119.24,116.95,115.35,110.18,130.99,126.66,123.57,119.09,111.86,105.66,99.83,95.4,90.99,88.24,85.89,99.65,108.88,76.92,131.06,26.03,87.29,126.62,18.39,108.88,88.91,26.58,55.01,5.21,19.97,22.46
2021-07-26,138.25,139.64,139.71,137.65,8.04,1.5,0.9784,1.16,1152623.0,160957462.52,134.9,131.94,129.22,126.8,124.31,122.5,119.63,117.28,115.71,110.53,130.99,126.66,123.57,119.09,111.86,105.66,99.83,95.4,90.99,88.24,85.89,100.0,109.24,77.13,131.48,26.05,87.5,126.83,18.35,109.24,88.91,27.83,57.06,6.61,20.33,22.87
2021-07-27,140.01,136.8,140.01,135.1,4.34,3.52,1.7857,2.18,2108153.0,288387951.86,136.04,132.41,129.57,127.24,124.59,122.8,120.02,117.62,115.99,110.86,130.99,126.66,123.57,119.09,111.86,105.66,99.83,95.4,90.99,88.24,85.89,96.98,109.81,77.35,132.54,26.3,87.5,127.25,18.51,109.81,88.91,24.58,53.86,4.43,20.9,23.51
2021-07-28,138.56,136.38,139.68,136.35,2.85,2.43,2.2825,2.28,2734417.0,372923892.09,136.79,132.83,129.91,127.59,124.86,123.12,120.4,117.95,116.26,111.19,130.99,126.66,123.57,119.09,111.86,105.66,99.83,95.4,90.99,88.24,85.89,94.09,110.54,77.56,136.77,27.63,87.71,128.95,19.03,110.54,88.91,23.38,53.39,4.12,21.63,24.33
2021-07-29,136.38,136.54,137.15,136.14,2.41,0.74,0.8138,0.6,964167.0,131647844.26,137.44,133.32,130.27,127.95,125.18,123.42,120.78,118.26,116.53,111.53,130.99,126.66,123.57,119.09,111.86,105.66,99.83,95.4,90.99,88.24,85.89,93.43,110.85,77.77,136.77,27.5,87.71,129.37,19.19,110.85,88.91,23.18,53.57,4.24,21.94,24.68
2021-07-30,135.51,135.22,135.77,134.81,-1.88,0.7,1.0094,0.72,1197725.0,161957572.22,136.92,133.7,130.57,128.25,125.47,123.72,121.14,118.56,116.78,111.85,132.64,128.46,124.92,120.69,113.45,106.99,101.02,96.46,92.13,89.0,86.67,91.91,111.17,77.77,136.77,27.5,87.92,129.58,19.15,111.17,90.35,21.63,49.66,1.95,20.82,23.04
2021-08-02,135.48,135.99,136.02,134.67,-2.62,1.0,0.8489,0.62,1007002.0,136941698.48,136.19,134.06,130.92,128.61,125.75,124.01,121.52,118.89,117.05,112.18,132.64,128.46,124.92,120.69,113.45,106.99,101.02,96.46,92.13,89.0,86.67,93.03,111.44,77.98,136.77,27.38,87.92,130.0,19.31,111.44,90.35,22.03,50.51,2.53,21.09,23.34
2021-08-03,136.0,136.28,136.34,134.18,-0.38,1.58,0.806,0.59,953200.0,129902096.0,136.08,134.41,131.24,128.95,126.02,124.29,121.9,119.21,117.31,112.49,132.64,128.46,124.92,120.69,113.45,106.99,101.02,96.46,92.13,89.0,86.67,93.23,111.7,78.19,136.77,27.25,87.92,130.43,19.47,111.7,90.35,22.01,50.84,2.75,21.35,23.63
2021-08-04,136.25,136.03,136.54,135.42,-0.26,0.82,0.7034,0.6,826357.0,112408103.17,136.01,134.67,131.54,129.28,126.34,124.57,122.28,119.5,117.57,112.81,132.64,128.46,124.92,120.69,113.45,106.99,101.02,96.46,92.13,89.0,86.67,92.61,111.93,78.19,136.77,27.25,88.13,130.64,19.43,111.93,90.35,21.53,50.56,2.56,21.58,23.88
2021-08-05,136.03,136.94,136.95,135.6,0.29,0.99,0.5126,0.6,593589.0,81286077.66,136.09,135.05,131.89,129.63,126.69,124.87,122.66,119.84,117.83,113.15,132.64,128.46,124.92,120.69,113.45,106.99,101.02,96.46,92.13,89.0,86.67,95.27,112.1,78.4,136.77,27.13,88.13,131.06,19.59,112.1,90.35,22.16,51.57,3.25,21.75,24.07
2021-08-06,136.29,137.04,137.08,136.05,1.34,0.75,0.5949,0.74,678251.0,92944804.04,136.45,135.4,132.22,130.0,127.11,125.17,123.04,120.17,118.09,113.48,134.3,130.11,126.34,122.44,115.0,108.39,102.18,97.56,93.3,89.8,87.45,95.89,112.29,78.4,136.77,27.13,88.13,131.27,19.66,112.29,91.06,22.04,50.49,2.04,21.23,23.31
2021-08-09,136.95,138.0,138.32,136.43,1.48,1.38,0.5486,0.76,618978.0,85420201.96,136.86,135.98,132.59,130.35,127.53,125.49,123.42,120.5,118.35,113.82,134.3,130.11,126.34,122.44,115.0,108.39,102.18,97.56,93.3,89.8,87.45,97.5,112.48,78.62,136.98,27.07,88.13,131.48,19.74,112.48,91.06,22.69,51.55,2.76,21.42,23.52
2021-08-10,138.08,138.1,138.55,137.23,1.33,0.96,0.7164,1.09,801954.0,110747040.56,137.22,136.45,132.96,130.67,127.9,125.79,123.77,120.81,118.62,114.16,134.3,130.11,126.34,122.44,115.0,108.39,102.18,97.56,93.3,89.8,87.45,97.8,112.71,78.62,137.19,27.14,88.34,131.91,19.78,112.71,91.06,22.52,51.65,2.83,21.65,23.78
2021-08-11,138.28,137.69,138.85,137.35,1.22,1.08,0.6817,1.08,760483.0,104710524.03,137.55,136.79,133.35,130.98,128.26,126.08,124.06,121.14,118.9,114.5,134.3,130.11,126.34,122.44,115.0,108.39,102.18,97.56,93.3,89.8,87.45,95.84,112.93,78.83,137.4,27.09,88.34,132.33,19.93,112.93,91.06,21.92,51.21,2.52,21.87,24.02
2021-08-12,137.71,138.39,138.42,136.78,1.06,1.19,0.6579,1.06,732470.0,101366157.06,137.84,137.12,133.79,131.28,128.65,126.38,124.36,121.48,119.19,114.83,134.3,130.11,126.34,122.44,115.0,108.39,102.18,97.56,93.3,89.8,87.45,98.26,113.15,79.04,137.62,27.04,88.34,132.75,20.09,113.15,91.06,22.31,51.98,3.05,22.09,24.26
2021-08-13,138.36,138.41,138.67,138.0,1.0,0.48,0.5679,0.88,629029.0,87061387.77,138.12,137.16,134.19,131.56,129.03,126.64,124.65,121.8,119.48,115.15,136.06,131.69,127.54,124.27,116.72,109.65,103.31,98.68,94.41,90.63,88.27,97.94,113.33,79.04,137.83,27.11,88.34,134.87,20.84,113.33,91.73,22.13,50.88,1.72,21.6,23.55
2021-08-16,138.0,138.92,138.99,136.17,0.66,2.04,0.8184,1.27,902542.0,125377524.47,138.3,137.11,134.53,131.85,129.38,126.87,124.94,122.13,119.76,115.49,136.06,131.69,127.54,124.27,116.72,109.65,103.31,98.68,94.41,90.63,88.27,99.27,113.6,79.46,137.83,26.86,88.55,135.29,20.88,113.6,91.73,22.29,51.44,2.1,21.87,23.84
2021-08-17,138.19,137.3,138.72,136.79,-0.58,1.39,0.9656,1.39,1063701.0,146046679.15,138.14,137.15,134.78,132.09,129.71,127.1,125.19,122.46,120.06,115.82,136.06,131.69,127.54,124.27,116.72,109.65,103.31,98.68,94.41,90.63,88.27,91.81,113.89,79.67,137.83,26.74,88.55,135.5,20.95,113.89,91.73,20.56,49.68,0.91,22.16,24.16
2021-08-18,137.12,136.57,138.29,136.42,-0.81,1.36,0.6811,0.91,746723.0,101979960.11,137.92,137.16,134.99,132.33,129.99,127.32,125.46,122.79,120.35,116.14,136.06,131.69,127.54,124.27,116.72,109.65,103.31,98.68,94.41,90.63,88.27,88.41,114.11,79.88,137.83,26.61,88.77,135.71,20.91,114.11,91.73,19.68,48.88,0.37,22.38,24.4
2021-08-19,135.47,136.91,137.45,135.36,-1.07,1.53,0.8348,1.12,914796.0,125247922.15,137.62,137.19,135.25,132.58,130.26,127.58,125.72,123.12,120.62,116.48,136.06,131.69,127.54,124.27,116.72,109.65,103.31,98.68,94.41,90.63,88.27,89.46,114.34,80.1,137.83,26.49,88.77,135.92,20.99,114.34,91.73,19.74,49.26,0.62,22.61,24.65
2021-08-20,137.08,138.44,138.61,136.47,0.02,1.57,0.7137,0.91,778337.0,107750639.27,137.63,137.4,135.55,132.85,130.54,127.85,126.0,123.47,120.91,116.82,137.38,132.96,128.77,125.85,118.17,110.89,104.49,99.85,95.47,91.44,89.08,97.49,114.56,80.1,138.04,26.56,88.77,136.14,21.06,114.56,92.55,20.84,49.58,0.77,22.01,23.78
2021-08-23,139.0,141.1,142.18,138.75,1.57,2.48,0.9803,1.2,1054484.0,148787165.16,138.06,137.74,135.9,133.19,130.89,128.15,126.3,123.84,121.24,117.16,137.38,132.96,128.77,125.85,118.17,110.89,104.49,99.85,95.47,91.44,89.08,99.66,114.89,80.52,138.04,26.32,88.98,136.35,21.02,114.89,92.55,22.81,52.46,2.71,22.34,24.14
2021-08-24,141.54,142.4,143.01,141.35,3.71,1.17,0.708,0.83,756313.0,107697836.73,139.08,138.15,136.28,133.54,131.25,128.45,126.6,124.22,121.58,117.49,137.38,132.96,128.77,125.85,118.17,110.89,104.49,99.85,95.47,91.44,89.08,99.69,115.17,80.52,138.25,26.39,89.19,136.56,20.98,115.17,92.55,23.64,53.86,3.65,22.62,24.44
2021-08-25,142.88,142.95,143.31,142.44,4.67,0.61,0.6041,0.76,642153.0,91795771.35,140.36,138.61,136.64,133.9,131.61,128.79,126.91,124.61,121.89,117.81,137.38,132.96,128.77,125.85,118.17,110.89,104.49,99.85,95.47,91.44,89.08,99.82,115.39,80.52,138.25,26.39,89.19,136.56,20.98,115.39,92.55,23.88,54.46,4.05,22.84,24.68
2021-08-26,142.62,142.12,143.14,142.09,3.8,0.73,0.7032,0.9,746100.0,106037970.3,141.4,138.96,137.0,134.25,131.96,129.15,127.21,124.98,122.23,118.12,137.38,132.96,128.77,125.85,118.17,110.89,104.49,99.85,95.47,91.44,89.08,98.08,115.64,80.73,138.46,26.34,89.4,136.77,20.94,115.64,92.55,22.9,53.56,3.45,23.09,24.95
2021-08-27,142.11,144.55,145.01,142.02,4.42,2.1,1.1521,1.54,1228412.0,177567568.81,142.62,139.46,137.43,134.63,132.37,129.58,127.55,125.38,122.58,118.45,138.73,134.86,130.69,127.36,119.93,112.33,105.86,101.04,96.63,92.3,89.94,99.76,116.03,80.94,139.1,26.43,89.82,136.98,20.79,116.03,93.48,24.58,54.63,4.2,22.55,24.12
2021-08-30,144.7,145.47,146.49,144.6,3.1,1.31,0.7989,0.96,845795.0,123037375.75,143.5,139.95,137.97,135.04,132.75,130.01,127.9,125.78,122.94,118.78,138.73,134.86,130.69,127.36,119.93,112.33,105.86,101.04,96.63,92.3,89.94,99.59,116.33,80.94,140.37,26.85,90.03,136.98,20.68,116.33,93.48,25.05,55.62,4.86,22.85,24.44
2021-08-31,145.88,145.46,146.11,145.0,2.15,0.76,1.2607,1.59,1337821.0,194602118.3,144.11,140.44,138.45,135.46,133.12,130.41,128.23,126.15,123.27,119.14,138.73,134.86,130.69,127.36,119.93,112.33,105.86,101.04,96.63,92.3,89.94,98.99,116.78,81.15,142.27,27.35,90.67,137.4,20.49,116.78,93.48,24.56,55.61,4.85,23.3,24.93
2021-09-01,145.65,145.84,146.82,145.61,2.02,0.83,0.7511,0.82,791234.0,115395149.03,144.69,140.99,138.89,135.9,133.48,130.81,128.56,126.48,123.62,119.49,138.73,134.86,130.69,127.36,119.93,112.33,105.86,101.04,96.63,92.3,89.94,98.75,117.09,81.15,142.69,27.49,91.09,137.4,20.27,117.09,93.48,24.56,56.01,5.13,23.61,25.26
2021-09-02,145.95,144.22,146.32,144.11,1.47,1.52,1.0359,1.1,1092790.0,157601081.01,145.11,141.38,139.25,136.32,133.81,131.19,128.88,126.79,123.96,119.84,138.73,134.86,130.69,127.36,119.93,112.33,105.86,101.04,96.63,92.3,89.94,95.53,117.47,81.58,143.75,27.59,91.3,137.62,20.23,117.47,93.48,22.77,54.28,3.96,23.99,25.66
2021-09-03,144.15,144.78,145.38,143.5,0.16,1.3,0.9146,0.9,955524.0,138335987.1,145.15,141.8,139.48,136.73,134.12,131.58,129.17,127.1,124.3,120.17,140.64,136.64,132.52,128.85,121.26,113.7,107.29,102.17,97.75,93.18,90.8,95.85,117.81,82.0,144.38,27.56,91.73,137.83,20.08,117.81,94.59,22.89,53.06,2.94,23.22,24.55
2021-09-07,144.75,145.52,145.82,144.54,0.03,0.89,0.732,0.76,758630.0,110395078.97,145.16,142.24,139.68,137.1,134.45,131.95,129.44,127.41,124.64,120.5,140.64,136.64,132.52,128.85,121.26,113.7,107.29,102.17,97.75,93.18,90.8,97.92,118.07,82.42,144.59,27.39,92.15,138.04,19.94,118.07,94.59,23.25,53.84,3.47,23.48,24.82
2021-09-08,145.39,144.88,145.55,144.2,-0.4,0.93,0.7516,0.78,774583.0,112224296.08,145.05,142.75,139.95,137.43,134.76,132.32,129.71,127.7,125.0,120.78,140.64,136.64,132.52,128.85,121.26,113.7,107.29,102.17,97.75,93.18,90.8,95.3,118.34,83.06,144.81,27.1,92.57,138.04,19.72,118.34,94.59,22.43,53.17,3.02,23.75,25.11
2021-09-09,144.88,144.91,145.67,144.43,-0.64,0.85,0.7223,0.85,739928.0,107225556.23,144.86,143.3,140.23,137.76,135.07,132.65,129.99,128.01,125.36,121.06,140.64,136.64,132.52,128.85,121.26,113.7,107.29,102.17,97.75,93.18,90.8,94.84,118.59,85.59,145.02,25.77,93.21,138.25,19.46,118.59,94.59,22.2,53.2,3.04,24.0,25.37
2021-09-10,145.44,141.92,146.02,141.74,-1.59,2.95,1.5972,1.9,1644831.0,233436060.35,144.4,143.64,140.41,138.05,135.34,132.94,130.25,128.28,125.69,121.3,141.62,137.96,133.94,130.16,122.48,114.97,108.69,103.27,98.79,94.11,91.63,87.91,119.07,86.02,145.02,25.54,93.84,138.46,19.21,119.07,95.44,19.19,48.7,0.21,23.63,24.76
2021-09-13,143.2,143.46,144.19,142.28,-0.9,1.34,0.984,1.03,1008781.0,144724766.16,144.14,143.97,140.69,138.36,135.63,133.23,130.54,128.57,126.03,121.56,141.62,137.96,133.94,130.16,122.48,114.97,108.69,103.27,98.79,94.11,91.63,90.73,119.37,86.23,145.02,25.42,94.48,138.88,19.03,119.37,95.44,20.19,50.32,1.3,23.93,25.07
2021-09-14,144.16,143.41,144.73,142.91,-1.45,1.27,0.9492,0.96,945957.0,135655909.54,143.72,144.13,140.93,138.64,135.92,133.54,130.81,128.84,126.37,121.82,141.62,137.96,133.94,130.16,122.48,114.97,108.69,103.27,98.79,94.11,91.63,90.08,119.66,86.23,145.02,25.42,94.69,139.94,19.29,119.66,95.44,19.84,50.26,1.26,24.22,25.38
2021-09-15,143.76,145.21,145.58,142.26,0.22,2.32,1.0411,1.01,1032671.0,149950025.23,143.78,144.31,141.23,138.96,136.24,133.86,131.09,129.13,126.73,122.09,141.62,137.96,133.94,130.16,122.48,114.97,108.69,103.27,98.79,94.11,91.63,95.71,119.99,86.44,145.02,25.31,94.9,141.85,19.83,119.99,95.44,21.02,52.14,2.53,24.55,25.72
2021-09-16,145.12,144.37,145.2,143.42,-0.37,1.23,1.0239,0.94,1014942.0,146530728.84,143.67,144.41,141.51,139.23,136.53,134.17,131.39,129.41,127.08,122.36,141.62,137.96,133.94,130.16,122.48,114.97,108.69,103.27,98.79,94.11,91.63,91.2,120.35,86.44,145.02,25.31,95.32,142.48,19.83,120.35,95.44,19.96,51.27,1.95,24.91,26.1
2021-09-17,143.8,141.46,144.25,141.06,-0.32,2.21,2.929,2.66,3001991.0,424672153.83,143.58,144.36,141.66,139.46,136.78,134.44,131.68,129.66,127.41,122.6,142.23,139.15,135.2,131.21,123.69,116.28,110.06,104.37,99.83,95.07,92.45,81.5,121.15,86.65,145.02,25.19,97.01,142.69,19.06,121.15,96.87,16.77,46.03,-0.54,24.28,25.06
2021-09-20,139.0,139.02,139.36,137.05,-3.1,1.63,1.6816,1.25,1745886.0,242707834.06,142.69,144.0,141.73,139.62,136.97,134.69,131.98,129.9,127.71,122.82,142.23,139.15,135.2,131.21,123.69,116.28,110.06,104.37,99.83,95.07,92.45,79.61,121.51,86.65,145.02,25.19,101.24,142.48,16.92,121.51,96.87,14.41,43.51,-2.26,24.64,25.44
2021-09-21,140.12,139.65,140.81,138.91,-2.62,1.37,0.884,0.59,906469.0,126585223.21,141.94,143.61,141.78,139.85,137.18,134.92,132.28,130.15,128.01,123.04,142.23,139.15,135.2,131.21,123.69,116.28,110.06,104.37,99.83,95.07,92.45,80.12,121.74,86.86,145.02,25.08,101.45,142.48,16.82,121.74,96.87,14.71,44.16,-1.82,24.87,25.67
2021-09-22,140.05,140.94,141.58,139.47,-2.94,1.51,1.0813,0.72,1103390.0,155510131.52,141.09,143.31,141.88,140.07,137.42,135.15,132.56,130.39,128.29,123.27,142.23,139.15,135.2,131.21,123.69,116.28,110.06,104.37,99.83,95.07,92.45,80.96,122.01,86.86,145.02,25.08,101.67,142.48,16.72,122.01,96.87,15.51,45.49,-0.91,25.14,25.95
2021-09-23,141.61,141.83,142.25,141.1,-1.76,0.82,0.8491,0.56,863805.0,122510439.83,140.58,143.04,142.01,140.27,137.68,135.39,132.84,130.63,128.55,123.52,142.23,139.15,135.2,131.21,123.69,116.28,110.06,104.37,99.83,95.07,92.45,82.34,122.24,86.86,144.81,25.01,101.67,142.48,16.72,122.24,96.87,16.02,46.41,-0.28,25.37,26.19
2021-09-24,140.95,142.63,142.9,140.85,0.83,1.45,0.7402,0.49,747467.0,106613460.61,140.81,142.93,142.15,140.48,137.97,135.63,133.15,130.89,128.81,123.78,143.07,140.23,136.33,132.34,125.05,117.68,111.39,105.51,100.86,96.09,93.28,85.58,122.46,87.07,144.81,24.9,101.88,142.48,16.62,122.46,97.89,16.47,45.71,-0.3,24.57,25.1
2021-09-27,141.59,141.5,142.5,140.5,1.79,1.4,0.9317,0.88,942204.0,133322808.2,141.31,142.71,142.26,140.56,138.22,135.84,133.44,131.1,129.05,124.03,143.07,140.23,136.33,132.34,125.05,117.68,111.39,105.51,100.86,96.09,93.28,80.72,122.68,87.07,144.81,24.9,101.88,142.48,16.62,122.68,97.89,15.34,44.55,-1.1,24.79,25.32
2021-09-28,139.09,136.18,139.61,135.7,-2.48,2.76,2.0505,2.31,2109483.0,287277832.87,140.62,142.09,142.17,140.48,138.35,135.98,133.64,131.24,129.24,124.24,143.07,140.23,136.33,132.34,125.05,117.68,111.39,105.51,100.86,96.09,93.28,62.19,123.06,87.07,144.81,24.9,102.09,142.27,16.44,123.06,97.89,10.66,39.12,-4.81,25.17,25.71
2021-09-29,137.11,134.52,137.4,134.25,-4.55,2.31,1.2749,1.14,1316861.0,177145458.58,139.33,141.4,142.07,140.43,138.43,136.09,133.83,131.38,129.41,124.46,143.07,140.23,136.33,132.34,125.05,117.68,111.39,105.51,100.86,96.09,93.28,58.03,123.28,87.29,144.81,24.78,102.09,142.27,16.44,123.28,97.89,9.12,37.42,-5.97,25.39,25.94
2021-09-30,134.32,133.27,135.59,133.0,-6.04,1.93,1.6865,1.48,1768199.0,235639923.83,137.62,140.62,141.96,140.36,138.48,136.18,133.98,131.51,129.58,124.67,143.07,140.23,136.33,132.34,125.05,117.68,111.39,105.51,100.86,96.09,93.28,56.87,123.52,87.29,144.81,24.78,102.3,142.27,16.34,123.52,97.89,7.89,36.14,-6.85,25.63,26.18
2021-10-01,133.55,136.46,137.07,133.38,-4.33,2.77,1.3445,1.03,1419365.0,193690096.31,136.39,140.26,141.95,140.36,138.6,136.33,134.16,131.68,129.78,124.89,141.45,140.09,137.06,133.38,126.09,118.92,112.55,106.54,101.79,97.13,94.0,64.24,123.73,87.5,144.81,24.67,102.3,142.27,16.34,123.73,99.06,10.29,37.76,-3.53,24.67,24.9
2021-10-04,135.7,133.76,135.7,131.17,-5.47,3.32,1.4743,1.04,1576495.0,210879853.68,134.84,139.61,141.79,140.33,138.67,136.42,134.29,131.84,129.95,125.09,141.45,140.09,137.06,133.38,126.09,118.92,112.55,106.54,101.79,97.13,94.0,56.59,123.93,87.5,144.81,24.67,102.51,142.06,16.17,123.93,99.06,7.94,35.03,-5.43,24.87,25.11
2021-10-05,134.0,136.18,137.36,134.0,-0.01,2.51,1.1219,0.74,1206337.0,164275353.65,134.84,139.13,141.63,140.33,138.76,136.57,134.47,132.0,130.13,125.32,141.45,140.09,137.06,133.38,126.09,118.92,112.55,106.54,101.79,97.13,94.0,63.84,124.12,87.5,144.81,24.67,102.51,142.06,16.17,124.12,99.06,9.71,37.47,-3.73,25.06,25.3
2021-10-06,134.63,137.35,137.85,134.49,2.11,2.47,0.9168,0.68,988216.0,135735420.46,135.4,138.61,141.46,140.36,138.87,136.71,134.66,132.16,130.32,125.55,141.45,140.09,137.06,133.38,126.09,118.92,112.55,106.54,101.79,97.13,94.0,70.01,124.28,87.5,144.81,24.67,102.51,142.06,16.17,124.28,99.06,10.52,38.66,-2.9,25.22,25.46
2021-10-07,138.86,139.19,140.15,138.56,4.44,1.16,0.8463,0.66,912523.0,127009970.02,136.59,138.26,141.34,140.43,138.99,136.87,134.85,132.37,130.52,125.78,141.45,140.09,137.06,133.38,126.09,118.92,112.55,106.54,101.79,97.13,94.0,78.12,124.46,87.71,144.81,24.56,102.72,142.06,16.07,124.46,99.06,11.83,40.51,-1.6,25.4,25.64
2021-10-08,139.91,140.06,140.32,139.43,2.63,0.64,0.8762,0.78,946421.0,132551939.58,137.31,138.17,141.27,140.5,139.13,137.05,135.06,132.61,130.73,126.04,140.51,140.57,137.93,134.52,127.32,120.23,113.71,107.62,102.76,98.18,94.73,79.75,124.68,87.71,144.81,24.56,102.72,142.06,16.07,124.68,99.93,12.33,40.15,-0.37,24.75,24.77
2021-10-11,139.8,138.85,140.76,138.81,3.8,1.4,0.7667,0.74,829238.0,115137623.2,138.32,138.16,141.08,140.54,139.25,137.21,135.27,132.87,130.93,126.28,140.51,140.57,137.93,134.52,127.32,120.23,113.71,107.62,102.76,98.18,94.73,75.27,124.85,87.92,144.81,24.44,102.72,142.06,16.07,124.85,99.93,11.21,38.94,-1.23,24.92,24.94
2021-10-12,139.64,136.71,139.7,136.25,0.39,2.48,1.0443,1.15,1126751.0,154041509.46,138.43,137.96,140.78,140.51,139.38,137.34,135.43,133.09,131.12,126.51,140.51,140.57,137.93,134.52,127.32,120.23,113.71,107.62,102.76,98.18,94.73,63.64,125.04,87.92,144.81,24.44,102.93,141.85,15.9,125.04,99.93,9.34,36.81,-2.75,25.11,25.13
2021-10-13,137.75,137.9,138.55,136.98,0.4,1.15,0.7613,0.85,819664.0,113031665.6,138.54,137.76,140.53,140.5,139.49,137.49,135.59,133.3,131.31,126.72,140.51,140.57,137.93,134.52,127.32,120.23,113.71,107.62,102.76,98.18,94.73,71.18,125.19,87.92,144.81,24.44,102.93,141.85,15.9,125.19,99.93,10.15,38.0,-1.9,25.26,25.28
2021-10-14,139.95,141.41,141.65,139.34,1.6,1.68,0.9904,1.16,1071878.0,151576411.74,138.99,137.73,140.39,140.59,139.64,137.69,135.78,133.54,131.52,126.98,140.51,140.57,137.93,134.52,127.32,120.23,113.71,107.62,102.76,98.18,94.73,82.53,125.4,87.92,144.81,24.44,102.93,141.85,15.9,125.4,99.93,12.77,41.51,0.6,25.47,25.49
2021-10-15,142.2,141.68,142.2,141.06,1.16,0.8,0.9761,1.11,1062668.0,150553488.9,139.31,137.67,140.3,140.66,139.78,137.91,135.97,133.79,131.74,127.23,140.46,141.04,138.79,135.57,128.64,121.51,114.92,108.66,103.77,99.27,95.49,84.13,125.62,88.13,144.81,24.33,103.15,141.85,15.8,125.62,100.73,12.78,40.65,0.45,24.89,24.71
2021-10-18,141.21,142.96,143.0,141.21,2.96,1.26,0.7667,0.84,828360.0,118422759.78,140.13,137.77,140.24,140.76,139.86,138.13,136.16,134.06,131.94,127.49,140.46,141.04,138.79,135.57,128.64,121.51,114.92,108.66,103.77,99.27,95.49,89.49,125.82,88.13,144.81,24.33,103.15,142.06,15.87,125.82,100.73,13.62,41.92,1.36,25.09,24.91
2021-10-19,143.29,143.82,144.11,143.1,5.2,0.71,0.713,0.78,765792.0,110137737.02,141.55,138.27,140.18,140.87,139.93,138.33,136.36,134.3,132.12,127.75,140.46,141.04,138.79,135.57,128.64,121.51,114.92,108.66,103.77,99.27,95.49,91.89,126.03,88.13,144.81,24.33,103.36,142.06,15.77,126.03,100.73,14.12,42.78,1.97,25.3,25.12
2021-10-20,144.22,142.42,144.25,141.91,3.27,1.62,0.8511,0.99,896975.0,127742694.62,142.46,138.8,140.1,140.98,140.02,138.5,136.54,134.54,132.3,128.02,140.46,141.04,138.79,135.57,128.64,121.51,114.92,108.66,103.77,99.27,95.49,85.34,126.22,88.34,144.59,24.15,103.36,142.27,15.84,126.22,100.73,12.83,41.38,0.98,25.49,25.31
2021-10-21,142.19,142.78,142.85,141.64,0.97,0.85,0.7275,0.8,742496.0,106013950.13,142.73,139.44,140.03,141.12,140.13,138.67,136.72,134.76,132.5,128.29,140.46,141.04,138.79,135.57,128.64,121.51,114.92,108.66,103.77,99.27,95.49,87.62,126.39,88.34,144.59,24.15,103.36,142.48,15.91,126.39,100.73,12.97,41.75,1.24,25.66,25.47
2021-10-22,140.35,138.62,141.56,137.17,-2.15,3.07,1.4656,1.76,1509132.0,209203423.5,142.12,139.58,139.92,141.16,140.17,138.8,136.87,134.93,132.67,128.53,139.89,141.06,139.39,136.37,129.87,122.81,115.93,109.6,104.73,100.24,96.24,70.06,126.64,88.34,144.59,24.15,103.57,142.27,15.74,126.64,101.54,9.46,36.52,-1.73,25.1,24.72
2021-10-25,138.81,138.77,139.21,136.75,-2.93,1.77,1.026,1.11,1054085.0,146278537.7,141.28,139.91,139.76,141.17,140.22,138.92,137.01,135.09,132.85,128.78,139.89,141.06,139.39,136.37,129.87,122.81,115.93,109.6,104.73,100.24,96.24,70.95,126.81,88.55,144.59,24.04,103.78,142.27,15.64,126.81,101.54,9.43,36.67,-1.62,25.27,24.89
2021-10-26,140.61,139.67,140.84,139.01,-2.89,1.32,1.3663,1.42,1412937.0,197347736.66,140.45,140.15,139.64,141.13,140.29,139.04,137.16,135.28,133.02,129.03,139.89,141.06,139.39,136.37,129.87,122.81,115.93,109.6,104.73,100.24,96.24,73.87,127.06,88.55,144.59,24.04,103.99,142.27,15.54,127.06,101.54,9.93,37.55,-0.98,25.52,25.13
2021-10-27,139.9,146.43,149.12,139.9,2.82,6.6,2.4425,2.31,2592546.0,379620029.42,141.26,140.75,139.68,141.22,140.46,139.25,137.38,135.53,133.24,129.32,139.89,141.06,139.39,136.37,129.87,122.81,115.93,109.6,104.73,100.24,96.24,99.11,127.6,88.77,145.02,24.06,104.2,142.69,15.59,127.6,101.54,14.76,44.21,3.81,26.06,25.66
2021-10-28,147.3,146.13,147.42,144.76,2.35,1.82,1.5083,1.11,1620903.0,236860934.49,141.93,141.21,139.74,141.3,140.62,139.43,137.6,135.76,133.48,129.62,139.89,141.06,139.39,136.37,129.87,122.81,115.93,109.6,104.73,100.24,96.24,98.14,128.01,88.98,145.44,24.09,104.41,142.9,15.56,128.01,101.54,14.15,43.91,3.59,26.47,26.07
2021-10-29,145.52,148.27,148.61,145.17,6.96,2.36,1.3295,0.88,1447725.0,214654909.61,143.85,141.76,139.97,141.43,140.81,139.66,137.84,136.02,133.75,129.92,141.02,142.04,140.49,137.5,131.25,124.14,117.12,110.75,105.88,101.3,97.06,99.82,128.36,89.19,145.65,24.04,104.84,143.11,15.44,128.36,102.79,15.51,44.25,4.38,25.57,24.88
2021-11-01,148.16,143.77,148.4,143.58,3.6,3.25,1.4609,0.99,1613605.0,231994445.27,144.85,142.09,140.12,141.41,140.92,139.82,138.02,136.24,134.02,130.19,141.02,142.04,140.49,137.5,131.25,124.14,117.12,110.75,105.88,101.3,97.06,86.37,128.68,89.61,145.65,23.82,105.05,143.54,15.48,128.68,102.79,11.73,39.87,1.22,25.89,25.19
2021-11-02,144.81,145.86,146.92,144.64,4.43,1.59,0.9512,0.61,1057529.0,154254352.53,146.09,142.7,140.33,141.42,141.06,140.04,138.23,136.47,134.29,130.47,141.02,142.04,140.49,137.5,131.25,124.14,117.12,110.75,105.88,101.3,97.06,94.47,128.94,90.03,145.86,23.67,105.26,143.75,15.46,128.94,102.79,13.12,41.9,2.69,26.15,25.44
2021-11-03,146.28,146.79,146.91,145.05,0.25,1.27,0.8033,0.54,894330.0,131278700.7,146.17,143.29,140.53,141.45,141.2,140.25,138.45,136.69,134.55,130.74,141.02,142.04,140.49,137.5,131.25,124.14,117.12,110.75,105.88,101.3,97.06,98.06,129.13,90.46,146.07,23.51,105.47,143.96,15.43,129.13,102.79,13.68,42.81,3.34,26.34,25.63
2021-11-04,147.2,148.68,149.95,146.64,1.75,2.26,1.1015,0.93,1235040.0,183629452.32,146.68,143.78,140.75,141.52,141.38,140.46,138.71,136.92,134.82,130.99,141.02,142.04,140.49,137.5,131.25,124.14,117.12,110.75,105.88,101.3,97.06,99.55,129.4,90.88,146.29,23.36,105.9,144.17,15.31,129.4,102.79,14.9,44.65,4.67,26.61,25.89
2021-11-05,149.35,149.24,150.57,148.65,0.65,1.29,0.9062,0.82,1020407.0,152286561.09,146.87,144.28,140.97,141.63,141.56,140.68,138.97,137.16,135.11,131.24,143.57,142.51,141.25,138.69,132.41,125.57,118.36,111.97,106.96,102.36,97.88,99.02,129.65,91.3,146.5,23.21,106.32,144.38,15.18,129.65,103.82,15.11,43.75,3.95,25.83,24.88
2021-11-08,150.0,149.35,151.03,149.12,3.88,1.28,0.813,0.79,919407.0,137314814.56,147.99,144.71,141.24,141.73,141.75,140.83,139.23,137.38,135.39,131.49,143.57,142.51,141.25,138.69,132.41,125.57,118.36,111.97,106.96,102.36,97.88,98.54,129.89,91.51,146.71,23.17,106.95,144.59,14.96,129.89,103.82,14.98,43.86,4.02,26.07,25.11
2021-11-09,149.75,149.25,150.38,147.51,2.32,1.92,0.7468,0.82,843778.0,125932600.83,148.66,145.07,141.67,141.81,141.92,140.96,139.46,137.6,135.65,131.73,143.57,142.51,141.25,138.69,132.41,125.57,118.36,111.97,106.96,102.36,97.88,98.29,130.08,91.73,147.34,23.26,110.12,144.81,13.6,130.08,103.82,14.74,43.76,3.95,26.26,25.29
2021-11-10,148.01,146.63,148.7,145.32,-0.11,2.26,1.0038,1.16,1135416.0,166481506.42,148.63,145.35,142.08,141.85,142.07,141.09,139.64,137.8,135.89,131.94,143.57,142.51,141.25,138.69,132.41,125.57,118.36,111.97,106.96,102.36,97.88,93.0,130.3,92.15,147.34,23.05,111.18,145.02,13.21,130.3,103.82,12.53,41.23,2.13,26.48,25.51
2021-11-11,147.11,146.75,148.5,146.69,-1.3,1.23,0.5519,0.6,623155.0,91446749.94,148.24,145.61,142.52,141.89,142.24,141.23,139.83,137.99,136.12,132.17,143.57,142.51,141.25,138.69,132.41,125.57,118.36,111.97,106.96,102.36,97.88,93.21,130.43,92.57,147.56,22.9,111.6,145.02,13.02,130.43,103.82,12.51,41.35,2.21,26.61,25.63
2021-11-12,147.83,149.65,149.86,146.45,0.27,2.32,0.7557,0.94,852383.0,127555280.23,148.32,146.35,142.96,142.06,142.46,141.4,140.06,138.22,136.36,132.41,145.49,143.0,142.21,139.82,133.57,126.69,119.56,113.24,108.0,103.41,98.71,98.74,130.61,93.0,147.77,22.75,112.03,145.23,12.91,130.61,104.59,14.57,43.08,2.86,26.02,24.88
2021-11-15,150.0,149.39,150.48,148.65,0.02,1.22,0.7198,0.93,812367.0,121357881.4,148.33,147.06,143.49,142.19,142.64,141.59,140.28,138.44,136.59,132.66,145.49,143.0,142.21,139.82,133.57,126.69,119.56,113.24,108.0,103.41,98.71,97.65,130.79,93.42,148.19,22.67,112.24,145.44,12.88,130.79,104.59,14.22,42.83,2.68,26.2,25.05
2021-11-16,149.17,149.08,149.83,148.35,-0.12,0.99,0.7666,1.01,862743.0,128614275.47,148.3,147.68,143.92,142.32,142.77,141.77,140.48,138.67,136.83,132.89,145.49,143.0,142.21,139.82,133.57,126.69,119.56,113.24,108.0,103.41,98.71,96.56,130.97,93.84,148.61,22.59,112.66,145.44,12.7,130.97,104.59,13.82,42.53,2.46,26.38,25.22
2021-11-17,149.23,149.06,149.63,148.56,1.66,0.71,0.6793,0.89,764541.0,113964010.54,148.78,147.86,144.31,142.41,142.88,141.94,140.68,138.88,137.07,133.11,145.49,143.0,142.21,139.82,133.57,126.69,119.56,113.24,108.0,103.41,98.71,96.3,131.14,94.26,148.82,22.44,112.66,145.65,12.77,131.14,104.59,13.67,42.52,2.45,26.55,25.38
2021-11-18,149.15,150.71,151.61,149.0,2.7,1.75,1.1733,1.7,1334120.0,201063891.08,149.58,148.17,144.69,142.55,143.01,142.13,140.89,139.11,137.31,133.35,145.49,143.0,142.21,139.82,133.57,126.69,119.56,113.24,108.0,103.41,98.71,99.42,131.44,94.69,149.04,22.3,113.09,145.86,12.66,131.44,104.59,14.66,44.1,3.59,26.85,25.67
2021-11-19,151.0,149.95,151.85,149.89,0.21,1.3,0.8668,1.07,989148.0,148325215.47,149.64,148.28,145.02,142.74,143.14,142.31,141.1,139.33,137.55,133.59,147.15,143.8,143.07,140.88,134.71,127.81,120.73,114.54,109.06,104.41,99.64,97.51,131.68,94.9,149.25,22.26,113.3,146.07,12.64,131.68,105.44,13.88,42.22,1.91,26.24,24.89
2021-11-22,150.14,147.08,150.74,147.01,-1.55,2.49,1.0791,1.29,1231385.0,181110258.72,149.18,148.5,145.29,142.92,143.19,142.44,141.27,139.52,137.78,133.8,147.15,143.8,143.07,140.88,134.71,127.81,120.73,114.54,109.06,104.41,99.64,87.7,131.91,95.32,149.25,22.05,113.51,146.29,12.62,131.91,105.44,11.5,39.49,-0.05,26.47,25.1
2021-11-23,147.11,146.76,147.69,144.89,-1.56,1.91,0.7938,0.87,906657.0,133058261.35,148.71,148.56,145.63,143.07,143.21,142.56,141.46,139.71,137.98,134.02,147.15,143.8,143.07,140.88,134.71,127.81,120.73,114.54,109.06,104.41,99.64,86.98,132.06,95.53,149.25,21.94,113.51,146.29,12.62,132.06,105.44,11.13,39.19,-0.26,26.62,25.25
2021-11-24,146.35,146.72,147.0,145.2,-1.57,1.23,0.7262,0.79,823203.0,120778286.15,148.24,148.55,145.92,143.2,143.23,142.67,141.63,139.9,138.17,134.23,147.15,143.8,143.07,140.88,134.71,127.81,120.73,114.54,109.06,104.41,99.64,87.03,132.2,95.74,149.25,21.84,113.72,146.5,12.6,132.2,105.44,10.98,39.15,-0.29,26.76,25.38
2021-11-26,145.02,142.81,145.3,142.49,-5.24,1.92,0.7488,0.8,849606.0,121328834.44,146.66,148.16,145.97,143.22,143.18,142.74,141.75,140.06,138.33,134.41,147.98,143.94,143.37,141.54,135.45,128.75,121.81,115.7,110.02,105.34,100.5,69.04,132.34,96.38,149.25,21.52,113.93,146.29,12.43,132.34,106.05,7.91,34.66,-3.5,26.29,24.79
2021-11-29,144.3,146.11,146.86,144.3,-2.56,1.8,1.1542,1.37,1313806.0,191965449.88,145.89,147.95,146.12,143.3,143.21,142.84,141.89,140.25,138.51,134.61,147.98,143.94,143.37,141.54,135.45,128.75,121.81,115.7,110.02,105.34,100.5,83.88,132.55,100.82,149.25,19.37,114.35,146.29,12.25,132.55,106.05,10.23,37.78,-1.26,26.5,24.99
2021-11-30,145.45,142.45,146.63,142.07,-3.15,3.12,1.7974,2.03,2079526.0,296232637.75,144.97,147.49,146.1,143.32,143.17,142.9,141.94,140.41,138.64,134.77,147.98,143.94,143.37,141.54,135.45,128.75,121.81,115.7,110.02,105.34,100.5,64.71,132.8,101.24,149.25,19.16,114.78,146.29,12.07,132.8,106.05,7.27,34.33,-3.74,26.75,25.22
2021-12-01,144.21,141.62,146.5,141.5,-3.5,3.51,1.2219,1.19,1427289.0,202129813.6,143.94,146.98,146.03,143.44,143.1,142.93,141.96,140.53,138.78,134.9,147.98,143.94,143.37,141.54,135.45,128.75,121.81,115.7,110.02,105.34,100.5,60.0,132.97,101.45,149.25,19.06,114.99,146.29,11.98,132.97,106.05,6.5,33.54,-4.3,26.92,25.38
2021-12-02,141.82,143.78,144.68,140.98,-2.0,2.61,0.9059,0.82,1062535.0,152767563.43,143.35,146.79,146.07,143.65,143.09,143.02,142.04,140.66,138.92,135.06,147.98,143.94,143.37,141.54,135.45,128.75,121.81,115.7,110.02,105.34,100.5,72.07,133.1,101.67,149.25,18.96,114.99,146.29,11.98,133.1,106.05,8.02,35.57,-2.84,27.05,25.51
2021-12-03,144.5,142.52,145.21,141.15,-0.2,2.83,1.1281,0.99,1334374.0,190175649.67,143.3,146.51,146.06,143.85,143.05,143.1,142.11,140.78,139.06,135.21,146.83,143.93,143.64,142.08,136.2,129.77,122.93,116.82,111.0,106.24,101.41,64.7,133.26,101.67,149.25,18.96,115.2,146.29,11.89,133.26,107.1,6.95,33.07,-2.94,26.16,24.43
2021-12-06,143.57,143.8,144.35,140.65,-1.59,2.6,0.9455,0.77,1109885.0,159597578.4,142.83,146.12,146.24,144.02,143.08,143.19,142.19,140.92,139.21,135.38,146.83,143.93,143.64,142.08,136.2,129.77,122.93,116.82,111.0,106.24,101.41,72.34,133.39,101.67,149.25,18.96,115.41,146.29,11.8,133.39,107.1,7.8,34.26,-2.07,26.29,24.55
2021-12-07,145.95,148.04,148.3,145.7,3.92,1.81,0.9885,0.83,1162914.0,172153718.36,143.95,146.03,146.54,144.33,143.15,143.32,142.33,141.1,139.39,135.59,146.83,143.93,143.64,142.08,136.2,129.77,122.93,116.82,111.0,106.24,101.41,91.52,133.58,101.88,149.25,18.86,115.62,146.29,11.71,133.58,107.1,10.82,38.22,0.82,26.48,24.72
2021-12-08,148.33,148.72,149.16,147.2,5.02,1.32,0.8059,0.78,948197.0,141016331.94,145.37,146.01,146.85,144.61,143.24,143.42,142.47,141.27,139.58,135.78,146.83,143.93,143.64,142.08,136.2,129.77,122.93,116.82,111.0,106.24,101.41,92.82,133.74,101.88,149.25,18.86,115.62,146.5,11.78,133.74,107.1,11.2,38.86,1.29,26.64,24.87
2021-12-09,148.18,148.11,149.6,147.53,3.01,1.4,0.7908,0.83,929030.0,137594917.18,146.24,145.94,146.9,144.85,143.29,143.5,142.6,141.43,139.76,135.97,146.83,143.93,143.64,142.08,136.2,129.77,122.93,116.82,111.0,106.24,101.41,90.36,133.9,102.09,149.25,18.76,115.83,146.71,11.76,133.9,107.1,10.61,38.29,0.87,26.8,25.02
2021-12-10,149.1,148.68,149.4,147.36,4.32,1.38,0.9201,0.99,1081923.0,160854902.02,147.47,145.81,146.99,145.06,143.36,143.57,142.74,141.59,139.94,136.18,146.72,145.15,143.91,142.62,137.3,130.85,124.16,117.98,112.05,107.21,102.46,92.41,134.09,102.09,149.25,18.76,116.05,146.92,11.74,134.09,107.87,10.88,37.83,1.33,26.22,24.31
2021-12-13,148.44,146.7,148.56,146.36,2.02,1.48,1.0517,1.15,1205196.0,176807676.58,148.05,145.59,146.93,145.21,143.45,143.63,142.85,141.74,140.11,136.39,146.72,145.15,143.91,142.62,137.3,130.85,124.16,117.98,112.05,107.21,102.46,82.94,134.28,102.09,149.25,18.76,116.47,146.92,11.56,134.28,107.87,9.25,36.0,-0.01,26.41,24.48
2021-12-14,144.77,144.97,145.44,142.24,-2.07,2.18,1.0892,1.16,1238940.0,179609751.27,147.44,145.45,146.97,145.35,143.55,143.64,142.94,141.86,140.26,136.61,146.72,145.15,143.91,142.62,137.3,130.85,124.16,117.98,112.05,107.21,102.46,73.74,134.44,102.3,149.25,18.66,117.1,146.92,11.29,134.44,107.87,7.83,34.39,-1.19,26.57,24.63
2021-12-15,144.37,147.37,147.52,142.71,-0.91,3.32,1.1912,1.26,1364048.0,201017707.69,147.16,145.49,147.02,145.58,143.68,143.66,143.05,142.04,140.43,136.84,146.72,145.15,143.91,142.62,137.3,130.85,124.16,117.98,112.05,107.21,102.46,87.16,134.64,102.3,149.25,18.66,117.53,146.92,11.12,134.64,107.87,9.45,36.62,0.44,26.77,24.82
2021-12-16,148.08,144.84,148.55,144.09,-2.21,3.03,1.1917,1.18,1369987.0,198426862.1,146.51,145.37,146.96,145.74,143.74,143.66,143.12,142.17,140.58,137.03,146.72,145.15,143.91,142.62,137.3,130.85,124.16,117.98,112.05,107.21,102.46,72.27,134.89,102.51,149.25,18.56,117.95,146.92,10.94,134.89,107.87,7.38,34.27,-1.28,27.02,25.05
2021-12-17,142.71,142.8,144.46,141.79,-3.95,1.84,1.8528,1.73,2170235.0,309916068.7,145.34,145.37,146.76,145.77,143.76,143.61,143.18,142.26,140.72,137.21,145.35,145.42,143.78,143.0,138.15,131.85,125.27,119.0,113.02,108.09,103.43,59.58,135.11,102.51,149.25,18.56,119.01,146.92,10.5,135.11,108.93,5.69,31.1,-1.8,26.18,24.03
2021-12-20,140.68,142.4,142.61,140.25,-2.93,1.65,0.8617,0.69,1013176.0,144277782.16,144.48,145.12,146.54,145.78,143.76,143.59,143.22,142.35,140.86,137.39,145.35,145.42,143.78,143.0,138.15,131.85,125.27,119.0,113.02,108.09,103.43,56.53,135.2,102.72,149.04,18.4,119.43,146.92,10.32,135.2,108.93,5.33,30.73,-2.08,26.27,24.12
2021-12-21,143.15,144.22,144.69,141.74,-0.52,2.08,0.831,0.68,977597.0,140989528.14,144.33,145.24,146.36,145.81,143.8,143.58,143.29,142.41,141.01,137.58,145.35,145.42,143.78,143.0,138.15,131.85,125.27,119.0,113.02,108.09,103.43,69.68,135.31,102.72,149.04,18.4,119.64,146.92,10.23,135.31,108.93,6.59,32.4,-0.83,26.38,24.22
2021-12-22,144.1,146.95,147.3,143.96,-0.28,2.32,0.7972,0.67,922024.0,135490504.78,144.24,145.59,146.29,145.88,143.98,143.6,143.38,142.48,141.16,137.78,145.35,145.42,143.78,143.0,138.15,131.85,125.27,119.0,113.02,108.09,103.43,85.81,135.41,102.72,149.04,18.4,119.85,146.92,10.15,135.41,108.93,8.52,34.9,1.05,26.48,24.31
2021-12-23,147.09,147.14,148.57,146.95,1.59,1.1,0.6028,0.54,690934.0,101665756.1,144.7,145.82,146.31,145.99,144.19,143.63,143.48,142.58,141.31,137.98,145.35,145.42,143.78,143.0,138.15,131.85,125.27,119.0,113.02,108.09,103.43,86.42,135.53,102.72,149.04,18.4,120.06,146.92,10.06,135.53,108.93,8.57,35.08,1.18,26.6,24.42
2021-12-27,147.46,148.06,148.43,147.25,3.68,0.8,0.5879,0.57,662966.0,98161397.82,145.76,146.19,146.35,146.1,144.44,143.67,143.61,142.69,141.46,138.16,144.79,145.97,144.13,143.5,139.04,132.97,126.4,120.1,113.99,109.05,104.46,90.33,135.64,102.93,149.04,18.3,120.28,147.13,10.04,135.64,109.42,9.16,35.32,1.44,26.22,23.96
2021-12-28,148.37,146.45,148.37,145.94,2.84,1.65,0.8323,1.09,931792.0,136459074.82,146.56,146.36,146.24,146.28,144.6,143.73,143.72,142.79,141.6,138.34,144.79,145.97,144.13,143.5,139.04,132.97,126.4,120.1,113.99,109.05,104.46,80.28,135.78,102.93,149.04,18.3,120.28,147.13,10.04,135.78,109.42,7.86,33.84,0.33,26.36,24.09
2021-12-29,146.43,146.5,147.18,145.5,1.58,1.15,0.7686,1.02,851236.0,124709904.56,147.02,146.26,146.15,146.45,144.82,143.78,143.81,142.89,141.74,138.5,144.79,145.97,144.13,143.5,139.04,132.97,126.4,120.1,113.99,109.05,104.46,81.62,135.9,102.93,149.04,18.3,120.49,147.13,9.96,135.9,109.42,7.8,33.89,0.37,26.48,24.2
2021-12-30,146.45,146.0,147.06,145.76,-0.64,0.89,0.5908,0.8,648851.0,94733868.13,146.83,146.08,146.04,146.59,144.98,143.81,143.86,142.99,141.87,138.67,144.79,145.97,144.13,143.5,139.04,132.97,126.4,120.1,113.99,109.05,104.46,76.53,136.02,103.15,149.04,18.2,120.49,147.13,9.96,136.02,109.42,7.34,33.43,0.02,26.6,24.31
2021-12-31,145.54,144.68,146.36,144.68,-1.67,1.16,0.789,1.14,864885.0,125131129.36,146.34,145.85,145.9,146.55,145.1,143.8,143.89,143.07,141.99,138.83,145.16,146.57,144.35,143.82,139.77,134.04,127.56,121.04,114.88,109.96,105.39,68.09,136.14,103.15,149.04,18.2,120.7,147.13,9.87,136.14,110.01,6.27,31.51,-1.29,26.13,23.75
2022-01-03,144.48,145.07,145.55,143.5,-2.02,1.42,1.1445,1.59,1261225.0,182971586.26,145.74,145.61,145.71,146.53,145.2,143.81,143.91,143.15,142.09,138.99,145.16,146.57,144.35,143.82,139.77,134.04,127.56,121.04,114.88,109.96,105.39,71.0,136.32,103.36,149.04,18.1,120.91,147.13,9.78,136.32,110.01,6.42,31.87,-1.02,26.31,23.92
2022-01-04,145.55,144.42,146.61,143.82,-1.39,1.93,1.0372,1.26,1146389.0,165557487.02,145.34,145.46,145.53,146.44,145.27,143.85,143.94,143.23,142.2,139.15,145.16,146.57,144.35,143.82,139.77,134.04,127.56,121.04,114.88,109.96,105.39,65.95,136.48,103.36,149.04,18.1,120.91,146.92,9.71,136.48,110.01,5.82,31.28,-1.47,26.47,24.06
2022-01-05,144.18,137.65,144.3,137.52,-6.04,4.69,2.191,2.6,2482076.0,341666448.67,143.57,144.97,145.21,146.31,145.25,143.83,143.86,143.23,142.25,139.26,145.16,146.57,144.35,143.82,139.77,134.04,127.56,121.04,114.88,109.96,105.39,34.55,136.62,103.57,149.04,18.0,121.33,146.92,9.54,136.62,110.01,0.76,25.13,-6.09,26.61,24.19
2022-01-06,137.5,137.55,139.69,136.76,-5.79,2.12,1.276,1.13,1452452.0,199786225.05,141.88,144.32,144.9,146.12,145.27,143.81,143.77,143.23,142.32,139.36,145.16,146.57,144.35,143.82,139.77,134.04,127.56,121.04,114.88,109.96,105.39,33.44,136.67,103.78,149.04,17.9,121.54,146.92,9.45,136.67,110.01,0.64,25.03,-6.16,26.66,24.23
2022-01-07,137.9,137.0,138.25,135.79,-5.3,1.79,0.8506,0.67,970412.0,132950810.85,140.34,143.79,144.58,145.9,145.25,143.75,143.68,143.22,142.37,139.45,144.06,145.45,143.97,143.75,140.15,134.8,128.4,121.84,115.7,110.82,106.2,31.94,136.71,103.78,149.04,17.9,122.18,146.92,9.19,136.71,110.9,0.22,23.54,-5.8,25.81,23.27
2022-01-10,135.1,138.57,138.64,133.14,-4.48,4.01,1.4807,1.17,1704784.0,236238738.02,139.04,143.51,144.44,145.68,145.2,143.71,143.6,143.23,142.42,139.55,144.06,145.45,143.97,143.75,140.15,134.8,128.4,121.84,115.7,110.82,106.2,40.54,136.74,103.99,149.04,17.8,123.24,146.92,8.77,136.74,110.9,1.34,24.95,-4.73,25.84,23.3
2022-01-11,138.18,140.02,140.33,136.81,-3.05,2.54,1.0189,0.76,1175062.0,164529243.58,138.16,143.35,144.24,145.47,145.18,143.67,143.55,143.24,142.48,139.65,144.06,145.45,143.97,143.75,140.15,134.8,128.4,121.84,115.7,110.82,106.2,46.19,136.8,103.99,149.04,17.8,124.29,146.92,8.34,136.8,110.9,2.35,26.26,-3.73,25.9,23.35
2022-01-12,141.55,141.65,142.81,141.11,2.9,1.22,1.0198,0.76,1182079.0,167439126.19,138.96,143.18,144.21,145.3,145.15,143.68,143.52,143.27,142.51,139.76,144.06,145.45,143.97,143.75,140.15,134.8,128.4,121.84,115.7,110.82,106.2,50.89,136.9,104.2,149.04,17.7,124.93,146.71,8.02,136.9,110.9,3.47,27.73,-2.61,26.0,23.44
2022-01-13,141.84,139.13,143.19,138.91,1.15,3.02,1.1367,1.02,1328254.0,184801307.27,139.28,142.66,144.13,145.08,145.08,143.72,143.45,143.27,142.5,139.85,144.06,145.45,143.97,143.75,140.15,134.8,128.4,121.84,115.7,110.82,106.2,41.92,136.99,104.41,149.04,17.61,125.14,146.71,7.93,136.99,110.9,1.56,25.46,-4.34,26.09,23.53
2022-01-14,137.5,139.79,141.2,137.5,2.03,2.66,1.0153,0.94,1191296.0,166527098.3,139.83,142.17,143.99,144.93,145.03,143.79,143.39,143.3,142.53,139.94,142.28,144.5,144.19,143.51,140.62,135.43,129.36,122.72,116.61,111.66,107.04,44.76,137.08,104.63,149.04,17.51,125.35,146.71,7.85,137.08,111.6,1.97,25.26,-3.26,25.48,22.83
2022-01-18,136.6,136.29,137.39,135.62,-1.65,1.27,1.1573,1.04,1370098.0,186731341.47,139.37,141.39,143.79,144.69,144.92,143.83,143.29,143.29,142.53,140.0,142.28,144.5,144.19,143.51,140.62,135.43,129.36,122.72,116.61,111.66,107.04,26.83,137.12,104.84,148.82,17.34,125.56,146.71,7.77,137.12,111.6,-0.6,22.12,-5.68,25.52,22.87
2022-01-19,136.94,135.65,138.4,135.5,-3.12,2.13,0.8841,0.83,1039764.0,141046066.13,138.5,140.67,143.51,144.38,144.88,143.82,143.22,143.28,142.52,140.07,142.28,144.5,144.19,143.51,140.62,135.43,129.36,122.72,116.61,111.66,107.04,24.38,137.15,105.05,148.82,17.24,125.56,146.71,7.77,137.15,111.6,-1.09,21.55,-6.12,25.55,22.89
2022-01-20,136.51,133.51,137.91,133.14,-5.75,3.51,0.9318,0.9,1096528.0,146393615.43,136.87,139.8,143.03,144.03,144.79,143.81,143.11,143.24,142.51,140.12,142.28,144.5,144.19,143.51,140.62,135.43,129.36,122.72,116.61,111.66,107.04,21.19,137.17,105.26,148.82,17.15,125.77,146.71,7.68,137.17,111.6,-2.67,19.63,-7.61,25.57,22.91
2022-01-21,133.01,130.09,134.76,130.0,-6.5,3.56,1.7641,1.74,2095961.0,272667758.41,135.07,138.74,142.41,143.61,144.63,143.73,142.96,143.13,142.46,140.15,139.74,142.55,143.53,142.77,140.73,135.81,129.86,123.39,117.43,112.32,107.76,18.5,137.1,105.47,148.82,17.05,125.98,146.71,7.6,137.1,112.07,-5.11,16.08,-9.36,25.03,22.33
2022-01-24,126.03,130.37,130.78,124.64,-6.73,4.72,2.3213,2.03,2764602.0,360426691.94,133.18,137.78,141.82,143.19,144.36,143.64,142.8,143.02,142.41,140.17,139.74,142.55,143.53,142.77,140.73,135.81,129.86,123.39,117.43,112.32,107.76,20.54,136.95,106.11,148.82,16.76,126.2,146.5,7.44,136.95,112.07,-4.8,16.33,-9.17,24.88,22.2
2022-01-25,128.44,126.74,129.34,126.38,-7.01,2.27,1.5079,1.08,1800430.0,228178396.26,131.27,136.56,141.09,142.66,144.04,143.47,142.6,142.86,142.33,140.17,139.74,142.55,143.53,142.77,140.73,135.81,129.86,123.39,117.43,112.32,107.76,15.98,136.84,106.95,148.82,16.37,126.2,146.5,7.44,136.84,112.07,-7.38,13.09,-11.7,24.77,22.1
2022-01-26,130.59,129.24,132.81,127.15,-4.73,4.46,1.6473,1.13,1981544.0,256094746.56,129.99,135.55,140.5,142.2,143.72,143.33,142.47,142.74,142.27,140.19,139.74,142.55,143.53,142.77,140.73,135.81,129.86,123.39,117.43,112.32,107.76,20.29,136.75,110.97,148.82,14.57,126.41,146.5,7.36,136.75,112.07,-5.49,15.32,-9.95,24.68,22.02
2022-01-27,131.36,129.12,132.61,128.94,-3.28,2.84,1.2606,0.78,1514251.0,195521603.37,129.11,134.98,139.98,141.8,143.48,143.2,142.36,142.59,142.2,140.2,139.74,142.55,143.53,142.77,140.73,135.81,129.86,123.39,117.43,112.32,107.76,19.53,136.7,111.6,148.82,14.29,126.62,146.5,7.28,136.7,112.07,-5.54,15.21,-10.04,24.63,21.98
2022-01-28,130.0,133.29,133.37,128.69,2.46,3.62,1.2621,0.75,1525878.0,203383515.68,129.75,134.7,139.51,141.5,143.27,143.15,142.29,142.48,142.16,140.25,136.97,140.88,142.97,142.34,140.88,136.25,130.42,124.09,118.3,113.04,108.47,28.32,136.69,112.45,148.82,13.92,126.83,146.5,7.2,136.69,112.58,-2.49,18.4,-6.77,24.11,21.42
2022-01-31,134.2,135.7,135.84,132.27,4.09,2.68,1.3929,0.89,1702778.0,231064420.43,130.82,134.61,139.2,141.26,143.08,143.12,142.23,142.38,142.14,140.3,136.97,140.88,142.97,142.34,140.88,136.25,130.42,124.09,118.3,113.04,108.47,32.76,136.73,112.87,148.82,13.74,126.83,146.5,7.2,136.73,112.58,-0.75,20.54,-5.09,24.15,21.45
2022-02-01,137.84,137.88,138.2,134.57,8.79,2.68,2.057,1.5,2560160.0,352991020.56,133.05,134.56,139.04,141.15,142.9,143.08,142.19,142.31,142.14,140.38,136.97,140.88,142.97,142.34,140.88,136.25,130.42,124.09,118.3,113.04,108.47,44.88,136.77,113.3,148.61,13.48,127.04,146.29,7.04,136.77,112.58,0.81,22.47,-3.56,24.19,21.49
2022-02-02,151.86,148.04,152.1,145.56,14.54,4.75,3.4456,2.42,4487538.0,664319419.14,136.8,135.1,139.23,141.19,142.88,143.16,142.25,142.34,142.22,140.54,136.97,140.88,142.97,142.34,140.88,136.25,130.42,124.09,118.3,113.04,108.47,90.94,137.24,113.72,149.04,13.44,127.25,146.92,7.17,137.24,112.58,7.87,31.49,3.54,24.66,21.9
2022-02-03,145.29,142.65,149.12,142.21,10.48,4.67,2.133,1.21,2846507.0,406055646.8,139.51,135.17,139.17,141.19,142.77,143.16,142.26,142.32,142.26,140.64,136.97,140.88,142.97,142.34,140.88,136.25,130.42,124.09,118.3,113.04,108.47,60.13,137.44,114.14,149.04,13.26,127.68,146.92,7.01,137.44,112.58,3.79,26.71,-0.22,24.86,22.08
2022-02-04,143.02,143.02,144.54,139.82,7.3,3.31,1.8078,0.94,2461220.0,351993839.52,141.46,135.42,139.04,141.23,142.67,143.15,142.33,142.3,142.29,140.74,136.64,140.9,143.26,142.42,141.33,136.81,131.18,124.99,119.3,113.88,109.29,62.86,137.55,114.35,149.04,13.17,127.89,146.71,6.85,137.55,113.46,3.97,26.05,-0.17,24.09,21.23
2022-02-07,143.71,138.94,143.85,138.7,2.39,3.6,1.6167,0.79,2230537.0,309906349.71,142.1,135.37,138.77,141.12,142.54,143.1,142.38,142.24,142.31,140.8,136.64,140.9,143.26,142.42,141.33,136.81,131.18,124.99,119.3,113.88,109.29,45.05,137.63,114.57,149.04,13.08,128.1,146.71,6.77,137.63,113.46,0.95,22.46,-3.02,24.17,21.3
2022-02-08,138.99,139.21,139.84,136.87,0.97,2.13,1.2253,0.59,1712752.0,238437344.18,142.37,135.56,138.47,141.04,142.41,143.05,142.45,142.19,142.33,140.86,136.64,140.9,143.26,142.42,141.33,136.81,131.18,124.99,119.3,113.88,109.29,46.36,137.66,114.78,149.04,12.99,128.31,146.71,6.69,137.66,113.46,1.13,22.7,-2.83,24.2,21.33
2022-02-09,140.85,141.45,142.18,140.38,-4.45,1.29,1.0169,0.52,1431358.0,202469883.17,141.05,135.95,138.31,140.99,142.27,143.09,142.5,142.18,142.37,140.94,136.64,140.9,143.26,142.42,141.33,136.81,131.18,124.99,119.3,113.88,109.29,54.89,137.71,114.99,149.04,12.9,128.52,146.71,6.61,137.71,113.46,2.72,24.67,-1.26,24.25,21.37
2022-02-10,139.5,138.6,141.43,138.05,-2.84,2.39,1.1614,0.77,1650885.0,228816788.21,140.24,136.29,138.04,140.78,142.1,143.09,142.56,142.14,142.37,141.0,136.64,140.9,143.26,142.42,141.33,136.81,131.18,124.99,119.3,113.88,109.29,42.57,137.75,115.2,149.04,12.81,128.73,146.71,6.53,137.75,113.46,0.62,22.16,-3.25,24.29,21.41
2022-02-11,138.75,134.13,139.28,133.29,-6.21,4.33,1.348,1.02,1940440.0,260271217.2,138.47,136.56,137.65,140.46,141.85,143.01,142.54,142.05,142.31,141.03,136.06,140.06,142.32,141.99,141.4,137.17,131.83,125.78,120.14,114.63,110.0,24.42,137.74,115.2,148.82,12.74,128.95,146.71,6.44,137.74,114.16,-2.62,17.49,-5.75,23.58,20.66
2022-02-14,133.37,135.3,136.17,133.3,-2.62,2.14,0.9245,0.75,1339640.0,181253292.0,137.74,136.89,137.34,140.17,141.62,142.87,142.51,141.96,142.25,141.06,136.06,140.06,142.32,141.99,141.4,137.17,131.83,125.78,120.14,114.63,110.0,27.92,137.73,115.41,148.82,12.65,128.95,146.71,6.44,137.73,114.16,-1.76,18.52,-4.93,23.57,20.65
2022-02-15,137.47,136.43,137.9,135.54,-2.0,1.74,0.9171,0.82,1328878.0,181292845.59,137.18,137.53,137.05,139.9,141.38,142.74,142.48,141.88,142.2,141.08,136.06,140.06,142.32,141.99,141.4,137.17,131.83,125.78,120.14,114.63,110.0,32.42,137.75,115.62,148.82,12.55,129.16,146.5,6.29,137.75,114.16,-0.96,19.5,-4.14,23.59,20.66
2022-02-16,136.43,137.49,137.95,134.82,-2.8,2.29,0.8808,0.83,1280483.0,176050406.46,136.39,138.08,136.82,139.7,141.17,142.59,142.45,141.84,142.16,141.13,136.06,140.06,142.32,141.99,141.4,137.17,131.83,125.78,120.14,114.63,110.0,38.84,137.76,115.83,148.82,12.47,129.16,146.5,6.29,137.76,114.16,-0.2,20.43,-3.39,23.6,20.67
2022-02-17,136.15,132.31,136.84,132.2,-4.54,3.37,1.0612,1.03,1548406.0,204867275.25,135.13,138.3,136.64,139.42,140.92,142.44,142.38,141.78,142.05,141.13,136.06,140.06,142.32,141.99,141.4,137.17,131.83,125.78,120.14,114.63,110.0,20.48,137.75,116.05,148.82,12.38,129.37,146.5,6.21,137.75,114.16,-3.95,15.9,-7.03,23.59,20.66
2022-02-18,133.04,130.47,133.82,130.31,-2.73,2.66,1.0832,1.07,1592930.0,207825594.78,134.4,138.11,136.4,139.04,140.65,142.23,142.31,141.69,141.93,141.14,134.2,138.24,141.07,141.69,141.16,137.54,132.33,126.51,120.88,115.33,110.65,17.59,137.7,116.26,148.82,12.29,129.37,146.5,6.21,137.7,114.59,-5.25,13.86,-7.92,23.11,20.17
2022-02-22,129.99,129.4,131.9,127.74,-4.36,3.19,1.3063,1.37,1945329.0,251730435.92,133.22,137.69,136.15,138.7,140.36,142.0,142.22,141.58,141.8,141.13,134.2,138.24,141.07,141.69,141.16,137.54,132.33,126.51,120.88,115.33,110.65,15.37,137.62,117.1,148.82,11.93,129.37,146.5,6.21,137.62,114.59,-5.97,12.93,-8.67,23.03,20.1
2022-02-23,131.08,127.58,131.75,127.5,-6.48,3.28,0.8828,0.86,1321564.0,168611742.94,131.45,137.0,135.78,138.36,140.11,141.72,142.06,141.44,141.64,141.09,134.2,138.24,141.07,141.69,141.16,137.54,132.33,126.51,120.88,115.33,110.65,11.88,137.58,117.53,148.82,11.75,129.16,146.5,6.29,137.58,114.59,-7.26,11.34,-9.96,22.99,20.06
2022-02-24,125.0,132.67,133.04,124.76,-3.5,6.48,1.4282,1.4,2158254.0,286343112.07,130.49,135.98,135.54,138.14,139.89,141.5,141.96,141.35,141.55,141.09,134.2,138.24,141.07,141.69,141.16,137.54,132.33,126.51,120.88,115.33,110.65,24.68,137.49,117.74,148.82,11.66,129.16,146.5,6.29,137.49,114.59,-3.5,15.78,-6.37,22.9,19.98
2022-02-25,133.53,134.52,135.39,131.76,1.67,2.73,0.8755,0.77,1311793.0,176461738.46,130.93,135.43,135.3,137.93,139.75,141.3,141.87,141.28,141.46,141.07,135.08,137.41,140.06,141.42,141.14,137.97,132.96,127.29,121.63,116.07,111.35,29.06,137.47,117.95,148.82,11.57,129.16,146.29,6.22,137.47,114.91,-2.15,17.07,-4.88,22.56,19.63
2022-02-28,133.28,134.89,135.64,132.83,3.39,2.09,0.9896,0.89,1483784.0,200149107.54,131.81,134.89,135.16,137.66,139.64,141.11,141.77,141.27,141.37,141.03,135.08,137.41,140.06,141.42,141.14,137.97,132.96,127.29,121.63,116.07,111.35,30.86,137.47,118.58,148.82,11.31,129.37,146.29,6.14,137.47,114.91,-1.88,17.39,-4.61,22.56,19.63
2022-03-01,134.48,134.17,136.11,133.38,3.68,2.03,0.8202,0.75,1231996.0,165294439.33,132.77,134.58,134.97,137.37,139.48,140.94,141.68,141.27,141.28,141.02,135.08,137.41,140.06,141.42,141.14,137.97,132.96,127.29,121.63,116.07,111.35,27.69,137.48,119.43,148.82,10.96,129.37,146.29,6.14,137.48,114.91,-2.41,16.76,-5.13,22.57,19.64
2022-03-02,134.61,134.75,135.62,133.43,5.62,1.63,0.799,0.8,1198337.0,161477708.26,134.2,134.28,134.92,137.08,139.35,140.78,141.59,141.28,141.2,141.01,135.08,137.41,140.06,141.42,141.14,137.97,132.96,127.29,121.63,116.07,111.35,30.45,137.5,119.85,148.82,10.78,129.37,146.29,6.14,137.5,114.91,-2.0,17.27,-4.71,22.59,19.66
2022-03-03,135.98,134.31,136.71,133.43,1.23,2.44,0.6603,0.67,988965.0,132825911.22,134.53,133.8,134.88,136.81,139.19,140.58,141.54,141.26,141.14,140.99,135.08,137.41,140.06,141.42,141.14,137.97,132.96,127.29,121.63,116.07,111.35,28.35,137.51,120.06,148.82,10.7,129.58,146.29,6.06,137.51,114.91,-2.33,16.88,-5.03,22.6,19.67
2022-03-04,133.38,132.12,134.2,130.41,-1.78,2.82,0.8164,0.98,1223612.0,161666064.66,134.05,133.37,134.83,136.49,138.93,140.35,141.47,141.25,141.04,140.97,134.85,135.91,138.87,140.94,140.97,138.26,133.56,127.99,122.36,116.73,112.03,22.51,137.49,120.28,148.82,10.61,129.58,146.29,6.06,137.49,115.25,-3.9,14.64,-6.28,22.24,19.3
2022-03-07,131.9,126.46,131.9,126.41,-6.25,4.16,1.2924,1.6,1958895.0,247730676.73,132.36,132.86,134.71,136.05,138.56,140.05,141.32,141.15,140.9,140.91,134.85,135.91,138.87,140.94,140.97,138.26,133.56,127.99,122.36,116.73,112.03,8.64,137.39,120.28,148.61,10.54,129.37,146.29,6.14,137.39,115.25,-7.95,9.73,-10.29,22.14,19.21
2022-03-08,126.25,127.28,131.25,125.86,-5.13,4.26,1.1522,1.33,1762478.0,224325556.12,130.98,132.32,134.61,135.67,138.21,139.76,141.11,141.06,140.75,140.85,134.85,135.91,138.87,140.94,140.97,138.26,133.56,127.99,122.36,116.73,112.03,10.82,137.29,120.49,148.61,10.45,129.16,146.29,6.22,137.29,115.25,-7.29,10.44,-9.71,22.04,19.12
2022-03-09,131.4,133.87,134.2,130.09,-0.66,3.23,1.0484,1.13,1612872.0,215908723.15,130.81,132.15,134.84,135.42,137.96,139.53,140.97,141.01,140.66,140.83,134.85,135.91,138.87,140.94,140.97,138.26,133.56,127.99,122.36,116.73,112.03,29.57,137.27,120.7,148.61,10.37,129.16,146.07,6.15,137.27,115.25,-2.48,16.15,-5.04,22.02,19.11
2022-03-10,131.46,132.68,133.54,131.4,-1.21,1.6,0.7886,0.8,1213260.0,160977763.32,130.48,131.83,134.96,135.16,137.73,139.3,140.8,140.94,140.59,140.8,134.85,135.91,138.87,140.94,140.97,138.26,133.56,127.99,122.36,116.73,112.03,25.9,137.26,120.7,148.61,10.37,129.16,146.07,6.15,137.26,115.25,-3.34,15.13,-5.88,22.01,19.1
2022-03-11,134.0,130.48,134.2,130.3,-1.25,2.94,0.8636,0.86,1329990.0,173531110.24,130.15,131.71,135.0,135.0,137.49,139.08,140.65,140.86,140.52,140.76,132.34,134.49,138.05,140.53,140.71,138.45,134.13,128.72,122.96,117.33,112.69,19.25,137.23,120.91,148.61,10.28,129.37,146.07,6.07,137.23,115.58,-4.92,12.89,-7.27,21.65,18.73
2022-03-14,130.57,126.74,131.03,126.41,0.22,3.54,0.9806,0.96,1512693.0,191720223.51,130.21,131.46,134.78,134.76,137.15,138.82,140.44,140.76,140.41,140.69,132.34,134.49,138.05,140.53,140.71,138.45,134.13,128.72,122.96,117.33,112.69,8.5,137.16,121.12,148.61,10.19,129.16,146.07,6.15,137.16,115.58,-7.6,9.66,-9.93,21.58,18.67
2022-03-15,127.74,129.66,130.52,126.57,1.87,3.12,0.9803,1.02,1514630.0,196387683.12,130.68,131.48,134.58,134.59,136.89,138.59,140.25,140.68,140.32,140.63,132.34,134.49,138.05,140.53,140.71,138.45,134.13,128.72,122.96,117.33,112.69,17.76,137.09,121.33,148.61,10.11,128.95,146.07,6.23,137.09,115.58,-5.42,12.18,-7.85,21.51,18.61
2022-03-16,131.0,133.69,133.77,129.2,-0.13,3.52,1.0439,1.12,1602910.0,214293839.36,130.65,131.89,134.44,134.48,136.74,138.47,140.08,140.61,140.25,140.6,132.34,134.49,138.05,140.53,140.71,138.45,134.13,128.72,122.96,117.33,112.69,31.95,137.08,121.54,148.61,10.02,129.16,146.07,6.15,137.08,115.58,-2.47,15.67,-4.99,21.5,18.6
2022-03-17,133.32,134.6,134.74,132.72,1.45,1.51,0.7797,0.84,1199719.0,161482777.26,131.03,132.01,134.0,134.36,136.61,138.31,139.92,140.54,140.18,140.58,132.34,134.49,138.05,140.53,140.71,138.45,134.13,128.72,122.96,117.33,112.69,35.9,137.1,121.97,148.61,9.85,129.16,146.07,6.15,137.1,115.58,-1.82,16.46,-4.34,21.52,18.62
2022-03-18,133.88,136.8,136.91,132.93,4.85,2.96,1.4706,1.6,2294985.0,313957390.48,132.3,132.17,133.8,134.26,136.49,138.24,139.78,140.48,140.14,140.57,132.88,134.47,137.67,139.96,140.65,138.73,134.73,129.41,123.65,118.05,113.45,47.48,137.1,122.81,148.61,9.51,129.16,145.86,6.07,137.1,115.96,-0.22,17.97,-2.74,21.14,18.23
2022-03-21,136.85,136.48,137.58,134.61,7.68,2.17,0.8496,0.82,1331623.0,181737909.61,134.25,132.27,133.58,134.2,136.31,138.17,139.64,140.41,140.15,140.55,132.88,134.47,137.67,139.96,140.65,138.73,134.73,129.41,123.65,118.05,113.45,45.07,137.11,123.87,148.61,9.08,129.16,145.86,6.07,137.11,115.96,-0.46,17.69,-2.97,21.15,18.24
2022-03-22,136.5,140.28,141.5,136.5,8.19,3.66,0.9419,0.94,1488843.0,208851173.93,136.37,132.68,133.63,134.21,136.2,138.12,139.57,140.39,140.19,140.57,132.88,134.47,137.67,139.96,140.65,138.73,134.73,129.41,123.65,118.05,113.45,62.27,137.16,124.5,148.61,8.83,129.37,145.86,5.99,137.16,115.96,2.27,20.97,-0.27,21.2,18.28
2022-03-23,139.14,138.5,140.02,138.17,3.6,1.32,0.7953,0.8,1265116.0,175222993.91,137.33,132.93,133.6,134.26,136.04,138.07,139.48,140.35,140.24,140.58,132.88,134.47,137.67,139.96,140.65,138.73,134.73,129.41,123.65,118.05,113.45,55.13,137.2,124.93,148.4,8.59,129.37,145.86,5.99,137.2,115.96,0.95,19.44,-1.53,21.24,18.32
2022-03-24,139.27,141.31,141.4,138.04,4.99,2.42,0.6451,0.68,1027236.0,145160773.63,138.67,133.4,133.6,134.38,135.95,138.04,139.38,140.38,140.28,140.61,132.88,134.47,137.67,139.96,140.65,138.73,134.73,129.41,123.65,118.05,113.45,65.63,137.25,125.14,148.4,8.5,129.37,145.86,5.99,137.25,115.96,2.96,21.86,0.47,21.29,18.36
2022-03-25,141.75,141.52,141.96,139.7,3.45,1.6,0.605,0.65,964454.0,136490976.76,139.62,134.02,133.7,134.56,135.87,137.95,139.3,140.4,140.34,140.63,135.09,134.64,137.19,139.57,140.55,139.13,135.28,130.24,124.42,118.87,114.21,66.6,137.29,125.14,148.4,8.5,129.37,145.86,5.99,137.29,116.35,3.08,21.63,0.69,20.94,18.0
2022-03-28,140.68,141.95,141.98,139.83,4.01,1.52,0.7414,0.98,1188654.0,168729435.3,140.71,135.06,133.96,134.82,135.8,137.86,139.22,140.43,140.39,140.64,135.09,134.64,137.19,139.57,140.55,139.13,135.28,130.24,124.42,118.87,114.21,68.88,137.35,125.35,148.4,8.42,129.58,145.86,5.91,137.35,116.35,3.35,22.0,0.99,21.0,18.05
2022-03-29,143.16,143.25,144.16,142.48,2.12,1.18,0.8891,1.21,1433921.0,205409183.25,141.31,136.12,134.22,135.11,135.78,137.79,139.15,140.4,140.44,140.64,135.09,134.64,137.19,139.57,140.55,139.13,135.28,130.24,124.42,118.87,114.21,74.41,137.44,125.56,148.4,8.34,129.58,145.65,5.84,137.44,116.35,4.23,23.12,1.92,21.09,18.13
2022-03-30,142.87,142.64,143.48,142.17,2.99,0.92,0.6539,0.89,1052319.0,150107517.6,142.14,136.71,134.43,135.46,135.74,137.71,139.06,140.36,140.47,140.64,135.09,134.64,137.19,139.57,140.55,139.13,135.28,130.24,124.42,118.87,114.21,70.68,137.51,125.56,148.4,8.34,129.58,145.65,5.84,137.51,116.35,3.73,22.6,1.49,21.16,18.19
2022-03-31,142.45,139.65,142.64,139.62,-1.18,2.12,0.914,1.3,1475816.0,206096966.49,141.8,137.17,134.5,135.7,135.66,137.62,138.95,140.28,140.47,140.63,135.09,134.64,137.19,139.57,140.55,139.13,135.28,130.24,124.42,118.87,114.21,57.27,137.56,125.77,148.4,8.25,129.58,145.65,5.84,137.56,116.35,1.52,20.03,-0.64,21.21,18.23
2022-04-01,140.01,140.7,140.95,138.8,-0.58,1.54,0.737,0.96,1174001.0,165181940.7,141.64,137.85,134.78,135.95,135.71,137.56,138.88,140.25,140.48,140.6,136.32,135.7,137.05,139.13,140.42,139.47,135.79,130.84,125.15,119.71,114.92,61.9,137.59,125.77,148.4,8.25,129.79,145.65,5.76,137.59,116.79,2.26,20.47,0.2,20.8,17.81
2022-04-04,140.82,143.64,144.04,140.82,1.19,2.29,0.6022,0.75,954245.0,137070137.41,141.98,138.98,135.22,136.18,135.81,137.51,138.84,140.23,140.54,140.59,136.32,135.7,137.05,139.13,140.42,139.47,135.79,130.84,125.15,119.71,114.92,77.11,137.65,125.98,148.4,8.17,129.79,145.65,5.76,137.65,116.79,4.35,22.99,2.3,20.86,17.86
2022-04-05,143.4,141.06,143.59,140.94,-1.53,1.84,0.6076,0.79,962778.0,135812353.01,141.54,139.74,135.61,136.3,135.88,137.46,138.78,140.18,140.57,140.56,136.32,135.7,137.05,139.13,140.42,139.47,135.79,130.84,125.15,119.71,114.92,62.84,137.69,125.98,148.4,8.17,129.79,145.65,5.76,137.69,116.79,2.45,20.78,0.46,20.9,17.9
2022-04-06,139.16,137.18,139.85,136.42,-3.83,2.43,0.7481,1.05,1178730.0,161693466.48,140.45,139.97,135.93,136.29,135.86,137.39,138.72,140.07,140.53,140.5,136.32,135.7,137.05,139.13,140.42,139.47,135.79,130.84,125.15,119.71,114.92,44.07,137.71,125.98,148.4,8.17,129.79,145.65,5.76,137.71,116.79,-0.39,17.46,-2.31,20.92,17.91
2022-04-07,136.62,136.46,137.7,134.86,-2.28,2.07,0.6185,0.85,972427.0,132702250.56,139.81,140.1,136.06,136.03,135.8,137.31,138.61,139.94,140.49,140.45,136.32,135.7,137.05,139.13,140.42,139.47,135.79,130.84,125.15,119.71,114.92,40.46,137.72,126.2,148.4,8.09,130.0,145.44,5.6,137.72,116.79,-0.91,16.85,-2.81,20.93,17.92
2022-04-08,136.25,134.01,136.25,133.75,-4.75,1.83,0.5246,0.78,821724.0,110119644.1,138.47,139.91,136.04,135.84,135.67,137.17,138.52,139.8,140.41,140.38,136.7,135.78,136.17,138.33,140.15,139.6,136.16,131.32,125.76,120.49,115.56,27.93,137.71,126.2,148.4,8.09,130.0,145.44,5.6,137.71,117.09,-2.69,14.45,-4.38,20.62,17.61
2022-04-11,132.9,129.8,132.94,129.62,-9.64,2.48,0.7731,1.24,1209367.0,156971603.82,135.7,139.46,135.87,135.54,135.51,136.94,138.38,139.61,140.3,140.27,136.7,135.78,136.17,138.33,140.15,139.6,136.16,131.32,125.76,120.49,115.56,14.7,137.67,126.2,148.4,8.09,130.0,145.44,5.6,137.67,117.09,-5.72,10.85,-7.39,20.58,17.58
2022-04-12,132.42,128.37,132.42,127.58,-8.99,3.73,0.7355,1.12,1150161.0,147651343.29,133.16,138.67,135.68,135.31,135.32,136.69,138.21,139.44,140.18,140.16,136.7,135.78,136.17,138.33,140.15,139.6,136.16,131.32,125.76,120.49,115.56,10.05,137.62,126.41,148.4,8.0,129.79,145.44,5.69,137.62,117.09,-6.72,9.64,-8.4,20.53,17.53
2022-04-13,128.63,130.29,130.66,128.44,-5.02,1.73,0.6275,0.92,977148.0,127308704.33,131.79,138.12,135.53,135.11,135.22,136.46,138.08,139.28,140.07,140.07,136.7,135.78,136.17,138.33,140.15,139.6,136.16,131.32,125.76,120.49,115.56,17.05,137.59,126.41,148.4,8.0,129.79,145.44,5.69,137.59,117.09,-5.31,11.27,-7.04,20.5,17.51
2022-04-14,130.65,127.25,130.71,127.11,-6.75,2.76,0.753,1.14,1174168.0,149416400.5,129.94,137.19,135.29,134.79,135.08,136.2,137.89,139.07,139.98,139.97,136.7,135.78,136.17,138.33,140.15,139.6,136.16,131.32,125.76,120.49,115.56,6.62,137.52,126.62,148.19,7.85,129.79,145.44,5.69,137.52,117.09,-7.47,8.68,-9.2,20.43,17.45
2022-04-18,127.41,127.96,128.71,126.58,-4.51,1.68,0.4801,0.7,745860.0,95440991.46,128.73,136.28,135.15,134.56,134.99,135.95,137.67,138.87,139.89,139.86,136.06,134.2,135.01,137.55,139.68,139.55,136.29,131.69,126.31,121.16,116.14,9.23,137.49,126.62,148.19,7.85,129.58,145.44,5.77,137.49,117.25,-6.93,9.14,-8.39,20.24,17.26
2022-04-19,128.08,130.53,130.9,127.45,0.57,2.7,0.7388,1.08,1135965.0,148278647.42,128.88,135.52,135.29,134.48,135.0,135.75,137.47,138.69,139.81,139.78,136.06,134.2,135.01,137.55,139.68,139.55,136.29,131.69,126.31,121.16,116.14,19.49,137.44,126.62,148.19,7.85,129.58,145.44,5.77,137.44,117.25,-5.03,11.33,-6.55,20.19,17.22
2022-04-20,131.28,128.25,131.92,127.89,-0.1,3.09,0.7485,1.09,1130469.0,144977562.14,128.86,134.52,135.32,134.32,134.96,135.53,137.25,138.49,139.66,139.67,136.06,134.2,135.01,137.55,139.68,139.55,136.29,131.69,126.31,121.16,116.14,9.73,137.39,126.62,148.19,7.85,129.58,145.23,5.69,137.39,117.25,-6.66,9.38,-8.19,20.14,17.18
2022-04-21,129.35,124.94,130.31,124.65,-4.11,4.41,1.0016,1.46,1507877.0,188390382.69,127.79,133.34,135.02,134.07,134.93,135.26,136.98,138.24,139.48,139.54,136.06,134.2,135.01,137.55,139.68,139.55,136.29,131.69,126.31,121.16,116.14,3.12,137.29,126.41,148.19,7.93,129.37,145.23,5.78,137.29,117.25,-9.0,6.56,-10.55,20.04,17.09
2022-04-22,125.0,119.61,125.45,119.14,-6.0,5.05,1.5357,2.04,2320515.0,277566081.21,126.26,132.0,134.59,133.67,134.77,134.93,136.68,137.96,139.25,139.39,132.62,132.75,133.85,136.41,138.91,139.24,136.28,131.98,126.78,121.71,116.64,1.3,137.05,125.35,148.19,8.35,128.95,145.23,5.94,137.05,117.41,-12.72,1.88,-14.1,19.64,16.73
2022-04-25,119.43,123.25,123.28,118.77,-3.68,3.77,1.1396,1.26,1726090.0,212740592.5,125.32,130.84,134.35,133.47,134.67,134.74,136.44,137.73,139.07,139.28,132.62,132.75,133.85,136.41,138.91,139.24,136.28,131.98,126.78,121.71,116.64,5.1,136.89,123.24,148.19,9.19,128.73,145.23,6.02,136.89,117.41,-9.96,4.97,-11.48,19.48,16.59
2022-04-26,122.75,119.51,122.75,119.16,-8.45,2.91,1.6138,1.58,2469652.0,295138231.91,123.11,129.23,134.11,133.22,134.44,134.5,136.13,137.47,138.86,139.15,132.62,132.75,133.85,136.41,138.91,139.24,136.28,131.98,126.78,121.71,116.64,1.43,136.62,121.54,148.19,9.88,128.31,145.02,6.11,136.62,117.41,-12.53,1.79,-14.17,19.21,16.36
2022-04-27,114.37,115.02,117.5,113.12,-10.31,3.66,2.0028,1.7,3111906.0,357932984.07,120.47,127.5,133.62,132.9,134.1,134.2,135.8,137.17,138.59,138.98,132.62,132.75,133.85,136.41,138.91,139.24,136.28,131.98,126.78,121.71,116.64,1.32,136.17,120.28,148.19,10.4,127.89,145.02,6.28,136.17,117.41,-15.53,-2.04,-17.39,18.76,15.98
2022-04-28,117.12,119.41,120.44,115.14,-4.42,4.6,1.1931,0.83,1839547.0,219663066.59,119.36,126.31,133.14,132.72,133.79,133.95,135.54,136.94,138.35,138.83,132.62,132.75,133.85,136.41,138.91,139.24,136.28,131.98,126.78,121.71,116.64,4.28,135.95,119.64,148.19,10.66,127.68,145.02,6.36,135.95,117.41,-12.17,1.7,-14.24,18.54,15.79
2022-04-29,117.58,114.97,118.96,114.69,-3.89,3.57,1.1268,0.73,1684655.0,193678889.06,118.43,124.88,132.49,132.33,133.24,133.61,135.24,136.65,138.06,138.64,127.31,131.2,132.2,134.72,138.2,138.67,136.27,132.14,127.18,122.17,117.09,1.09,135.73,118.79,147.98,10.94,127.25,145.02,6.52,135.73,117.44,-15.3,-2.11,-17.09,18.29,15.57
2022-05-02,113.91,117.16,117.34,113.4,-4.94,3.43,1.0279,0.7,1513982.0,177373589.17,117.21,123.75,131.83,131.94,132.82,133.29,134.94,136.41,137.79,138.48,127.31,131.2,132.2,134.72,138.2,138.67,136.27,132.14,127.18,122.17,117.09,5.03,135.52,117.1,147.98,11.65,126.83,144.81,6.62,135.52,117.44,-13.55,-0.24,-15.51,18.08,15.4
2022-05-03,116.76,118.13,119.3,116.63,-1.15,2.28,0.7318,0.5,1060787.0,125310237.92,116.94,122.98,131.22,131.57,132.4,133.01,134.62,136.18,137.53,138.36,127.31,131.2,132.2,134.72,138.2,138.67,136.27,132.14,127.18,122.17,117.09,5.98,135.39,117.1,147.98,11.65,126.62,144.81,6.7,135.39,117.44,-12.75,0.59,-14.81,17.95,15.28
2022-05-04,118.0,122.58,123.14,115.74,6.57,6.27,1.1538,0.9,1661573.0,203667310.48,118.45,122.59,130.63,131.31,132.13,132.78,134.34,135.98,137.33,138.28,127.31,131.2,132.2,134.72,138.2,138.67,136.27,132.14,127.18,122.17,117.09,12.52,135.22,117.1,147.98,11.65,125.98,144.81,6.95,135.22,117.44,-9.35,4.37,-11.61,17.78,15.14
2022-05-05,120.22,116.75,121.23,115.18,-2.23,4.94,1.4885,1.39,2154452.0,251524730.42,117.91,121.69,129.9,130.91,131.75,132.52,133.99,135.74,137.08,138.17,127.31,131.2,132.2,134.72,138.2,138.67,136.27,132.14,127.18,122.17,117.09,4.79,134.95,116.89,147.98,11.74,124.93,144.81,7.37,134.95,117.44,-13.49,-0.59,-15.81,17.51,14.91
2022-05-06,115.52,115.66,117.5,114.14,0.6,2.87,1.2151,1.09,1765474.0,204194722.84,118.05,120.91,129.05,130.5,131.32,132.25,133.65,135.47,136.8,138.03,122.3,129.31,131.24,133.36,137.38,138.18,136.24,132.35,127.58,122.59,117.54,3.35,134.71,116.47,147.98,11.92,122.6,144.59,8.23,134.71,117.46,-14.14,-1.53,-16.3,17.25,14.69
2022-05-09,113.3,113.08,115.56,112.55,-3.48,2.6,1.1869,1.06,1726048.0,195188412.03,117.24,119.92,128.1,130.08,130.9,131.98,133.28,135.14,136.5,137.89,122.3,129.31,131.24,133.36,137.38,138.18,136.24,132.35,127.58,122.59,117.54,0.18,134.47,115.83,147.98,12.18,121.76,144.59,8.57,134.47,117.46,-15.9,-3.73,-18.16,17.01,14.48
2022-05-10,116.04,114.58,116.69,113.38,-3.0,2.92,1.076,0.93,1557889.0,178509932.12,116.53,118.86,127.19,129.81,130.57,131.77,132.93,134.81,136.21,137.75,122.3,129.31,131.24,133.36,137.38,138.18,136.24,132.35,127.58,122.59,117.54,2.4,134.25,115.62,147.98,12.27,121.12,144.59,8.83,134.25,117.46,-14.65,-2.45,-17.08,16.79,14.29
2022-05-11,113.71,113.96,116.67,113.65,-7.03,2.64,1.2535,1.03,1825082.0,207988169.8,114.81,117.91,126.21,129.52,130.22,131.55,132.59,134.48,135.92,137.59,122.3,129.31,131.24,133.36,137.38,138.18,136.24,132.35,127.58,122.59,117.54,1.44,134.0,115.2,147.98,12.45,120.49,144.38,9.02,134.0,117.46,-14.95,-2.98,-17.53,16.54,14.08
2022-05-12,111.94,113.16,114.86,110.11,-3.07,4.16,1.4119,1.15,2073244.0,234610364.28,114.09,117.12,125.23,129.06,129.83,131.37,132.24,134.15,135.6,137.42,122.3,129.31,131.24,133.36,137.38,138.18,136.24,132.35,127.58,122.59,117.54,1.32,133.69,114.78,147.98,12.64,119.85,144.38,9.28,133.69,117.46,-15.36,-3.66,-18.11,16.23,13.82
2022-05-13,114.85,116.52,118.08,114.0,0.74,3.61,1.0102,0.83,1486878.0,173244333.61,114.26,116.92,124.46,128.7,129.48,131.2,131.93,133.86,135.33,137.26,118.8,127.75,130.12,131.83,136.54,137.67,136.15,132.59,127.95,123.03,117.95,10.61,133.5,114.78,147.98,12.64,119.43,144.38,9.46,133.5,117.37,-12.72,-0.73,-15.36,16.13,13.74
2022-05-16,115.38,114.79,116.61,114.34,1.51,1.95,0.7944,0.67,1164119.0,133632130.31,114.6,116.35,123.6,128.35,129.19,131.01,131.67,133.57,135.06,137.1,118.8,127.75,130.12,131.83,136.54,137.67,136.15,132.59,127.95,123.03,117.95,5.38,133.36,114.78,147.77,12.57,118.58,144.38,9.81,133.36,117.37,-13.92,-2.2,-16.62,15.99,13.62
2022-05-17,117.23,116.7,117.23,115.34,1.85,1.65,0.7405,0.67,1078804.0,125898045.01,115.03,116.16,122.7,128.12,128.96,130.79,131.44,133.28,134.81,136.97,118.8,127.75,130.12,131.83,136.54,137.67,136.15,132.59,127.95,123.03,117.95,12.42,133.23,114.78,147.77,12.57,118.16,144.17,9.92,133.23,117.37,-12.41,-0.57,-15.23,15.86,13.51
2022-05-18,115.24,112.4,115.7,112.14,-1.37,3.04,0.9664,0.92,1399138.0,157264510.34,114.71,115.99,121.74,127.74,128.68,130.48,131.17,132.97,134.52,136.8,118.8,127.75,130.12,131.83,136.54,137.67,136.15,132.59,127.95,123.03,117.95,0.56,133.04,114.57,147.77,12.66,117.53,144.17,10.18,133.04,117.37,-15.51,-4.23,-18.35,15.67,13.35
2022-05-19,111.84,110.75,113.59,110.47,-2.13,2.78,1.0066,1.01,1459587.0,161642692.11,114.23,115.41,120.86,127.23,128.4,130.12,130.86,132.67,134.25,136.6,118.8,127.75,130.12,131.83,136.54,137.67,136.15,132.59,127.95,123.03,117.95,0.07,132.81,114.14,147.77,12.84,117.1,144.17,10.36,132.81,117.37,-16.61,-5.64,-19.56,15.44,13.15
2022-05-20,112.09,109.31,112.55,106.37,-6.18,5.58,1.3002,1.43,1879301.0,205432030.21,112.79,115.04,119.96,126.67,128.01,129.6,130.52,132.35,133.95,136.38,115.21,125.64,127.87,130.06,135.57,136.94,135.89,132.72,128.28,123.3,118.26,0.7,132.49,113.72,147.77,13.02,116.68,143.96,10.47,132.49,117.25,-17.49,-6.77,-20.17,15.24,13.0
2022-05-23,110.1,111.67,112.01,109.15,-2.72,2.61,1.0884,1.13,1577911.0,176199798.68,112.17,114.67,119.21,126.11,127.62,129.19,130.18,132.04,133.69,136.17,115.21,125.64,127.87,130.06,135.57,136.94,135.89,132.72,128.28,123.3,118.26,3.32,132.24,113.09,147.77,13.3,116.26,143.96,10.65,132.24,117.25,-15.56,-4.76,-18.46,14.99,12.78
2022-05-24,106.38,105.93,106.4,102.21,-9.23,3.75,2.0464,2.04,3019319.0,319824384.39,110.01,113.86,118.42,125.43,127.14,128.69,129.81,131.65,133.39,135.92,115.21,125.64,127.87,130.06,135.57,136.94,135.89,132.72,128.28,123.3,118.26,2.04,131.65,111.39,147.77,14.04,115.83,143.96,10.83,131.65,117.25,-19.54,-9.66,-22.65,14.4,12.28
2022-05-25,105.14,105.84,106.54,104.21,-5.84,2.2,1.2748,1.01,1894967.0,200562359.8,108.7,112.74,117.66,124.67,126.67,128.25,129.44,131.26,133.08,135.68,115.21,125.64,127.87,130.06,135.57,136.94,135.89,132.72,128.28,123.3,118.26,2.7,131.29,110.55,147.77,14.41,115.41,143.75,10.93,131.29,117.25,-19.38,-9.73,-22.71,14.04,11.97
2022-05-26,106.05,108.3,108.96,105.49,-2.21,3.28,1.0152,0.77,1514374.0,164000646.7,108.21,112.18,116.93,124.0,126.23,127.84,129.13,130.88,132.79,135.45,115.21,125.64,127.87,130.06,135.57,136.94,135.89,132.72,128.28,123.3,118.26,4.72,131.04,108.64,147.56,15.19,115.2,143.75,11.02,131.04,117.25,-17.36,-7.64,-20.92,13.79,11.76
2022-05-27,109.79,112.8,112.87,109.55,3.19,3.06,0.9974,0.76,1496221.0,168772232.58,108.91,111.99,116.45,123.36,125.87,127.46,128.87,130.56,132.53,135.27,113.85,123.24,126.45,128.85,134.38,136.3,135.63,132.81,128.53,123.59,118.62,9.97,130.83,108.86,147.56,15.09,114.99,143.75,11.12,130.83,116.98,-13.78,-3.57,-17.24,13.85,11.84
2022-05-31,113.08,114.04,116.43,112.57,2.12,3.42,1.6848,1.35,2565096.0,292520982.74,109.38,112.05,115.99,122.75,125.57,127.13,128.66,130.25,132.25,135.11,113.85,123.24,126.45,128.85,134.38,136.3,135.63,132.81,128.53,123.59,118.62,12.78,130.54,109.07,147.56,15.0,114.57,143.75,11.3,130.54,116.98,-12.64,-2.51,-16.33,13.56,11.59
2022-06-01,114.93,114.14,117.4,113.55,7.75,3.37,0.9456,0.68,1431464.0,163383006.57,111.02,112.02,115.44,122.13,125.36,126.86,128.48,129.94,131.96,134.94,113.85,123.24,126.45,128.85,134.38,136.3,135.63,132.81,128.53,123.59,118.62,12.77,130.39,109.07,147.56,15.0,114.57,143.54,11.22,130.39,116.98,-12.46,-2.43,-16.26,13.41,11.46
2022-06-02,114.19,117.75,117.9,113.31,11.25,4.02,0.9121,0.77,1374770.0,161873668.42,113.4,112.27,115.09,121.57,125.2,126.63,128.34,129.69,131.71,134.75,113.85,123.24,126.45,128.85,134.38,136.3,135.63,132.81,128.53,123.59,118.62,26.11,130.25,109.28,147.56,14.9,114.57,143.54,11.22,130.25,116.98,-9.6,0.65,-13.61,13.27,11.34
2022-06-03,115.99,114.56,116.36,113.67,5.79,2.29,0.8311,0.74,1247604.0,142930504.66,114.66,112.37,114.74,120.94,124.88,126.34,128.2,129.4,131.42,134.54,113.77,120.54,125.39,127.59,133.23,135.55,135.41,132.82,128.85,123.94,119.05,14.47,130.12,109.28,147.56,14.9,114.57,143.54,11.22,130.12,116.95,-11.96,-2.04,-15.48,13.17,11.26
2022-06-06,116.74,117.01,119.4,116.53,3.73,2.51,0.7925,0.73,1189336.0,139164800.03,115.5,112.4,114.66,120.44,124.62,126.06,128.07,129.14,131.18,134.33,113.77,120.54,125.39,127.59,133.23,135.55,135.41,132.82,128.85,123.94,119.05,25.13,130.02,109.49,147.56,14.81,114.57,143.54,11.22,130.02,116.95,-10.01,0.05,-13.68,13.07,11.18
2022-06-07,115.65,117.23,117.75,115.13,2.8,2.24,0.8801,0.85,1320677.0,154822304.37,116.14,112.56,114.46,119.92,124.4,125.86,127.94,128.94,130.95,134.15,113.77,120.54,125.39,127.59,133.23,135.55,135.41,132.82,128.85,123.94,119.05,26.31,129.89,109.49,147.56,14.81,114.57,143.54,11.22,129.89,116.95,-9.75,0.24,-13.52,12.94,11.06
2022-06-08,116.88,117.24,118.65,116.7,2.72,1.66,0.7544,0.86,1127213.0,132152197.69,116.76,112.6,114.38,119.33,124.24,125.69,127.76,128.75,130.69,133.96,113.77,120.54,125.39,127.59,133.23,135.55,135.41,132.82,128.85,123.94,119.05,26.31,129.8,109.7,147.34,14.64,114.57,143.33,11.15,129.8,116.95,-9.68,0.25,-13.51,12.85,10.99
2022-06-09,116.34,114.92,118.35,114.87,-2.4,2.97,0.7775,0.92,1157080.0,132969319.44,116.19,112.76,114.38,118.75,124.0,125.49,127.53,128.54,130.44,133.75,113.77,120.54,125.39,127.59,133.23,135.55,135.41,132.82,128.85,123.94,119.05,16.09,129.68,109.7,147.34,14.64,114.57,143.33,11.15,129.68,116.95,-11.38,-1.74,-15.22,12.73,10.88
2022-06-10,112.78,111.43,113.5,110.86,-2.74,2.29,1.0537,1.3,1567487.0,174661157.69,115.56,112.81,114.11,118.18,123.63,125.28,127.23,128.28,130.18,133.5,112.92,117.61,123.85,126.66,131.95,134.72,135.1,132.76,128.95,124.21,119.48,7.44,129.48,109.7,147.34,14.64,114.35,143.33,11.24,129.48,116.92,-13.94,-4.7,-17.52,12.56,10.74
2022-06-13,107.45,106.88,109.22,106.59,-8.66,2.36,1.2266,1.44,1837810.0,196418700.46,113.54,112.65,113.84,117.52,123.16,124.93,126.77,127.96,129.89,133.22,112.92,117.61,123.85,126.66,131.95,134.72,135.1,132.76,128.95,124.21,119.48,3.47,129.2,108.01,147.34,15.4,114.14,143.33,11.33,129.2,116.92,-17.28,-8.59,-20.89,12.28,10.5
2022-06-14,106.89,107.19,108.46,106.35,-8.56,1.97,0.8601,0.91,1274047.0,136570194.12,111.53,112.35,113.51,116.92,122.67,124.57,126.38,127.64,129.58,132.94,112.92,117.61,123.85,126.66,131.95,134.72,135.1,132.76,128.95,124.21,119.48,4.44,129.0,107.59,147.34,15.6,113.93,143.33,11.43,129.0,116.92,-16.9,-8.32,-20.66,12.08,10.33
2022-06-15,108.9,110.39,112.06,108.12,-5.84,3.68,1.1163,1.19,1659601.0,183204184.19,110.16,112.65,113.25,116.49,122.24,124.24,126.02,127.36,129.27,132.68,112.92,117.61,123.85,126.66,131.95,134.72,135.1,132.76,128.95,124.21,119.48,8.24,128.77,107.59,147.34,15.6,113.72,143.11,11.45,128.77,116.92,-14.27,-5.58,-18.29,11.85,10.14
2022-06-16,108.15,106.64,109.29,105.79,-7.21,3.17,1.1839,1.18,1765662.0,188283133.03,108.5,112.7,112.72,116.01,121.68,123.88,125.66,127.05,128.94,132.41,112.92,117.61,123.85,126.66,131.95,134.72,135.1,132.76,128.95,124.21,119.48,3.54,128.5,107.16,147.34,15.79,113.09,143.11,11.72,128.5,116.92,-17.01,-8.8,-21.07,11.58,9.9
2022-06-17,106.54,107.87,109.25,105.63,-3.2,3.4,1.4443,1.34,2175833.0,234697314.46,107.79,112.67,112.42,115.51,121.16,123.52,125.31,126.78,128.6,132.15,111.19,115.0,122.23,125.39,130.55,133.86,134.68,132.63,128.99,124.42,119.88,7.43,128.18,107.16,147.34,15.79,112.45,143.11,12.0,128.18,116.7,-15.85,-7.57,-19.91,11.48,9.84
2022-06-21,109.7,112.02,112.67,109.29,4.81,3.13,1.2816,1.12,1950514.0,218486825.71,108.82,112.62,112.3,115.17,120.68,123.22,124.98,126.55,128.31,131.9,111.19,115.0,122.23,125.39,130.55,133.86,134.68,132.63,128.99,124.42,119.88,15.0,127.94,107.16,147.13,15.72,111.82,143.11,12.28,127.94,116.7,-12.45,-4.01,-16.83,11.24,9.63
2022-06-22,111.16,112.03,113.77,110.72,4.52,2.72,0.7839,0.68,1196086.0,134002298.92,109.79,112.49,112.27,114.82,120.18,122.95,124.69,126.35,128.03,131.65,111.19,115.0,122.23,125.39,130.55,133.86,134.68,132.63,128.99,124.42,119.88,15.83,127.81,107.16,147.13,15.72,111.82,142.9,12.2,127.81,116.7,-12.34,-4.0,-16.82,11.11,9.52
2022-06-23,112.95,112.68,113.2,111.03,2.08,1.93,0.8093,0.71,1235486.0,139220122.17,110.25,112.39,112.2,114.42,119.7,122.77,124.45,126.18,127.75,131.41,111.19,115.0,122.23,125.39,130.55,133.86,134.68,132.63,128.99,124.42,119.88,18.08,127.68,107.16,147.13,15.72,111.82,142.9,12.2,127.68,116.7,-11.74,-3.44,-16.33,10.98,9.41
2022-06-24,113.6,118.54,118.64,113.6,11.16,4.47,1.2741,1.18,1956138.0,231876686.24,112.63,112.44,112.36,114.21,119.29,122.65,124.26,126.07,127.53,131.21,113.04,114.13,121.44,124.16,129.74,133.29,134.46,132.6,129.18,124.78,120.38,38.09,127.53,107.16,147.13,15.72,111.82,142.9,12.2,127.53,116.65,-7.05,1.62,-11.84,10.88,9.33
2022-06-27,118.94,116.62,119.25,116.0,8.12,2.74,1.0627,0.96,1641965.0,191490063.21,114.38,112.58,112.47,114.02,118.85,122.42,124.04,125.97,127.29,130.98,113.04,114.13,121.44,124.16,129.74,133.29,134.46,132.6,129.18,124.78,120.38,31.86,127.41,107.16,147.13,15.72,112.03,142.9,12.11,127.41,116.65,-8.47,-0.02,-13.27,10.76,9.22
2022-06-28,116.35,112.57,117.86,112.44,0.5,4.64,0.9169,0.89,1415811.0,159379967.99,114.49,112.28,112.34,113.87,118.4,122.15,123.77,125.81,127.03,130.73,113.04,114.13,121.44,124.16,129.74,133.29,134.46,132.6,129.18,124.78,120.38,16.85,127.28,107.16,147.13,15.72,112.03,142.9,12.11,127.28,116.65,-11.56,-3.5,-16.28,10.63,9.11
2022-06-29,112.15,112.26,113.66,111.55,0.2,1.87,0.6048,0.63,931393.0,104554918.3,114.53,111.95,112.26,113.62,117.93,121.91,123.54,125.65,126.82,130.5,113.04,114.13,121.44,124.16,129.74,133.29,134.46,132.6,129.18,124.78,120.38,16.34,127.19,107.16,147.13,15.72,112.03,142.69,12.04,127.19,116.65,-11.74,-3.77,-16.51,10.54,9.04
2022-06-30,110.5,109.37,111.33,107.31,-2.94,3.58,1.2227,1.32,1902302.0,208059525.5,113.87,111.43,112.01,113.4,117.35,121.68,123.31,125.42,126.58,130.25,113.04,114.13,121.44,124.16,129.74,133.29,134.46,132.6,129.18,124.78,120.38,9.66,126.95,107.16,147.13,15.72,111.6,142.69,12.22,126.95,116.65,-13.85,-6.24,-18.66,10.3,8.83
2022-07-01,108.34,109.08,109.81,107.1,-7.98,2.47,0.9909,0.99,1551394.0,169227608.91,111.98,111.04,111.9,113.26,116.82,121.41,123.08,125.17,126.35,130.0,112.3,113.07,119.59,122.91,128.63,132.45,134.01,132.42,129.28,125.07,120.75,10.14,126.75,107.16,146.92,15.65,111.39,142.69,12.32,126.75,116.57,-13.94,-6.42,-18.6,10.18,8.73
2022-07-05,107.51,113.89,114.05,106.25,-2.35,7.15,1.1555,1.22,1821469.0,207441640.0,111.43,111.2,112.01,113.14,116.43,121.14,122.93,124.94,126.14,129.8,112.3,113.07,119.59,122.91,128.63,132.45,134.01,132.42,129.28,125.07,120.75,23.6,126.56,107.38,146.92,15.55,111.39,142.69,12.32,126.56,116.57,-10.01,-2.3,-15.01,9.99,8.57
2022-07-06,114.09,115.21,116.35,112.25,2.35,3.6,0.9106,0.95,1442634.0,166210912.36,111.96,111.76,112.2,113.15,116.08,120.88,122.74,124.63,125.94,129.6,112.3,113.07,119.59,122.91,128.63,132.45,134.01,132.42,129.28,125.07,120.75,30.42,126.44,107.38,146.92,15.55,111.39,142.69,12.32,126.44,116.57,-8.88,-1.16,-14.02,9.87,8.47
2022-07-07,116.01,119.31,119.86,115.53,6.28,3.76,1.0074,1.05,1609197.0,191986857.28,113.37,112.56,112.46,113.19,115.83,120.65,122.57,124.41,125.75,129.44,112.3,113.07,119.59,122.91,128.63,132.45,134.01,132.42,129.28,125.07,120.75,43.98,126.35,107.38,146.92,15.55,111.39,142.48,12.24,126.35,116.57,-5.57,2.35,-10.97,9.78,8.39
2022-07-08,117.55,120.17,120.44,117.51,9.87,2.45,0.908,0.87,1454110.0,174738217.54,115.53,113.22,112.93,113.24,115.67,120.43,122.41,124.19,125.59,129.3,113.42,113.59,118.17,122.4,127.68,132.04,133.65,132.49,129.49,125.48,121.21,45.64,126.28,107.38,146.92,15.55,111.39,142.48,12.24,126.28,116.53,-4.84,3.12,-10.09,9.75,8.37
2022-07-11,118.65,116.52,118.79,116.23,6.82,2.13,0.836,0.85,1341523.0,156317613.77,117.02,113.88,113.29,113.11,115.48,120.12,122.21,123.98,125.4,129.12,113.42,113.59,118.17,122.4,127.68,132.04,133.65,132.49,129.49,125.48,121.21,35.29,126.2,107.38,146.92,15.55,111.39,142.48,12.24,126.2,116.53,-7.67,-0.01,-12.82,9.67,8.3
2022-07-12,116.84,114.85,117.85,114.62,0.85,2.78,0.7759,0.81,1248508.0,143390519.55,117.21,114.34,113.51,113.06,115.22,119.8,121.99,123.74,125.22,128.93,113.42,113.59,118.17,122.4,127.68,132.04,133.65,132.49,129.49,125.48,121.21,27.26,126.11,107.38,146.92,15.55,111.6,142.48,12.15,126.11,116.53,-8.93,-1.44,-14.07,9.58,8.22
2022-07-13,112.64,112.19,115.16,111.82,-2.63,2.9,1.2009,1.37,1947943.0,218533881.34,116.61,114.35,113.49,112.99,114.97,119.41,121.74,123.47,125.03,128.72,113.42,113.59,118.17,122.4,127.68,132.04,133.65,132.49,129.49,125.48,121.21,17.15,125.93,107.38,146.71,15.48,111.6,142.27,12.08,125.93,116.53,-10.91,-3.73,-16.06,9.4,8.07
2022-07-14,110.83,111.44,111.99,109.33,-6.59,2.37,0.9888,1.06,1618277.0,180340788.88,115.03,114.31,113.4,112.95,114.69,119.01,121.51,123.21,124.84,128.48,113.42,113.59,118.17,122.4,127.68,132.04,133.65,132.49,129.49,125.48,121.21,15.46,125.77,107.38,146.71,15.48,111.39,142.27,12.17,125.77,116.53,-11.39,-4.37,-16.62,9.24,7.93
2022-07-15,112.96,112.77,114.0,111.82,-6.16,1.95,1.0427,1.13,1716538.0,193568840.65,113.55,114.32,113.35,112.91,114.4,118.62,121.36,123.0,124.7,128.24,113.68,113.3,116.3,121.31,126.68,131.36,133.2,132.41,129.63,125.8,121.56,21.11,125.62,107.38,146.71,15.48,111.39,142.27,12.17,125.62,116.47,-10.23,-3.18,-15.34,9.15,7.86
2022-07-18,111.58,108.05,112.94,107.44,-7.27,4.88,5.0,21.18,33353985.0,3603898079.25,111.86,113.62,113.03,112.78,114.06,118.15,121.15,122.74,124.51,127.97,113.68,113.3,116.3,121.31,126.68,131.36,133.2,132.41,129.63,125.8,121.56,7.36,124.75,107.59,146.71,15.38,110.34,141.85,12.49,124.75,116.47,-13.39,-7.23,-18.88,8.28,7.11
2022-07-19,109.87,112.76,112.95,108.64,-1.82,3.99,5.0,3.89,30992331.0,3494695243.56,111.44,113.36,112.97,112.77,113.86,117.75,120.91,122.52,124.39,127.73,113.68,113.3,116.3,121.31,126.68,131.36,133.2,132.41,129.63,125.8,121.56,29.15,124.04,107.59,146.5,15.31,110.34,141.63,12.42,124.04,116.47,-9.09,-3.19,-15.35,7.57,6.5
2022-07-20,112.2,112.84,114.47,111.4,0.58,2.72,5.0,1.92,26780088.0,3021865129.92,111.57,113.38,112.83,112.69,113.74,117.4,120.69,122.28,124.26,127.51,113.68,113.3,116.3,121.31,126.68,131.36,133.2,132.41,129.63,125.8,121.56,29.85,123.44,107.59,146.29,15.24,110.55,141.21,12.18,123.44,116.47,-8.59,-3.12,-15.29,6.97,5.98
2022-07-21,113.23,113.18,113.35,110.05,1.56,2.92,5.0,1.44,27267848.0,3086175036.64,111.92,113.44,112.7,112.65,113.58,117.03,120.5,122.1,124.13,127.3,113.68,113.3,116.3,121.31,126.68,131.36,133.2,132.41,129.63,125.8,121.56,36.37,122.83,107.8,146.07,15.08,110.76,140.79,11.94,122.83,116.47,-7.86,-2.82,-15.03,6.36,5.46
2022-07-22,109.95,106.5,111.32,105.74,-5.56,4.93,5.0,1.85,44455304.0,4734489876.0,110.67,113.25,112.34,112.42,113.36,116.53,120.27,121.87,123.9,127.02,113.41,112.3,114.47,120.03,125.32,130.48,132.59,132.18,129.69,126.0,121.84,2.74,122.03,107.16,146.07,15.37,109.49,140.37,12.36,122.03,116.29,-12.73,-8.42,-19.68,5.74,4.94
2022-07-25,107.02,106.35,108.72,105.15,-1.57,3.35,5.0,0.87,28289942.0,3008635331.7,110.33,113.07,112.05,112.29,113.22,116.07,120.02,121.65,123.66,126.77,113.41,112.3,114.47,120.03,125.32,130.48,132.59,132.18,129.69,126.0,121.84,4.6,121.2,106.53,145.86,15.58,108.43,139.73,12.61,121.2,116.29,-12.25,-8.55,-19.79,4.91,4.22
2022-07-26,105.57,103.58,105.88,102.9,-8.14,2.8,5.0,1.16,36626630.0,3793786335.4,108.49,112.38,111.79,112.13,112.95,115.62,119.68,121.42,123.37,126.51,113.41,112.3,114.47,120.03,125.32,130.48,132.59,132.18,129.69,126.0,121.84,1.7,120.28,104.84,145.65,16.29,107.38,139.31,12.94,120.28,116.29,-13.88,-10.93,-21.88,3.99,3.43
2022-07-27,107.74,111.74,112.54,106.56,-0.97,5.77,5.0,1.27,41474618.0,4634373815.32,108.27,112.15,111.95,112.18,112.9,115.29,119.43,121.23,123.07,126.3,113.41,112.3,114.47,120.03,125.32,130.48,132.59,132.18,129.69,126.0,121.84,36.09,119.74,105.05,145.44,16.12,107.59,138.88,12.7,119.74,116.29,-6.68,-3.91,-15.73,3.45,2.97
2022-07-28,110.94,112.73,112.84,109.99,-0.4,2.55,3.7384,0.65,23303844.0,2627042334.12,108.18,111.71,112.14,112.21,112.82,115.01,119.16,121.02,122.82,126.09,113.41,112.3,114.47,120.03,125.32,130.48,132.59,132.18,129.69,126.0,121.84,47.67,119.42,105.05,145.23,16.05,107.8,138.46,12.45,119.42,116.29,-5.6,-3.06,-14.98,3.13,2.69
2022-07-29,111.54,114.78,115.04,111.37,7.77,3.26,4.6505,0.9,31336183.0,3596767084.74,109.84,111.35,112.28,112.41,112.77,114.81,118.92,120.83,122.58,125.88,112.66,112.85,113.64,119.24,124.32,129.89,132.12,132.05,129.88,126.35,122.13,58.72,119.14,105.26,145.02,15.89,107.8,137.83,12.23,119.14,116.08,-3.66,-1.12,-13.13,3.06,2.64
2022-08-01,113.67,113.62,115.26,112.83,6.84,2.12,3.2231,0.71,22856202.0,2596921671.24,111.29,111.16,112.52,112.58,112.62,114.61,118.62,120.63,122.37,125.65,112.66,112.85,113.64,119.24,124.32,129.89,132.12,132.05,129.88,126.35,122.13,51.51,118.95,105.26,144.81,15.81,108.01,137.4,11.98,118.95,116.08,-4.48,-2.12,-14.0,2.87,2.47
2022-08-02,112.57,114.04,115.22,112.4,10.1,2.48,2.4355,0.58,17911039.0,2042574887.56,113.38,111.1,112.72,112.71,112.57,114.4,118.35,120.43,122.16,125.43,112.66,112.85,113.64,119.24,124.32,129.89,132.12,132.05,129.88,126.35,122.13,54.72,118.82,105.47,144.81,15.72,108.01,137.19,11.9,118.82,116.08,-4.02,-1.76,-13.69,2.74,2.36
2022-08-03,114.48,116.92,117.56,114.29,4.64,2.87,3.2664,0.92,25302816.0,2958405246.72,114.42,111.42,112.89,112.8,112.59,114.26,118.08,120.27,121.96,125.23,112.66,112.85,113.64,119.24,124.32,129.89,132.12,132.05,129.88,126.35,122.13,67.73,118.73,105.47,144.59,15.64,108.22,136.77,11.65,118.73,116.08,-1.52,0.72,-11.51,2.65,2.28
2022-08-04,116.44,117.01,117.64,115.85,3.8,1.53,1.9746,0.65,15757698.0,1843808242.98,115.27,111.79,113.05,112.86,112.66,114.11,117.81,120.12,121.78,125.03,112.66,112.85,113.64,119.24,124.32,129.89,132.12,132.05,129.88,126.35,122.13,67.66,118.68,105.47,144.38,15.57,108.22,136.56,11.58,118.68,116.08,-1.41,0.8,-11.44,2.6,2.24
2022-08-05,115.07,116.36,117.0,114.85,1.38,1.84,1.901,0.69,15615663.0,1817038546.68,115.59,112.03,113.17,112.91,112.69,113.92,117.52,120.03,121.63,124.83,114.12,113.21,113.42,118.22,123.64,129.09,131.68,131.89,130.01,126.61,122.44,63.86,118.62,105.68,144.38,15.48,108.22,136.35,11.5,118.62,116.05,-1.91,0.27,-11.78,2.57,2.21
2022-08-08,117.26,116.28,119.0,115.97,2.34,2.6,2.0147,0.88,17061112.0,1983866103.36,116.12,112.58,113.1,112.88,112.73,113.76,117.22,119.92,121.47,124.65,114.12,113.21,113.42,118.22,123.64,129.09,131.68,131.89,130.01,126.61,122.44,62.87,118.59,105.68,144.17,15.4,108.43,136.14,11.33,118.59,116.05,-1.95,0.2,-11.84,2.54,2.19
2022-08-09,116.13,115.64,116.34,114.7,1.4,1.41,1.7748,0.84,15424257.0,1783661079.48,116.44,112.77,113.07,112.9,112.77,113.64,116.92,119.75,121.3,124.45,114.12,113.21,113.42,118.22,123.64,129.09,131.68,131.89,130.01,126.61,122.44,59.3,118.52,105.68,144.17,15.4,108.43,135.71,11.17,118.52,116.05,-2.43,-0.35,-12.32,2.47,2.13
2022-08-10,117.73,118.79,119.92,117.5,1.6,2.09,2.2755,1.15,20497021.0,2434841124.59,116.82,113.17,113.27,112.94,112.81,113.63,116.69,119.62,121.14,124.28,114.12,113.21,113.42,118.22,123.64,129.09,131.68,131.89,130.01,126.61,122.44,72.99,118.52,105.68,143.96,15.33,108.64,135.29,10.92,118.52,116.05,0.23,2.36,-9.94,2.47,2.13
2022-08-11,120.22,117.96,120.48,117.69,0.81,2.35,1.7992,0.99,16671627.0,1966585120.92,117.01,113.49,113.46,112.96,112.86,113.56,116.44,119.5,121.02,124.15,114.12,113.21,113.42,118.22,123.64,129.09,131.68,131.89,130.01,126.61,122.44,70.21,118.52,105.9,143.96,15.23,108.64,135.08,10.85,118.52,116.05,-0.47,1.65,-10.56,2.47,2.13
2022-08-12,119.3,120.79,120.79,118.54,3.81,1.91,1.6939,0.95,16121087.0,1947266098.73,117.89,114.44,113.84,113.04,112.93,113.58,116.18,119.44,120.94,124.04,114.24,113.83,113.81,117.18,123.0,128.38,131.2,131.81,130.11,126.98,122.81,76.82,118.54,105.9,143.75,15.16,108.64,134.87,10.77,118.54,116.1,1.9,4.04,-8.36,2.44,2.1
2022-08-15,120.35,121.02,121.4,119.71,4.08,1.4,1.5919,0.9,15524951.0,1878829570.02,118.84,115.42,114.24,113.17,113.07,113.66,115.96,119.36,120.87,123.93,114.24,113.83,113.81,117.18,123.0,128.38,131.2,131.81,130.11,126.98,122.81,76.94,118.57,105.9,143.75,15.16,108.86,134.66,10.59,118.57,116.1,2.07,4.24,-8.19,2.47,2.13
2022-08-16,120.46,120.65,121.37,119.68,4.33,1.4,1.5644,0.93,15626171.0,1885297531.15,119.84,116.56,114.47,113.38,113.24,113.67,115.78,119.23,120.82,123.81,114.24,113.83,113.81,117.18,123.0,128.38,131.2,131.81,130.11,126.98,122.81,75.38,118.6,105.9,143.75,15.16,108.86,134.44,10.52,118.6,116.1,1.73,3.92,-8.47,2.5,2.15
2022-08-17,119.07,118.46,120.29,118.34,-0.28,1.62,1.716,1.04,17589157.0,2083611538.22,119.78,117.0,114.58,113.64,113.39,113.72,115.58,119.08,120.7,123.67,114.24,113.83,113.81,117.18,123.0,128.38,131.2,131.81,130.11,126.98,122.81,67.27,118.6,105.9,143.54,15.09,109.07,134.02,10.27,118.6,116.1,-0.12,2.03,-10.13,2.5,2.15
2022-08-18,118.37,119.0,119.83,117.69,0.88,1.81,1.4928,0.96,15652029.0,1862591451.0,119.98,117.42,114.57,113.9,113.51,113.74,115.41,118.91,120.57,123.51,114.24,113.83,113.81,117.18,123.0,128.38,131.2,131.81,130.11,126.98,122.81,69.23,118.6,106.11,143.54,14.99,109.07,133.81,10.19,118.6,116.1,0.34,2.5,-9.72,2.5,2.15
2022-08-19,118.01,116.26,118.14,115.81,-3.75,1.96,1.8742,1.25,20186983.0,2346938643.58,119.08,117.52,114.44,114.03,113.68,113.72,115.26,118.72,120.41,123.36,114.94,114.31,113.85,115.96,122.54,127.54,130.63,131.64,130.13,127.12,123.11,55.57,118.55,106.11,143.33,14.92,109.07,133.39,10.03,118.55,116.18,-1.93,0.07,-11.68,2.37,2.04
2022-08-22,114.24,113.21,114.64,112.81,-6.45,1.57,1.7463,1.14,19316024.0,2186767077.04,117.52,117.49,114.33,114.18,113.81,113.59,115.09,118.46,120.24,123.18,114.94,114.31,113.85,115.96,122.54,127.54,130.63,131.64,130.13,127.12,123.11,36.34,118.45,106.11,143.33,14.92,109.28,132.96,9.78,118.45,116.18,-4.42,-2.56,-14.0,2.27,1.95
2022-08-23,112.46,112.91,114.07,112.44,-6.42,1.44,1.2762,0.81,14390691.0,1624852920.81,115.97,117.42,114.26,114.29,113.88,113.54,114.9,118.22,120.06,123.03,114.94,114.31,113.85,115.96,122.54,127.54,130.63,131.64,130.13,127.12,123.11,34.58,118.38,106.11,143.33,14.92,109.28,132.54,9.62,118.38,116.18,-4.62,-2.81,-14.23,2.2,1.89
2022-08-24,112.59,112.84,113.86,111.92,-4.74,1.72,1.3935,0.92,16051174.0,1811214474.16,114.84,117.15,114.28,114.31,113.88,113.5,114.74,117.95,119.88,122.88,114.94,114.31,113.85,115.96,122.54,127.54,130.63,131.64,130.13,127.12,123.11,32.84,118.29,106.11,143.11,14.85,109.49,132.33,9.44,118.29,116.18,-4.61,-2.87,-14.28,2.11,1.82
2022-08-25,113.29,115.84,115.92,113.19,-2.66,2.42,1.2688,0.87,14874666.0,1723081309.44,114.21,117.07,114.43,114.39,113.91,113.54,114.6,117.7,119.74,122.76,114.94,114.31,113.85,115.96,122.54,127.54,130.63,131.64,130.13,127.12,123.11,55.28,118.23,106.11,143.11,14.85,109.49,131.91,9.29,118.23,116.18,-2.02,-0.29,-12.0,2.05,1.76
2022-08-26,113.95,109.44,114.74,109.36,-5.87,4.64,2.5923,1.87,31698668.0,3469102225.92,112.85,116.61,114.32,114.32,113.84,113.47,114.37,117.39,119.6,122.62,115.53,114.47,113.38,114.73,121.75,126.53,129.99,131.31,130.04,127.17,123.31,14.33,118.04,106.32,142.9,14.68,109.49,131.06,8.97,118.04,116.07,-7.29,-5.71,-16.66,1.97,1.7
2022-08-29,108.92,108.48,110.1,107.95,-4.18,1.96,1.625,1.06,20386142.0,2211488684.16,111.9,116.09,114.33,114.1,113.68,113.4,114.15,117.06,119.44,122.48,115.53,114.47,113.38,114.73,121.75,126.53,129.99,131.31,130.04,127.17,123.31,12.48,117.87,106.32,142.9,14.68,109.28,130.64,8.9,117.87,116.07,-7.97,-6.54,-17.39,1.8,1.55
2022-08-30,109.17,108.05,109.51,106.94,-4.3,2.37,1.597,1.05,20548202.0,2220233226.1,110.93,115.58,114.18,113.9,113.57,113.33,113.96,116.73,119.23,122.35,115.53,114.47,113.38,114.73,121.75,126.53,129.99,131.31,130.04,127.17,123.31,11.37,117.7,106.32,142.69,14.61,108.86,130.43,9.01,117.7,116.07,-8.2,-6.91,-17.72,1.63,1.4
2022-08-31,109.77,107.29,109.91,107.19,-4.92,2.52,1.9504,1.25,25897978.0,2778594059.62,109.82,114.81,113.99,113.79,113.41,113.21,113.83,116.42,119.02,122.2,115.53,114.47,113.38,114.73,121.75,126.53,129.99,131.31,130.04,127.17,123.31,7.84,117.49,106.32,142.69,14.61,108.64,130.0,8.95,117.49,116.07,-8.68,-7.56,-18.3,1.42,1.22
2022-09-01,107.34,108.69,109.36,106.33,-6.17,2.82,1.6709,1.0,22784385.0,2476434805.65,108.39,114.2,113.84,113.71,113.27,113.13,113.66,116.12,118.83,122.07,115.53,114.47,113.38,114.73,121.75,126.53,129.99,131.31,130.04,127.17,123.31,17.02,117.32,106.32,142.48,14.53,108.43,129.58,8.88,117.32,116.07,-7.36,-6.36,-17.23,1.25,1.08
2022-09-02,109.48,106.82,109.82,106.27,-2.39,3.27,1.4768,0.85,20618080.0,2202423305.6,107.87,113.26,113.85,113.65,113.1,113.0,113.52,115.77,118.67,121.89,113.93,113.3,113.21,113.71,120.54,125.63,129.29,130.93,129.84,127.19,123.51,6.62,117.16,106.32,142.48,14.53,108.22,129.37,8.9,117.16,115.84,-8.83,-7.79,-18.42,1.32,1.14
2022-09-06,106.28,105.62,107.02,104.65,-2.64,2.22,1.4397,0.93,20565050.0,2172080581.0,107.29,112.24,113.83,113.57,112.94,112.9,113.42,115.43,118.47,121.69,113.93,113.3,113.21,113.71,120.54,125.63,129.29,130.93,129.84,127.19,123.51,3.98,116.99,105.9,142.27,14.66,108.01,128.95,8.84,116.99,115.84,-9.72,-8.82,-19.33,1.15,0.99
2022-09-07,105.9,108.62,109.13,105.75,0.53,3.2,1.57,1.04,22987178.0,2496867274.36,107.41,111.44,114.0,113.46,112.89,112.88,113.3,115.16,118.26,121.5,113.93,113.3,113.21,113.71,120.54,125.63,129.29,130.93,129.84,127.19,123.51,18.99,116.83,105.9,142.06,14.58,108.01,128.52,8.67,116.83,115.84,-7.03,-6.23,-17.04,0.99,0.85
2022-09-08,107.32,107.56,108.72,106.2,0.25,2.32,1.4468,0.96,21660654.0,2329819944.24,107.46,110.71,113.86,113.29,112.9,112.85,113.22,114.88,118.03,121.23,113.93,113.3,113.21,113.71,120.54,125.63,129.29,130.93,129.84,127.19,123.51,11.87,116.67,106.11,142.06,14.49,107.8,128.1,8.61,116.67,115.84,-7.81,-7.15,-17.85,0.83,0.72
2022-09-09,108.19,109.92,110.14,108.14,1.13,1.86,1.42,1.0,21745034.0,2390214137.28,107.71,110.1,113.76,113.08,112.95,112.83,113.14,114.65,117.81,121.01,112.65,113.38,113.02,113.23,119.73,124.82,128.64,130.57,129.7,127.29,123.77,28.11,116.56,106.11,141.85,14.41,108.01,127.89,8.43,116.56,115.63,-5.7,-4.94,-15.81,0.93,0.8
2022-09-12,110.13,110.01,110.78,109.07,2.99,1.56,1.2638,0.92,19732905.0,2170816879.05,108.35,109.69,113.6,112.85,112.94,112.88,113.05,114.46,117.59,120.79,112.65,113.38,113.02,113.23,119.73,124.82,128.64,130.57,129.7,127.29,123.77,28.48,116.46,106.11,141.85,14.41,108.01,127.47,8.26,116.46,115.63,-5.54,-4.86,-15.75,0.83,0.72
2022-09-13,107.03,103.45,107.51,103.14,-2.05,3.97,2.0462,1.55,33014991.0,3415400818.95,107.91,109.04,113.26,112.56,112.89,112.85,112.83,114.23,117.28,120.55,112.65,113.38,113.02,113.23,119.73,124.82,128.64,130.57,129.7,127.29,123.77,0.59,116.2,105.47,141.63,14.63,107.8,126.41,7.95,116.2,115.63,-10.97,-10.53,-20.77,0.57,0.49
2022-09-14,103.58,104.01,104.24,102.64,-4.24,1.55,1.343,0.93,22115805.0,2300264878.05,106.99,108.44,112.93,112.32,112.83,112.8,112.69,113.98,117.0,120.32,112.65,113.38,113.02,113.23,119.73,124.82,128.64,130.57,129.7,127.29,123.77,3.52,116.01,104.84,141.42,14.86,107.59,122.81,6.61,116.01,115.63,-10.34,-10.05,-20.34,0.38,0.33
2022-09-15,103.15,102.04,104.35,101.45,-5.13,2.79,1.5699,1.12,26494933.0,2703542963.32,105.89,107.72,112.43,112.1,112.66,112.65,112.54,113.74,116.67,120.05,112.65,113.38,113.02,113.23,119.73,124.82,128.64,130.57,129.7,127.29,123.77,0.26,115.77,103.99,141.21,15.18,107.38,121.33,6.1,115.77,115.63,-11.86,-11.75,-21.85,0.14,0.12
2022-09-16,101.11,101.77,102.17,100.0,-7.41,2.13,3.5991,2.62,64540115.0,6568247503.55,104.26,106.78,111.93,111.88,112.49,112.49,112.42,113.49,116.34,119.81,108.84,111.54,112.17,112.57,118.78,123.64,127.94,129.97,129.5,127.25,123.93,3.13,115.21,102.93,141.0,15.6,106.74,120.91,6.22,115.21,115.32,-11.67,-11.75,-21.7,-0.11,-0.1
2022-09-19,100.68,101.99,102.16,100.51,-7.29,1.62,1.0821,0.59,19738603.0,2013140119.97,102.65,106.29,111.45,111.64,112.31,112.33,112.28,113.22,116.0,119.59,108.84,111.54,112.17,112.57,118.78,123.64,127.94,129.97,129.5,127.25,123.93,4.79,115.05,102.09,141.0,16.01,106.32,120.91,6.42,115.05,115.32,-11.35,-11.56,-21.53,-0.27,-0.23
2022-09-20,101.02,99.97,101.31,99.26,-3.36,2.01,1.2899,0.72,24001668.0,2399446749.96,101.96,105.72,110.9,111.46,112.0,112.09,112.12,112.95,115.64,119.36,108.84,111.54,112.17,112.57,118.78,123.64,127.94,129.97,129.5,127.25,123.93,0.34,114.84,101.67,140.79,16.14,106.11,120.7,6.43,114.84,115.32,-12.95,-13.31,-23.08,-0.48,-0.42
2022-09-21,100.38,98.15,101.63,98.13,-5.63,3.5,1.3981,0.85,26596757.0,2610471699.55,100.78,105.06,110.32,111.14,111.69,111.87,111.95,112.69,115.27,119.1,108.84,111.54,112.17,112.57,118.78,123.64,127.94,129.97,129.5,127.25,123.93,0.0,114.61,101.45,140.58,16.16,105.47,120.7,6.73,114.61,115.32,-14.36,-14.89,-24.48,-0.71,-0.62
2022-09-22,97.59,98.71,99.82,97.55,-3.26,2.31,1.0991,0.66,21272675.0,2099825749.25,100.12,104.49,109.65,110.82,111.46,111.63,111.76,112.49,114.93,118.85,108.84,111.54,112.17,112.57,118.78,123.64,127.94,129.97,129.5,127.25,123.93,1.16,114.42,101.03,140.58,16.37,105.05,120.7,6.93,114.42,115.32,-13.73,-14.4,-24.05,-0.9,-0.78
2022-09-23,98.2,97.31,98.25,96.15,-4.38,2.13,1.298,0.82,25656959.0,2496678680.29,99.23,103.73,108.96,110.47,111.21,111.36,111.56,112.25,114.57,118.61,105.05,110.0,111.22,111.65,117.54,122.51,127.09,129.34,129.21,127.18,124.04,0.77,114.18,100.61,140.37,16.5,104.41,120.49,7.15,114.18,114.88,-14.77,-15.29,-24.76,-0.7,-0.61
2022-09-26,96.75,96.95,98.58,96.52,-4.94,2.12,1.1158,0.96,22437938.0,2175358089.1,98.22,103.07,108.17,110.26,111.01,111.09,111.34,112.03,114.18,118.39,105.05,110.0,111.22,111.65,117.54,122.51,127.09,129.34,129.21,127.18,124.04,0.5,113.97,99.97,140.15,16.73,103.99,120.49,7.35,113.97,114.88,-14.93,-15.61,-25.04,-0.91,-0.79
2022-09-27,98.05,96.23,98.6,95.48,-3.74,3.22,1.1824,1.01,24224988.0,2331170595.24,97.47,102.45,107.34,110.03,110.79,110.84,111.16,111.85,113.81,118.17,105.05,110.0,111.22,111.65,117.54,122.51,127.09,129.34,129.21,127.18,124.04,0.33,113.75,98.92,140.15,17.25,103.78,120.49,7.45,113.75,114.88,-15.4,-16.23,-25.6,-1.13,-0.98
2022-09-28,96.16,98.88,99.54,95.94,0.74,3.74,1.1797,1.02,24616999.0,2434128861.12,97.62,101.8,106.62,109.93,110.54,110.67,111.03,111.66,113.49,117.98,105.05,110.0,111.22,111.65,117.54,122.51,127.09,129.34,129.21,127.18,124.04,5.7,113.55,98.49,139.94,17.38,103.36,120.28,7.57,113.55,114.88,-12.92,-13.93,-23.55,-1.33,-1.16
2022-09-29,97.44,96.23,97.44,94.66,-2.51,2.81,1.0336,0.93,21921520.0,2109507869.6,97.12,101.04,105.88,109.58,110.23,110.53,110.88,111.48,113.15,117.73,105.05,110.0,111.22,111.65,117.54,122.51,127.09,129.34,129.21,127.18,124.04,0.98,113.35,98.07,139.94,17.59,102.93,120.28,7.77,113.35,114.88,-15.1,-16.23,-25.6,-1.53,-1.33
2022-09-30,95.87,94.29,97.63,94.17,-3.1,3.6,1.2155,1.11,26277832.0,2477736779.28,96.52,100.0,105.05,109.17,109.81,110.36,110.69,111.26,112.82,117.46,102.02,108.77,110.32,110.54,116.28,121.18,126.14,128.62,128.84,127.08,124.08,0.12,113.11,97.44,139.73,17.83,102.09,120.06,8.09,113.11,114.43,-16.64,-17.6,-26.81,-1.32,-1.15
2022-10-03,95.36,97.44,98.11,95.16,0.51,3.13,1.1286,1.04,24840028.0,2420412328.32,96.61,99.16,104.42,108.79,109.43,110.19,110.6,111.06,112.55,117.22,102.02,108.77,110.32,110.54,116.28,121.18,126.14,128.62,128.84,127.08,124.08,6.24,112.91,97.22,139.73,17.94,101.67,120.06,8.3,112.91,114.43,-13.7,-14.85,-24.37,-1.52,-1.33
2022-10-04,99.18,100.55,100.86,99.18,4.49,1.72,1.0097,0.93,22580931.0,2270512612.05,97.48,98.97,104.0,108.5,109.16,110.11,110.54,110.85,112.32,116.99,102.02,108.77,110.32,110.54,116.28,121.18,126.14,128.62,128.84,127.08,124.08,12.21,112.77,97.22,139.73,17.94,101.45,119.85,8.31,112.77,114.43,-10.84,-12.13,-21.95,-1.66,-1.45
2022-10-05,98.83,100.36,100.88,97.88,1.5,2.98,0.8157,0.77,18475515.0,1854202685.4,97.77,98.72,103.58,108.19,108.92,110.01,110.45,110.7,112.07,116.76,102.02,108.77,110.32,110.54,116.28,121.18,126.14,128.62,128.84,127.08,124.08,12.17,112.65,97.22,139.52,17.87,101.24,119.85,8.42,112.65,114.43,-10.91,-12.3,-22.1,-1.78,-1.56
2022-10-06,99.64,100.38,101.87,99.64,4.31,2.22,0.7491,0.75,17156240.0,1722143371.2,98.6,98.61,103.17,107.83,108.73,109.85,110.31,110.55,111.85,116.54,102.02,108.77,110.32,110.54,116.28,121.18,126.14,128.62,128.84,127.08,124.08,12.28,112.55,97.22,139.52,17.87,101.03,119.85,8.52,112.55,114.43,-10.81,-12.28,-22.09,-1.88,-1.64
2022-10-07,98.79,97.71,99.56,97.35,3.63,2.2,1.0416,1.11,24249910.0,2369458706.1,99.29,98.34,102.56,107.4,108.5,109.66,110.13,110.4,111.59,116.31,100.2,107.07,108.93,109.96,115.18,120.01,125.32,127.95,128.48,127.03,124.2,6.78,112.39,97.22,139.31,17.79,100.82,119.64,8.54,112.39,114.11,-13.06,-14.37,-23.95,-1.72,-1.51
2022-10-10,97.99,96.85,98.13,96.01,-0.61,2.17,0.7026,0.77,16529897.0,1600920524.45,99.17,98.0,102.14,106.96,108.23,109.45,109.94,110.24,111.31,116.11,100.2,107.07,108.93,109.96,115.18,120.01,125.32,127.95,128.48,127.03,124.2,4.14,112.26,97.01,139.31,17.9,100.61,119.64,8.64,112.26,114.11,-13.73,-15.13,-24.62,-1.85,-1.62
2022-10-11,96.39,96.19,98.26,95.39,-4.34,2.96,0.9265,1.09,21617727.0,2079409160.13,98.3,97.75,101.73,106.52,108.03,109.15,109.7,110.07,111.05,115.9,100.2,107.07,108.93,109.96,115.18,120.01,125.32,127.95,128.48,127.03,124.2,2.46,112.11,97.01,139.1,17.82,100.4,119.43,8.66,112.11,114.11,-14.2,-15.7,-25.13,-2.0,-1.75
2022-10-12,96.41,96.44,97.79,95.81,-3.91,2.06,0.7506,0.88,17343431.0,1672600485.64,97.51,97.63,101.35,106.09,107.76,108.88,109.5,109.91,110.81,115.65,100.2,107.07,108.93,109.96,115.18,120.01,125.32,127.95,128.48,127.03,124.2,3.39,111.98,96.8,139.1,17.93,100.19,119.43,8.76,111.98,114.11,-13.88,-15.49,-24.94,-2.13,-1.87
2022-10-13,94.07,97.85,98.67,93.41,-2.52,5.45,1.414,1.69,32812220.0,3210675727.0,97.01,97.58,101.03,105.63,107.51,108.69,109.29,109.73,110.63,115.42,100.2,107.07,108.93,109.96,115.18,120.01,125.32,127.95,128.48,127.03,124.2,10.05,111.74,96.8,138.88,17.86,99.76,119.43,8.97,111.74,114.11,-12.43,-14.25,-23.84,-2.37,-2.08
2022-10-14,98.77,95.32,99.43,95.17,-2.45,4.35,0.9782,1.01,22624832.0,2156598986.24,96.53,97.44,100.59,105.12,107.21,108.46,109.04,109.54,110.4,115.19,97.28,104.96,108.01,109.08,113.8,118.97,124.26,127.23,128.05,126.88,124.21,0.85,111.58,96.59,138.67,17.89,99.34,119.22,9.1,111.58,113.75,-14.57,-16.2,-25.56,-2.17,-1.91
2022-10-17,97.66,98.92,99.91,97.65,2.14,2.37,1.0235,1.05,23311604.0,2305983867.68,96.94,97.58,100.32,104.64,107.09,108.32,108.84,109.38,110.22,115.0,97.28,104.96,108.01,109.08,113.8,118.97,124.26,127.23,128.05,126.88,124.21,15.11,111.43,96.59,138.46,17.81,98.92,119.22,9.31,111.43,113.75,-11.23,-13.04,-22.75,-2.32,-2.04
2022-10-18,102.08,99.53,102.36,98.79,3.47,3.61,0.9535,0.92,21610541.0,2150897145.73,97.61,97.8,100.12,104.16,106.97,108.19,108.67,109.25,110.09,114.8,97.28,104.96,108.01,109.08,113.8,118.97,124.26,127.23,128.05,126.88,124.21,16.15,111.31,96.59,138.25,17.74,99.13,119.22,9.2,111.31,113.75,-10.58,-12.5,-22.27,-2.44,-2.15
2022-10-19,98.84,98.43,99.8,97.78,2.06,2.03,0.9625,0.92,21573686.0,2123497912.98,98.01,97.77,99.78,103.67,106.89,107.99,108.52,109.14,109.92,114.56,97.28,104.96,108.01,109.08,113.8,118.97,124.26,127.23,128.05,126.88,124.21,12.99,111.18,96.59,138.04,17.67,98.92,119.01,9.22,111.18,113.75,-11.47,-13.47,-23.13,-2.57,-2.26
2022-10-20,98.96,98.67,101.14,98.11,0.84,3.08,1.1348,1.03,25125082.0,2479091840.94,98.17,97.93,99.48,103.23,106.67,107.77,108.43,109.03,109.78,114.32,97.28,104.96,108.01,109.08,113.8,118.97,124.26,127.23,128.05,126.88,124.21,13.9,111.03,96.59,137.62,17.52,98.92,119.01,9.22,111.03,113.75,-11.13,-13.26,-22.94,-2.72,-2.39
2022-10-21,96.6,99.62,99.76,96.37,4.51,3.44,1.3037,1.27,28988727.0,2887856983.74,99.03,98.28,99.14,102.8,106.45,107.5,108.35,108.92,109.64,114.08,96.85,102.85,106.64,108.34,112.4,117.96,123.27,126.48,127.68,126.7,124.29,19.27,110.85,96.59,137.4,17.44,98.7,119.01,9.32,110.85,113.41,-10.13,-12.16,-21.97,-2.56,-2.26
2022-10-24,100.23,101.11,101.24,98.44,2.21,2.81,1.1155,1.02,24680831.0,2495478822.41,99.47,98.53,98.84,102.46,106.22,107.25,108.24,108.87,109.5,113.84,96.85,102.85,106.64,108.34,112.4,117.96,123.27,126.48,127.68,126.7,124.29,25.31,110.71,96.59,137.19,17.37,98.7,118.79,9.24,110.71,113.41,-8.67,-10.85,-20.81,-2.7,-2.38
2022-10-25,101.44,103.07,103.24,101.16,3.56,2.06,1.3447,1.23,29910170.0,3082841221.9,100.18,98.7,98.83,102.23,106.05,107.07,108.2,108.85,109.33,113.59,96.85,102.85,106.64,108.34,112.4,117.96,123.27,126.48,127.68,126.7,124.29,30.02,110.56,96.59,136.77,17.22,98.7,118.79,9.24,110.56,113.41,-6.77,-9.12,-19.27,-2.85,-2.51
2022-10-26,94.9,92.96,96.68,92.71,-5.56,3.85,3.0975,2.75,71671814.0,6662611829.44,99.09,98.2,98.46,101.79,105.7,106.78,108.04,108.7,109.14,113.29,96.85,102.85,106.64,108.34,112.4,117.96,123.27,126.48,127.68,126.7,124.29,0.1,110.02,95.96,136.35,17.39,98.28,118.58,9.36,110.02,113.41,-15.51,-18.03,-27.19,-3.39,-2.99
2022-10-27,92.45,90.74,93.31,90.04,-8.04,3.52,2.288,1.5,54036485.0,4903270648.9,97.5,97.56,98.09,101.3,105.26,106.49,107.8,108.49,108.93,112.95,96.85,102.85,106.64,108.34,112.4,117.96,123.27,126.48,127.68,126.7,124.29,0.55,109.56,94.69,136.14,17.96,97.65,118.58,9.68,109.56,113.41,-17.18,-19.99,-28.93,-3.85,-3.39
2022-10-28,90.67,94.72,95.0,90.46,-4.92,5.0,1.4905,0.85,35696925.0,3381212736.0,96.52,97.36,97.85,100.83,104.89,106.27,107.61,108.31,108.77,112.64,96.33,100.69,105.44,107.5,110.87,117.08,122.17,125.64,127.21,126.45,124.18,6.59,109.29,94.05,135.71,18.13,97.44,118.37,9.7,109.29,112.91,-13.33,-16.11,-25.54,-3.62,-3.21
2022-10-31,93.92,92.8,94.49,92.52,-8.22,2.08,1.2349,0.69,29868714.0,2771816659.2,94.86,97.09,97.55,100.46,104.5,106.0,107.39,108.1,108.59,112.31,96.33,100.69,105.44,107.5,110.87,117.08,122.17,125.64,127.21,126.45,124.18,3.12,109.07,93.63,135.5,18.27,97.22,118.37,9.81,109.07,112.91,-14.92,-17.81,-27.05,-3.84,-3.4
2022-11-01,93.73,88.64,94.31,88.57,-14.0,6.19,1.7553,0.98,43220599.0,3831073895.36,91.97,96.59,97.17,100.02,104.04,105.74,107.06,107.83,108.38,111.95,96.33,100.69,105.44,107.5,110.87,117.08,122.17,125.64,127.21,126.45,124.18,0.0,108.72,93.0,135.08,18.45,96.8,118.16,9.94,108.72,112.91,-18.47,-21.49,-30.32,-4.19,-3.71
2022-11-02,89.05,85.21,89.44,85.15,-8.34,4.84,1.7358,0.93,43553551.0,3711198080.71,90.42,95.84,96.74,99.51,103.53,105.38,106.71,107.55,108.15,111.57,96.33,100.69,105.44,107.5,110.87,117.08,122.17,125.64,127.21,126.45,124.18,0.06,108.31,91.73,134.87,19.04,96.38,117.95,10.06,108.31,112.91,-21.33,-24.53,-33.02,-4.6,-4.07
2022-11-03,84.49,81.63,84.69,81.59,-10.04,3.64,1.898,1.18,48510364.0,3959901013.32,88.6,94.76,96.17,98.94,102.91,104.96,106.36,107.21,107.86,111.18,96.33,100.69,105.44,107.5,110.87,117.08,122.17,125.64,127.21,126.45,124.18,0.0,107.79,90.67,134.66,19.52,95.96,117.74,10.19,107.79,112.91,-24.27,-27.7,-35.83,-5.12,-4.53
2022-11-04,83.65,84.84,84.87,82.02,-10.43,3.49,1.5481,1.0,40173284.0,3408301414.56,86.62,94.06,95.75,98.41,102.36,104.58,106.06,106.9,107.61,110.81,94.44,98.23,104.0,106.35,109.23,115.87,120.87,124.69,126.59,126.06,123.96,3.54,107.4,87.71,134.44,21.04,95.32,117.53,10.43,107.4,112.18,-21.01,-24.37,-32.98,-4.78,-4.26
2022-11-07,85.48,86.79,87.08,85.1,-6.48,2.33,1.0295,0.66,26899879.0,2334640498.41,85.42,93.25,95.41,97.97,101.79,104.32,105.81,106.61,107.36,110.43,94.44,98.23,104.0,106.35,109.23,115.87,120.87,124.69,126.59,126.06,123.96,5.41,107.16,86.44,134.23,21.66,94.69,117.53,10.76,107.16,112.18,-19.01,-22.63,-31.44,-5.02,-4.47
2022-11-08,87.3,87.05,88.55,85.79,-1.79,3.18,1.144,0.75,30172001.0,2626472687.05,85.1,92.42,95.11,97.55,101.22,104.06,105.56,106.35,107.15,110.07,94.44,98.23,104.0,106.35,109.23,115.87,120.87,124.69,126.59,126.06,123.96,6.1,106.91,86.44,134.02,21.58,94.26,117.31,10.89,106.91,112.18,-18.58,-22.4,-31.23,-5.27,-4.7
2022-11-09,86.69,85.54,87.63,85.5,0.39,2.45,1.0069,0.71,26743883.0,2287671751.82,85.17,91.56,94.66,97.04,100.64,103.82,105.25,106.1,106.94,109.72,94.44,98.23,104.0,106.35,109.23,115.87,120.87,124.69,126.59,126.06,123.96,3.69,106.69,86.23,133.81,21.62,93.84,117.31,11.12,106.69,112.18,-19.82,-23.75,-32.43,-5.49,-4.89
2022-11-10,90.48,92.31,92.69,89.79,13.08,3.39,1.5709,1.23,42371216.0,3911286948.96,87.31,91.14,94.53,96.7,100.2,103.56,104.99,105.96,106.8,109.43,94.44,98.23,104.0,106.35,109.23,115.87,120.87,124.69,126.59,126.06,123.96,12.99,106.43,86.23,133.39,21.47,93.21,117.1,11.36,106.43,112.18,-13.27,-17.71,-27.08,-5.75,-5.13
2022-11-11,92.85,94.87,95.5,92.3,11.82,3.47,1.123,0.92,30569112.0,2900091655.44,89.31,90.82,94.55,96.37,99.8,103.33,104.72,105.84,106.66,109.17,93.87,97.04,102.67,105.17,108.15,114.67,119.91,123.92,126.09,125.74,123.84,19.07,106.28,86.23,133.18,21.4,93.21,117.1,11.36,106.28,111.62,-10.74,-15.01,-24.76,-5.34,-4.78
2022-11-14,93.64,94.17,95.32,93.25,8.5,2.18,0.8858,0.77,24170076.0,2276096056.92,90.79,90.36,94.44,96.02,99.43,103.05,104.43,105.69,106.56,108.93,93.87,97.04,102.67,105.17,108.15,114.67,119.91,123.92,126.09,125.74,123.84,17.7,106.16,86.23,132.75,21.25,93.21,117.1,11.36,106.16,111.62,-11.29,-15.63,-25.32,-5.46,-4.89
2022-11-15,96.81,96.86,98.56,95.16,11.27,3.61,1.1576,1.03,31830969.0,3083147657.34,92.75,89.94,94.32,95.87,99.16,102.83,104.22,105.6,106.48,108.72,93.87,97.04,102.67,105.17,108.15,114.67,119.91,123.92,126.09,125.74,123.84,25.64,106.04,86.23,132.54,21.17,93.21,117.1,11.36,106.04,111.62,-8.66,-13.22,-23.18,-5.58,-5.0
2022-11-16,96.16,97.13,97.99,96.04,13.55,2.01,0.8913,0.79,24660195.0,2395244740.35,95.07,90.22,94.21,95.72,98.9,102.6,104.02,105.49,106.39,108.5,93.87,97.04,102.67,105.17,108.15,114.67,119.91,123.92,126.09,125.74,123.84,26.93,105.94,86.23,132.33,21.09,93.42,116.89,11.16,105.94,111.62,-8.32,-12.98,-22.97,-5.68,-5.09
2022-11-17,95.32,96.64,97.62,95.24,4.69,2.45,0.7859,0.71,21818732.0,2108562260.48,95.93,90.61,94.09,95.6,98.63,102.33,103.85,105.35,106.26,108.29,93.87,97.04,102.67,105.17,108.15,114.67,119.91,123.92,126.09,125.74,123.84,24.94,105.85,86.23,131.91,20.94,93.42,116.89,11.16,105.85,111.62,-8.7,-13.42,-23.36,-5.77,-5.17
2022-11-18,97.15,95.94,97.3,94.88,1.13,2.5,0.894,0.94,24969880.0,2395610287.2,96.15,90.69,94.03,95.47,98.3,102.05,103.67,105.19,106.11,108.08,94.0,95.64,101.31,104.51,107.36,113.71,118.98,123.14,125.58,125.44,123.78,21.51,105.74,86.23,131.69,20.86,93.42,116.89,11.16,105.74,111.31,-9.27,-13.81,-23.6,-5.57,-5.0
2022-11-21,95.7,93.97,96.86,93.81,-0.21,3.18,0.6746,0.73,18696874.0,1756945249.78,96.11,90.77,93.93,95.29,98.04,101.75,103.46,105.02,105.94,107.84,94.0,95.64,101.31,104.51,107.36,113.71,118.98,123.14,125.58,125.44,123.78,16.33,105.66,86.23,131.48,20.79,93.42,116.89,11.16,105.66,111.31,-11.06,-15.58,-25.17,-5.65,-5.08
2022-11-22,94.3,95.47,95.69,92.55,-1.44,3.34,0.6814,0.77,18868850.0,1801409109.5,95.83,91.23,93.91,95.19,97.82,101.47,103.33,104.8,105.75,107.62,94.0,95.64,101.31,104.51,107.36,113.71,118.98,123.14,125.58,125.44,123.78,21.25,105.57,86.44,131.27,20.59,93.42,116.68,11.07,105.57,111.31,-9.57,-14.23,-23.98,-5.74,-5.16
2022-11-23,95.48,96.96,97.21,95.48,-0.18,1.81,0.6356,0.81,17568859.0,1703476568.64,95.8,92.01,93.93,95.16,97.64,101.23,103.15,104.61,105.6,107.43,94.0,95.64,101.31,104.51,107.36,113.71,118.98,123.14,125.58,125.44,123.78,28.21,105.5,86.44,131.06,20.52,93.63,116.68,10.96,105.5,111.31,-8.09,-12.89,-22.79,-5.81,-5.22
2022-11-25,96.61,95.74,97.08,95.67,-0.93,1.45,0.3133,0.42,8567819.0,820282991.06,95.62,92.95,93.86,95.1,97.44,100.92,102.96,104.45,105.43,107.27,93.22,95.04,99.64,103.29,106.72,112.84,117.92,122.46,124.98,125.19,123.67,21.67,105.45,86.44,130.85,20.44,93.63,116.68,10.96,105.45,111.15,-9.21,-13.86,-23.52,-5.7,-5.13
2022-11-28,95.34,94.39,95.97,94.03,-1.62,2.03,0.7318,1.13,19981974.0,1886098525.86,95.31,93.59,93.82,95.03,97.21,100.6,102.75,104.28,105.24,107.08,93.22,95.04,99.64,103.29,106.72,112.84,117.92,122.46,124.98,125.19,123.67,17.78,105.35,86.44,130.43,20.28,93.63,116.68,10.96,105.35,111.15,-10.4,-15.08,-24.6,-5.8,-5.22
2022-11-29,94.14,93.58,94.53,92.53,-0.42,2.12,0.7407,1.21,20220007.0,1892188255.06,95.23,94.04,93.65,94.96,96.98,100.24,102.61,104.13,105.04,106.91,93.22,95.04,99.64,103.29,106.72,112.84,117.92,122.46,124.98,125.19,123.67,15.09,105.24,86.44,130.43,20.28,93.42,116.68,11.07,105.24,111.15,-11.08,-15.81,-25.25,-5.91,-5.32
2022-11-30,93.26,99.59,99.59,92.81,4.32,7.25,1.4442,2.34,39888074.0,3972453289.66,96.05,94.88,93.65,95.03,96.88,99.96,102.53,104.04,104.91,106.81,93.22,95.04,99.64,103.29,106.72,112.84,117.92,122.46,124.98,125.19,123.67,41.51,105.11,86.44,130.0,20.13,93.63,116.47,10.87,105.11,111.15,-5.25,-10.4,-20.45,-6.04,-5.43
2022-12-01,99.54,99.42,100.73,98.81,2.54,1.93,0.7888,1.02,21771536.0,2164526109.12,96.54,95.8,93.68,95.04,96.73,99.67,102.49,103.9,104.81,106.67,93.22,95.04,99.64,103.29,106.72,112.84,117.92,122.46,124.98,125.19,123.67,40.73,105.05,86.44,129.79,20.05,93.63,116.47,10.87,105.05,111.15,-5.36,-10.55,-20.58,-6.1,-5.49
2022-12-02,97.51,98.97,99.29,97.31,3.37,1.99,0.6831,0.85,18821527.0,1862766527.19,97.19,96.25,93.69,95.1,96.59,99.41,102.34,103.74,104.75,106.57,94.07,95.2,98.49,102.6,106.17,111.95,117.05,121.77,124.46,124.96,123.62,39.3,104.99,86.44,129.79,20.05,93.63,116.47,10.87,104.99,110.88,-5.73,-10.74,-20.8,-5.89,-5.31
2022-12-05,97.96,98.01,99.89,97.5,3.84,2.41,0.7251,0.83,19955546.0,1955843063.46,97.91,96.46,93.64,95.19,96.39,99.13,102.18,103.54,104.67,106.44,94.07,95.2,98.49,102.6,106.17,111.95,117.05,121.77,124.46,124.96,123.62,34.46,104.93,86.44,129.58,19.97,93.63,116.47,10.87,104.93,110.88,-6.59,-11.61,-21.57,-5.95,-5.37
2022-12-06,97.81,95.45,98.35,94.9,2.0,3.52,0.758,0.87,20877623.0,1992769115.35,98.29,96.54,93.45,95.14,96.15,98.85,101.97,103.31,104.55,106.29,94.07,95.2,98.49,102.6,106.17,111.95,117.05,121.77,124.46,124.96,123.62,21.57,104.85,86.44,129.37,19.89,93.63,116.26,10.78,104.85,110.88,-8.97,-13.92,-23.62,-6.03,-5.44
2022-12-07,94.91,93.29,95.45,93.17,-6.33,2.39,0.9713,1.1,26647877.0,2485980445.33,97.03,96.3,93.12,94.98,95.98,98.59,101.74,103.09,104.43,106.09,94.07,95.2,98.49,102.6,106.17,111.95,117.05,121.77,124.46,124.96,123.62,13.68,104.73,86.44,129.16,19.81,93.63,116.26,10.78,104.73,110.88,-10.92,-15.86,-25.34,-6.15,-5.55
2022-12-08,93.83,92.09,94.01,91.94,-7.37,2.22,0.9309,1.18,25593232.0,2356880734.88,95.56,95.97,93.09,94.8,95.78,98.31,101.5,102.87,104.3,105.93,94.07,95.2,98.49,102.6,106.17,111.95,117.05,121.77,124.46,124.96,123.62,10.72,104.6,86.65,128.95,19.62,93.42,116.26,10.89,104.6,110.88,-11.96,-16.95,-26.3,-6.28,-5.66
2022-12-09,92.04,91.21,92.63,91.16,-7.84,1.6,0.7982,0.98,21885308.0,1996158942.68,94.01,95.61,93.11,94.59,95.6,98.02,101.21,102.67,104.13,105.76,95.35,94.89,97.27,101.83,105.32,110.93,115.93,120.93,123.81,124.59,123.5,9.15,104.48,86.65,128.52,19.46,93.21,116.26,11.0,104.48,110.59,-12.7,-17.52,-26.79,-6.11,-5.52
2022-12-12,91.23,91.7,92.01,90.04,-6.44,2.16,1.0218,1.19,27380948.0,2510832931.6,92.75,95.32,93.01,94.46,95.43,97.7,100.93,102.48,103.96,105.62,95.35,94.89,97.27,101.83,105.32,110.93,115.93,120.93,123.81,124.59,123.5,11.0,104.32,86.65,128.31,19.38,93.0,116.05,11.03,104.32,110.59,-12.1,-17.08,-26.4,-6.27,-5.67
2022-12-13,96.21,93.99,97.94,93.52,-1.53,4.82,1.2862,1.42,34788522.0,3269773182.78,92.46,95.32,93.05,94.4,95.3,97.5,100.68,102.3,103.8,105.48,95.35,94.89,97.27,101.83,105.32,110.93,115.93,120.93,123.81,124.59,123.5,18.58,104.18,86.65,127.89,19.22,93.0,116.05,11.03,104.18,110.59,-9.78,-15.01,-24.56,-6.41,-5.8
2022-12-14,93.68,93.45,95.36,92.08,0.17,3.49,0.9765,0.97,26452939.0,2472027149.55,92.49,95.19,93.21,94.34,95.19,97.29,100.43,102.16,103.59,105.35,95.35,94.89,97.27,101.83,105.32,110.93,115.93,120.93,123.81,124.59,123.5,17.01,104.06,86.65,127.68,19.14,93.0,116.05,11.03,104.06,110.59,-10.2,-15.5,-25.0,-6.53,-5.9
2022-12-15,91.68,89.34,92.17,88.57,-2.99,3.85,1.0436,1.04,28298756.0,2528210861.04,91.94,94.68,93.35,94.18,95.04,97.05,100.13,101.94,103.37,105.19,95.35,94.89,97.27,101.83,105.32,110.93,115.93,120.93,123.81,124.59,123.5,7.16,103.88,86.65,127.04,18.9,92.78,115.83,11.05,103.88,110.59,-14.0,-19.22,-28.29,-6.71,-6.07
2022-12-16,89.34,89.0,89.89,88.15,-2.42,1.95,1.7586,1.75,48485507.0,4315210123.0,91.5,94.23,93.59,93.98,94.88,96.8,99.8,101.71,103.17,105.01,94.17,94.02,96.08,100.54,104.65,109.89,114.81,120.11,123.1,124.17,123.36,7.89,103.6,86.65,125.98,18.5,92.15,115.62,11.3,103.6,110.11,-14.09,-19.17,-28.33,-6.51,-5.91
2022-12-19,89.02,87.29,89.34,87.07,-4.81,2.55,0.8363,0.7,23020537.0,2009462674.73,90.61,93.76,93.67,93.8,94.71,96.52,99.46,101.47,102.96,104.82,94.17,94.02,96.08,100.54,104.65,109.89,114.81,120.11,123.1,124.17,123.36,6.05,103.45,86.65,123.02,17.35,91.94,115.62,11.41,103.45,110.11,-15.62,-20.72,-29.7,-6.66,-6.05
2022-12-20,86.87,87.77,87.92,86.18,-6.62,1.99,0.7986,0.68,21976846.0,1928907773.42,89.37,93.37,93.71,93.55,94.56,96.26,99.1,101.29,102.78,104.63,94.17,94.02,96.08,100.54,104.65,109.89,114.81,120.11,123.1,124.17,123.36,7.4,103.3,86.65,122.18,17.01,91.73,115.62,11.52,103.3,110.11,-15.03,-20.29,-29.32,-6.81,-6.18
2022-12-21,87.87,88.39,89.06,87.05,-5.41,2.29,0.7407,0.69,20336387.0,1797533246.93,88.36,92.62,93.75,93.31,94.43,96.03,98.73,101.12,102.61,104.47,94.17,94.02,96.08,100.54,104.65,109.89,114.81,120.11,123.1,124.17,123.36,8.51,103.18,86.65,121.76,16.84,91.51,115.62,11.64,103.18,110.11,-14.33,-19.73,-28.82,-6.93,-6.29
2022-12-22,87.07,86.4,87.32,85.08,-3.29,2.53,0.8621,0.83,23656066.0,2043884102.4,87.77,91.76,93.78,93.04,94.22,95.74,98.35,100.95,102.38,104.31,94.17,94.02,96.08,100.54,104.65,109.89,114.81,120.11,123.1,124.17,123.36,4.61,103.02,86.44,121.33,16.79,91.3,115.41,11.66,103.02,110.11,-16.13,-21.53,-30.42,-7.09,-6.44
2022-12-23,85.76,87.95,88.24,85.76,-1.18,2.87,0.6509,0.65,17815010.0,1566830129.5,87.56,91.02,93.63,92.8,94.08,95.47,98.01,100.73,102.15,104.16,92.57,93.29,94.62,99.12,103.82,108.67,113.83,119.1,122.38,123.7,123.15,9.22,102.9,86.44,121.12,16.71,91.09,115.41,11.78,102.9,109.73,-14.53,-19.85,-28.9,-6.83,-6.22
2022-12-27,87.45,86.07,87.64,85.68,-1.4,2.23,0.569,0.72,15470870.0,1331577780.9,87.32,90.23,93.34,92.5,93.95,95.16,97.65,100.47,101.88,103.99,92.57,93.29,94.62,99.12,103.82,108.67,113.83,119.1,122.38,123.7,123.15,4.21,102.79,86.44,121.12,16.71,90.88,115.41,11.89,102.79,109.73,-16.27,-21.56,-30.42,-6.94,-6.32
2022-12-28,85.64,84.6,86.66,84.51,-3.61,2.5,0.6604,0.9,17879567.0,1512611368.2,86.68,89.5,93.02,92.13,93.73,94.82,97.3,100.19,101.58,103.85,92.57,93.29,94.62,99.12,103.82,108.67,113.83,119.1,122.38,123.7,123.15,2.42,102.66,86.23,121.12,16.83,90.67,115.2,11.92,102.66,109.73,-17.59,-22.9,-31.61,-7.07,-6.44
2022-12-29,85.17,87.09,87.51,85.13,-1.47,2.81,0.677,0.96,18280660.0,1592062679.4,86.42,89.09,92.7,91.78,93.51,94.6,97.01,99.93,101.34,103.73,92.57,93.29,94.62,99.12,103.82,108.67,113.83,119.1,122.38,123.7,123.15,8.66,102.54,86.23,120.91,16.74,90.25,115.2,12.15,102.54,109.73,-15.07,-20.63,-29.6,-7.19,-6.55
2022-12-30,85.51,86.87,86.97,85.17,0.54,2.07,0.7104,1.03,19190296.0,1667061013.52,86.52,88.74,92.35,91.64,93.28,94.37,96.72,99.67,101.1,103.58,90.8,92.01,93.62,97.43,102.89,107.31,112.77,118.06,121.55,123.22,122.84,8.7,102.4,86.02,120.91,16.86,89.61,114.99,12.4,102.4,109.46,-15.17,-20.64,-29.5,-7.06,-6.45
2023-01-03,87.97,87.84,89.69,87.16,-0.13,2.91,0.766,1.17,20738457.0,1821666062.88,86.49,88.52,92.06,91.58,93.07,94.18,96.44,99.4,100.9,103.42,90.8,92.01,93.62,97.43,102.89,107.31,112.77,118.06,121.55,123.22,122.84,11.37,102.28,86.02,120.91,16.86,89.19,114.99,12.64,102.28,109.46,-14.12,-19.75,-28.71,-7.18,-6.56
2023-01-04,89.15,86.85,89.38,85.94,0.91,3.92,0.9973,1.48,27046483.0,2348987048.55,86.65,88.19,91.76,91.4,92.89,93.98,96.12,99.11,100.69,103.24,90.8,92.01,93.62,97.43,102.89,107.31,112.77,118.06,121.55,123.22,122.84,7.87,102.09,86.02,120.7,16.78,88.98,114.78,12.66,102.09,109.46,-14.93,-20.66,-29.52,-7.37,-6.73
2023-01-05,86.21,84.91,86.35,84.7,0.37,1.9,0.8496,1.12,23136084.0,1964484892.44,86.71,87.59,91.46,91.23,92.69,93.76,95.84,98.81,100.46,103.04,90.8,92.01,93.62,97.43,102.89,107.31,112.77,118.06,121.55,123.22,122.84,2.66,101.93,85.81,120.7,16.9,88.77,114.78,12.78,101.93,109.46,-16.7,-22.43,-31.09,-7.53,-6.88
2023-01-06,85.5,86.3,86.61,83.71,-0.91,3.42,0.9743,1.23,26612628.0,2296669796.4,86.55,87.11,91.15,91.18,92.53,93.57,95.6,98.52,100.28,102.83,88.27,91.17,92.89,95.93,102.06,105.95,111.9,117.01,120.72,122.71,122.53,7.58,101.75,85.81,120.7,16.9,88.34,114.78,13.01,101.75,109.1,-15.18,-20.9,-29.67,-7.35,-6.74
2023-01-09,87.34,86.94,88.97,86.72,0.08,2.61,0.839,0.99,22996681.0,1999331446.14,86.57,86.95,90.82,91.21,92.37,93.42,95.36,98.25,100.07,102.65,88.27,91.17,92.89,95.93,102.06,105.95,111.9,117.01,120.72,122.71,122.53,10.64,101.61,85.81,120.49,16.81,88.13,114.57,13.04,101.61,109.1,-14.44,-20.31,-29.15,-7.49,-6.87
2023-01-10,84.86,87.38,87.62,84.84,-0.52,3.2,0.839,0.95,22855590.0,1997121454.2,86.48,86.84,90.54,91.34,92.2,93.27,95.14,97.95,99.85,102.45,88.27,91.17,92.89,95.93,102.06,105.95,111.9,117.01,120.72,122.71,122.53,13.13,101.47,85.81,120.49,16.81,87.92,114.57,13.16,101.47,109.1,-13.89,-19.91,-28.79,-7.63,-6.99
2023-01-11,88.2,90.4,90.59,87.88,4.09,3.1,0.9524,1.06,25998844.0,2350295497.6,87.19,87.05,90.4,91.47,92.11,93.18,94.94,97.69,99.66,102.27,88.27,91.17,92.89,95.93,102.06,105.95,111.9,117.01,120.72,122.71,122.53,21.04,101.33,85.81,120.49,16.81,87.92,114.35,13.07,101.33,109.1,-10.79,-17.14,-26.33,-7.77,-7.12
2023-01-12,90.54,90.05,90.76,88.71,6.05,2.27,0.8338,0.94,22754216.0,2049017150.8,88.21,87.2,90.29,91.54,91.97,93.09,94.75,97.4,99.53,102.09,88.27,91.17,92.89,95.93,102.06,105.95,111.9,117.01,120.72,122.71,122.53,21.12,101.22,85.81,120.28,16.73,87.92,114.35,13.07,101.22,109.1,-11.04,-17.46,-26.62,-7.88,-7.22
2023-01-13,89.67,90.94,91.12,89.07,5.38,2.28,0.684,0.77,18630709.0,1694276676.46,89.14,87.37,90.0,91.62,91.82,93.02,94.59,97.11,99.4,101.93,88.21,91.78,92.67,95.01,101.49,104.87,111.05,116.02,119.99,122.24,122.25,23.56,101.13,85.81,120.28,16.73,87.92,114.35,13.07,101.13,108.73,-10.08,-16.36,-25.61,-7.6,-6.99
2023-01-17,90.92,90.3,91.11,88.98,3.86,2.34,0.8413,1.01,22935823.0,2071104816.9,89.81,87.63,89.69,91.73,91.69,92.9,94.39,96.82,99.29,101.79,88.21,91.78,92.67,95.01,101.49,104.87,111.05,116.02,119.99,122.24,122.25,22.2,101.02,85.81,120.28,16.73,87.92,114.14,12.98,101.02,108.73,-10.61,-16.95,-26.14,-7.71,-7.09
2023-01-18,91.08,89.92,91.73,89.54,2.91,2.43,0.7229,0.87,19641622.0,1766174650.24,90.32,87.76,89.39,91.68,91.54,92.82,94.19,96.55,99.11,101.68,88.21,91.78,92.67,95.01,101.49,104.87,111.05,116.02,119.99,122.24,122.25,20.74,100.92,85.81,120.28,16.73,88.13,114.14,12.86,100.92,108.73,-10.9,-17.3,-26.45,-7.81,-7.18
2023-01-19,89.53,92.05,92.54,89.52,1.83,3.36,1.0567,1.31,28707653.0,2642539458.65,90.65,88.16,89.19,91.61,91.42,92.79,93.99,96.29,98.93,101.57,88.21,91.78,92.67,95.01,101.49,104.87,111.05,116.02,119.99,122.24,122.25,28.26,100.81,85.81,120.06,16.64,88.13,114.14,12.86,100.81,108.73,-8.69,-15.34,-24.7,-7.92,-7.28
2023-01-20,94.09,97.42,97.56,94.05,8.18,3.81,1.9423,2.38,53704763.0,5231918011.46,92.13,89.02,89.26,91.69,91.35,92.79,93.85,96.11,98.79,101.49,89.9,92.03,92.65,94.54,100.79,104.12,110.14,115.27,119.36,121.83,121.99,49.17,100.7,85.81,119.85,16.56,88.13,113.93,12.77,100.7,108.42,-3.26,-10.15,-20.14,-7.72,-7.12
2023-01-23,97.27,99.35,99.54,96.89,9.25,2.72,1.1485,1.11,31791782.0,3158513541.7,93.81,89.83,89.46,91.74,91.29,92.77,93.81,95.98,98.67,101.44,89.9,92.03,92.65,94.54,100.79,104.12,110.14,115.27,119.36,121.83,121.99,57.58,100.65,85.81,119.64,16.47,88.34,113.72,12.56,100.65,108.42,-1.29,-8.37,-18.56,-7.77,-7.17
2023-01-24,97.69,97.35,99.23,96.84,7.81,2.41,1.0166,0.87,27391372.0,2666550064.2,95.22,90.53,89.64,91.75,91.37,92.73,93.73,95.83,98.53,101.37,89.9,92.03,92.65,94.54,100.79,104.12,110.14,115.27,119.36,121.83,121.99,48.38,100.6,85.81,119.64,16.47,88.34,113.72,12.56,100.6,108.42,-3.23,-10.21,-20.2,-7.82,-7.21
2023-01-25,95.34,94.87,95.86,93.4,5.5,2.53,1.1672,0.96,31000850.0,2941050639.5,96.21,91.0,89.76,91.71,91.43,92.66,93.65,95.66,98.35,101.26,89.9,92.03,92.65,94.54,100.79,104.12,110.14,115.27,119.36,121.83,121.99,36.68,100.52,85.81,119.43,16.38,88.34,113.72,12.56,100.52,108.42,-5.62,-12.5,-22.23,-7.9,-7.29
2023-01-26,96.42,97.3,97.35,94.96,5.7,2.52,0.9306,0.71,24542060.0,2387942438.0,97.26,91.7,89.95,91.74,91.48,92.65,93.6,95.49,98.18,101.16,89.9,92.03,92.65,94.54,100.79,104.12,110.14,115.27,119.36,121.83,121.99,49.55,100.46,85.81,119.43,16.38,88.55,113.51,12.35,100.46,108.42,-3.15,-10.26,-20.24,-7.96,-7.34
2023-01-27,97.19,98.85,99.72,97.11,1.47,2.68,1.101,0.86,29020354.0,2868661992.9,97.54,92.63,90.11,91.85,91.58,92.68,93.57,95.38,98.04,101.06,92.08,92.32,92.88,93.98,100.45,103.6,109.43,114.54,118.74,121.42,121.76,56.39,100.43,85.81,119.43,16.38,88.55,113.51,12.35,100.43,108.15,-1.57,-8.6,-18.82,-7.72,-7.14
2023-01-30,96.89,96.09,97.55,95.66,-3.28,1.91,0.9355,0.85,24365142.0,2341246494.78,96.89,93.28,90.2,91.86,91.7,92.68,93.52,95.27,97.87,100.92,92.08,92.32,92.88,93.98,100.45,103.6,109.43,114.54,118.74,121.42,121.76,40.98,100.37,85.81,119.22,16.3,88.55,113.51,12.35,100.37,108.15,-4.26,-11.15,-21.08,-7.78,-7.19
2023-01-31,96.0,98.01,98.05,95.93,0.68,2.21,0.8683,0.82,22306778.0,2186287311.78,97.02,94.02,90.48,91.88,91.92,92.7,93.52,95.17,97.72,100.79,92.08,92.32,92.88,93.98,100.45,103.6,109.43,114.54,118.74,121.42,121.76,53.12,100.31,86.02,119.22,16.18,88.55,113.3,12.26,100.31,108.15,-2.29,-9.38,-19.51,-7.84,-7.25
2023-02-01,97.88,99.57,100.33,96.56,4.95,3.85,1.0423,1.01,26392568.0,2627907995.76,97.96,94.83,90.84,91.97,92.21,92.72,93.53,95.1,97.56,100.7,92.08,92.32,92.88,93.98,100.45,103.6,109.43,114.54,118.74,121.42,121.76,61.34,100.23,86.02,119.01,16.09,88.77,113.3,12.14,100.23,108.15,-0.66,-7.93,-18.22,-7.92,-7.32
2023-02-02,104.93,106.94,106.96,104.68,9.91,2.29,1.8334,1.84,46622627.0,4985823731.38,99.89,95.93,91.49,92.25,92.58,92.88,93.64,95.08,97.47,100.67,92.08,92.32,92.88,93.98,100.45,103.6,109.43,114.54,118.74,121.42,121.76,71.79,100.31,86.02,119.01,16.09,88.77,113.09,12.05,100.31,108.15,6.61,-1.12,-12.17,-7.84,-7.25
2023-02-03,101.65,103.36,106.16,101.44,4.56,4.41,1.4387,1.24,36823421.0,3806068794.56,100.79,96.82,92.01,92.47,92.86,92.94,93.71,95.05,97.32,100.63,95.37,93.09,93.13,94.06,99.89,103.31,108.89,113.78,118.26,120.99,121.62,66.19,100.33,86.02,118.79,16.0,88.98,113.09,11.93,100.33,107.97,3.02,-4.27,-15.02,-7.64,-7.08
2023-02-06,100.83,101.61,102.84,100.35,5.74,2.41,1.0021,0.82,25573046.0,2598477204.06,101.9,97.53,92.45,92.51,93.1,92.97,93.77,95.01,97.16,100.58,95.37,93.09,93.13,94.06,99.89,103.31,108.89,113.78,118.26,120.99,121.62,63.15,100.32,86.02,118.79,16.0,88.98,112.87,11.84,100.32,107.97,1.29,-5.89,-16.45,-7.65,-7.09
2023-02-07,101.77,106.18,106.81,101.69,8.34,5.04,1.3161,1.07,33738828.0,3582388757.04,103.53,98.59,93.11,92.66,93.45,93.07,93.85,94.99,97.04,100.53,95.37,93.09,93.13,94.06,99.89,103.31,108.89,113.78,118.26,120.99,121.62,71.15,100.36,86.02,118.79,16.0,88.98,112.87,11.84,100.36,107.97,5.8,-1.66,-12.7,-7.61,-7.05
2023-02-08,100.83,98.14,101.72,96.6,-1.44,4.82,2.812,2.17,73546029.0,7217807286.06,103.25,99.14,93.45,92.64,93.54,93.06,93.87,94.9,96.87,100.41,95.37,93.09,93.13,94.06,99.89,103.31,108.89,113.78,118.26,120.99,121.62,50.32,100.3,86.02,118.58,15.92,89.19,112.66,11.63,100.3,107.97,-2.15,-9.1,-19.31,-7.67,-7.1
2023-02-09,98.68,93.6,98.75,92.0,-12.47,6.88,3.5856,2.26,97798573.0,9153946432.8,100.58,99.24,93.7,92.54,93.52,92.98,93.86,94.74,96.66,100.24,95.37,93.09,93.13,94.06,99.89,103.31,108.89,113.78,118.26,120.99,121.62,26.88,100.08,86.02,118.37,15.83,89.4,112.45,11.42,100.08,107.97,-6.47,-13.31,-23.04,-7.89,-7.31
2023-02-10,93.88,93.0,95.16,92.67,-10.02,2.66,1.7811,0.92,49325275.0,4587250575.0,98.51,98.95,93.98,92.49,93.5,92.87,93.82,94.58,96.47,100.06,96.71,92.49,93.02,93.85,99.23,102.75,108.06,112.95,117.59,120.46,121.35,25.21,99.94,86.23,118.16,15.62,89.4,112.24,11.33,99.94,107.7,-6.94,-13.65,-23.36,-7.76,-7.21
2023-02-13,93.15,93.14,93.49,92.19,-8.34,1.4,1.5464,0.77,43116559.0,4015876305.26,96.81,98.53,94.18,92.49,93.44,92.74,93.73,94.48,96.3,99.91,96.71,92.49,93.02,93.85,99.23,102.75,108.06,112.95,117.59,120.46,121.35,25.89,99.81,86.23,118.16,15.62,89.61,112.24,11.21,99.81,107.7,-6.68,-13.52,-23.25,-7.89,-7.33
2023-02-14,92.8,93.09,93.32,90.79,-12.33,2.72,1.5086,0.71,42513079.0,3957542524.11,94.19,98.25,94.39,92.51,93.37,92.74,93.65,94.38,96.14,99.76,96.71,92.49,93.02,93.85,99.23,102.75,108.06,112.95,117.59,120.46,121.35,26.93,99.68,86.23,117.95,15.54,89.61,112.03,11.12,99.68,107.7,-6.61,-13.57,-23.29,-8.02,-7.45
2023-02-15,92.88,95.24,95.48,92.5,-2.95,3.2,1.3023,0.6,37029885.0,3526726247.4,93.61,98.27,94.64,92.6,93.35,92.8,93.6,94.31,95.99,99.65,96.71,92.49,93.02,93.85,99.23,102.75,108.06,112.95,117.59,120.46,121.35,38.81,99.6,86.23,117.95,15.54,89.82,112.03,11.0,99.6,107.7,-4.38,-11.57,-21.52,-8.1,-7.52
2023-02-16,93.68,93.92,96.02,93.11,0.34,3.06,1.2457,0.66,35642106.0,3347506595.52,93.68,98.05,94.87,92.65,93.32,92.79,93.55,94.24,95.81,99.53,96.71,92.49,93.02,93.85,99.23,102.75,108.06,112.95,117.59,120.46,121.35,31.76,99.52,86.23,117.74,15.45,89.82,111.82,10.91,99.52,107.7,-5.63,-12.79,-22.61,-8.18,-7.6
2023-02-17,93.21,92.73,93.89,91.59,-0.29,2.45,1.079,0.75,31095067.0,2883445562.91,93.62,97.64,95.13,92.62,93.3,92.79,93.51,94.15,95.67,99.4,97.07,92.64,93.54,93.77,98.77,102.15,107.27,112.05,116.89,119.91,121.04,23.77,99.43,86.23,117.53,15.36,89.82,111.6,10.81,99.43,107.29,-6.74,-13.57,-23.39,-7.86,-7.33
2023-02-21,91.38,90.19,91.55,90.14,-3.17,1.52,0.979,0.75,28367198.0,2558437587.62,93.03,97.25,95.26,92.55,93.21,92.81,93.44,94.06,95.51,99.28,97.07,92.64,93.54,93.77,98.77,102.15,107.27,112.05,116.89,119.91,121.04,15.56,99.33,86.23,117.53,15.36,90.03,111.6,10.7,99.33,107.29,-9.2,-15.94,-25.49,-7.96,-7.42
2023-02-22,90.07,89.94,90.5,89.01,-3.38,1.65,1.0243,0.86,29891135.0,2688408681.9,92.4,96.71,95.36,92.56,93.09,92.87,93.37,93.98,95.36,99.13,97.07,92.64,93.54,93.77,98.77,102.15,107.27,112.05,116.89,119.91,121.04,15.45,99.22,86.23,117.31,15.27,89.82,111.39,10.72,99.22,107.29,-9.35,-16.17,-25.7,-8.07,-7.52
2023-02-23,90.27,89.21,90.27,88.15,-6.33,2.36,1.0962,1.0,32423720.0,2892520061.2,91.2,96.02,95.43,92.56,92.98,92.98,93.27,93.89,95.21,98.97,97.07,92.64,93.54,93.77,98.77,102.15,107.27,112.05,116.89,119.91,121.04,13.89,99.09,86.23,117.31,15.27,89.61,111.18,10.74,99.09,107.29,-9.97,-16.85,-26.3,-8.2,-7.64
2023-02-24,87.77,87.49,88.27,87.0,-6.85,1.42,1.0513,0.99,31295619.0,2738053706.31,89.91,94.72,95.33,92.57,92.87,93.01,93.19,93.79,95.04,98.8,95.09,92.49,93.05,93.26,97.86,101.61,106.41,111.09,116.16,119.27,120.65,9.06,98.95,86.23,117.1,15.18,89.4,111.18,10.86,98.95,106.96,-11.58,-18.2,-27.49,-8.01,-7.49
2023-02-27,88.23,88.24,88.59,87.75,-4.84,0.96,0.7623,0.74,22724262.0,2005188878.88,89.01,93.71,95.27,92.58,92.78,93.03,93.07,93.71,94.88,98.68,95.09,92.49,93.05,93.26,97.86,101.61,106.41,111.09,116.16,119.27,120.65,12.28,98.85,86.23,117.1,15.18,89.19,110.97,10.88,98.85,106.96,-10.73,-17.5,-26.86,-8.11,-7.58
2023-02-28,87.68,88.44,89.59,87.66,-1.94,2.19,1.0301,1.06,30546912.0,2701568897.28,88.66,92.84,95.18,92.58,92.59,93.05,92.94,93.64,94.74,98.56,95.09,92.49,93.05,93.26,97.86,101.61,106.41,111.09,116.16,119.27,120.65,13.3,98.73,86.23,117.1,15.18,88.98,110.76,10.91,98.73,106.96,-10.42,-17.31,-26.7,-8.23,-7.69
2023-03-01,88.3,88.65,89.34,87.99,-1.43,1.53,0.8854,0.9,26323876.0,2333611607.4,88.41,91.67,95.13,92.63,92.41,93.09,92.84,93.54,94.57,98.46,95.09,92.49,93.05,93.26,97.86,101.61,106.41,111.09,116.16,119.27,120.65,14.35,98.63,86.23,117.1,15.18,88.77,110.55,10.93,98.63,106.96,-10.12,-17.12,-26.52,-8.33,-7.79
2023-03-02,88.0,90.45,90.62,87.91,1.39,3.06,0.7832,0.81,23344562.0,2111515632.9,88.65,91.16,95.15,92.69,92.27,93.07,92.74,93.48,94.43,98.31,95.09,92.49,93.05,93.26,97.86,101.61,106.41,111.09,116.16,119.27,120.65,21.98,98.55,86.23,116.89,15.1,88.77,110.55,10.93,98.55,106.96,-8.22,-15.44,-25.03,-8.41,-7.86
2023-03-03,90.88,92.16,92.25,90.8,5.34,1.6,1.0089,1.13,30242538.0,2787152302.08,89.59,91.06,95.15,92.82,92.17,93.03,92.66,93.46,94.28,98.18,93.75,92.91,92.8,93.1,97.05,101.09,105.52,110.35,115.36,118.7,120.28,28.78,98.46,86.44,116.89,14.98,88.77,110.34,10.83,98.46,106.63,-6.4,-13.57,-23.38,-8.17,-7.66
2023-03-06,92.5,93.72,94.44,92.44,6.21,2.17,0.9398,1.06,28288206.0,2651170666.32,90.68,91.11,95.03,93.02,92.14,93.02,92.58,93.43,94.15,98.04,93.75,92.91,92.8,93.1,97.05,101.09,105.52,110.35,115.36,118.7,120.28,37.52,98.4,86.44,116.89,14.98,88.77,110.12,10.74,98.4,106.63,-4.76,-12.11,-22.08,-8.23,-7.72
2023-03-07,93.56,92.31,94.23,91.98,4.38,2.4,0.8018,0.87,24101536.0,2224812788.16,91.46,91.05,94.79,93.14,92.13,92.96,92.46,93.35,94.05,97.89,93.75,92.91,92.8,93.1,97.05,101.09,105.52,110.35,115.36,118.7,120.28,28.37,98.34,86.44,116.89,14.98,88.98,109.91,10.53,98.34,106.63,-6.13,-13.43,-23.25,-8.29,-7.77
2023-03-08,92.55,92.79,94.38,92.55,4.67,1.98,0.845,0.96,25395200.0,2356420608.0,92.29,91.03,94.64,93.27,92.14,92.9,92.46,93.28,93.96,97.75,93.75,92.91,92.8,93.1,97.05,101.09,105.52,110.35,115.36,118.7,120.28,31.6,98.28,86.44,116.68,14.89,88.98,109.91,10.53,98.28,106.63,-5.59,-12.98,-22.86,-8.35,-7.83
2023-03-09,92.63,90.8,94.06,90.5,0.39,3.84,0.812,0.93,24438890.0,2219051212.0,92.36,90.74,94.51,93.34,92.13,92.83,92.46,93.19,93.87,97.58,93.75,92.91,92.8,93.1,97.05,101.09,105.52,110.35,115.36,118.7,120.28,22.71,98.22,86.44,116.68,14.89,88.98,109.7,10.43,98.22,106.63,-7.55,-14.85,-24.51,-8.41,-7.89
2023-03-10,90.64,89.15,91.32,88.94,-3.27,2.62,1.0882,1.24,32850092.0,2928585701.8,91.75,90.42,94.23,93.39,92.09,92.74,92.4,93.11,93.76,97.39,90.91,93.14,92.36,92.58,96.0,100.46,104.47,109.5,114.5,118.0,119.88,15.47,98.11,86.44,116.68,14.89,88.98,109.7,10.43,98.11,106.34,-9.13,-16.17,-25.63,-8.23,-7.74
2023-03-13,88.71,89.8,91.22,88.08,-4.18,3.52,1.0456,1.17,31508570.0,2829469586.0,90.97,90.22,93.93,93.5,92.02,92.68,92.36,93.04,93.66,97.22,90.91,93.14,92.36,92.58,96.0,100.46,104.47,109.5,114.5,118.0,119.88,18.85,98.01,86.44,116.68,14.89,88.98,109.49,10.34,98.01,106.34,-8.38,-15.55,-25.09,-8.33,-7.83
2023-03-14,91.21,92.39,92.97,90.92,0.09,2.28,1.0686,1.17,32303881.0,2984555565.59,90.99,90.37,93.81,93.63,92.0,92.64,92.4,93.0,93.6,97.06,90.91,93.14,92.36,92.58,96.0,100.46,104.47,109.5,114.5,118.0,119.88,31.57,97.93,86.44,116.47,14.8,88.98,109.28,10.24,97.93,106.34,-5.66,-13.12,-22.93,-8.41,-7.91
2023-03-15,91.68,94.69,95.39,91.18,2.05,4.56,1.2621,1.31,38367334.0,3633002856.46,91.37,90.69,93.7,93.8,92.09,92.61,92.51,92.99,93.57,96.92,90.91,93.14,92.36,92.58,96.0,100.46,104.47,109.5,114.5,118.0,119.88,47.81,97.87,86.44,116.47,14.8,88.98,109.07,10.14,97.87,106.34,-3.25,-10.96,-21.01,-8.47,-7.97
2023-03-16,94.71,99.21,100.11,94.01,9.26,6.44,1.7898,1.71,54588200.0,5415695322.0,93.05,91.35,93.69,94.07,92.26,92.66,92.71,93.0,93.57,96.79,90.91,93.14,92.36,92.58,96.0,100.46,104.47,109.5,114.5,118.0,119.88,68.65,97.85,86.44,116.47,14.8,89.19,108.86,9.93,97.85,106.34,1.39,-6.7,-17.24,-8.49,-7.98
2023-03-17,98.98,100.6,101.63,98.89,12.84,2.76,2.426,2.01,76140310.0,7659715186.0,95.34,92.23,93.47,94.29,92.48,92.74,92.88,93.05,93.6,96.67,92.43,94.57,92.47,92.87,95.48,100.19,103.67,109.01,113.8,117.45,119.58,71.75,97.9,86.44,116.26,14.71,89.19,108.64,9.83,97.9,106.03,2.76,-5.12,-15.87,-8.13,-7.67
2023-03-20,99.2,100.07,100.72,98.93,11.44,1.78,0.8277,0.56,26033916.0,2605213974.12,97.39,93.02,93.36,94.52,92.69,92.83,93.03,93.06,93.62,96.53,92.43,94.57,92.47,92.87,95.48,100.19,103.67,109.01,113.8,117.45,119.58,70.25,97.9,86.65,116.26,14.59,89.19,108.64,9.83,97.9,106.03,2.22,-5.62,-16.32,-8.13,-7.67
2023-03-21,100.12,103.98,104.1,100.0,12.54,4.1,1.046,0.73,33122800.0,3444108744.0,99.71,94.05,93.44,94.81,92.95,92.88,93.22,93.1,93.69,96.42,92.43,94.57,92.47,92.87,95.48,100.19,103.67,109.01,113.8,117.45,119.58,78.15,97.94,86.65,116.26,14.59,89.19,108.43,9.74,97.94,106.03,6.17,-1.93,-13.05,-8.09,-7.63
2023-03-22,103.28,102.36,105.65,102.35,8.1,3.17,1.0165,0.71,32336877.0,3310002729.72,101.24,94.97,93.32,95.07,93.21,92.92,93.4,93.14,93.72,96.3,92.43,94.57,92.47,92.87,95.48,100.19,103.67,109.01,113.8,117.45,119.58,74.96,97.99,86.65,116.05,14.5,89.19,108.43,9.74,97.99,106.03,4.46,-3.46,-14.4,-8.04,-7.58
2023-03-23,104.03,104.4,105.24,103.55,5.23,1.65,0.9797,0.71,31385817.0,3276679294.8,102.28,95.9,93.53,95.4,93.49,93.0,93.54,93.19,93.79,96.2,92.43,94.57,92.47,92.87,95.48,100.19,103.67,109.01,113.8,117.45,119.58,78.48,98.04,86.65,116.05,14.5,89.4,108.22,9.52,98.04,106.03,6.49,-1.54,-12.7,-7.99,-7.54
2023-03-24,103.88,104.2,104.3,102.88,3.58,1.36,0.784,0.63,25245010.0,2630530042.0,103.0,96.7,93.88,95.67,93.79,93.08,93.64,93.24,93.87,96.1,94.72,95.9,93.33,93.84,95.3,100.09,103.07,108.52,113.15,116.98,119.31,77.98,98.08,86.65,116.05,14.5,89.4,108.22,9.52,98.08,105.96,6.24,-1.66,-12.66,-7.88,-7.44
2023-03-27,103.46,101.2,103.54,100.77,1.13,2.66,0.7856,0.86,25393417.0,2569813800.4,103.23,97.2,94.15,95.75,94.07,93.15,93.72,93.24,93.9,96.0,94.72,95.9,93.33,93.84,95.3,100.09,103.07,108.52,113.15,116.98,119.31,70.8,98.1,86.65,115.83,14.41,89.4,108.01,9.43,98.1,105.96,3.16,-4.49,-15.18,-7.86,-7.42
2023-03-28,101.14,99.5,101.14,98.42,-4.31,2.69,0.7681,0.84,24913480.0,2478891260.0,102.33,97.68,94.36,95.75,94.27,93.24,93.75,93.2,93.89,95.91,94.72,95.9,93.33,93.84,95.3,100.09,103.07,108.52,113.15,116.98,119.31,64.28,98.1,86.65,115.83,14.41,89.4,108.01,9.43,98.1,105.96,1.43,-6.1,-16.6,-7.86,-7.42
2023-03-29,100.86,100.04,100.96,99.17,-2.27,1.8,0.8033,0.94,26148300.0,2615875932.0,101.87,98.16,94.6,95.81,94.49,93.34,93.78,93.27,93.89,95.83,94.72,95.9,93.33,93.84,95.3,100.09,103.07,108.52,113.15,116.98,119.31,67.03,98.1,86.65,115.83,14.41,89.4,107.8,9.33,98.1,105.96,1.98,-5.59,-16.15,-7.86,-7.42
2023-03-30,99.58,99.46,99.75,98.43,-4.73,1.32,0.7666,0.94,25009829.0,2487477592.34,100.88,98.74,94.74,95.92,94.69,93.45,93.81,93.35,93.88,95.74,94.72,95.9,93.33,93.84,95.3,100.09,103.07,108.52,113.15,116.98,119.31,63.92,98.1,86.65,115.83,14.41,89.4,107.8,9.33,98.1,105.96,1.39,-6.13,-16.64,-7.86,-7.42
2023-03-31,99.85,102.14,102.33,99.58,-1.98,2.76,0.8611,1.11,28107953.0,2870946319.42,100.47,99.6,95.01,96.02,94.94,93.59,93.88,93.43,93.92,95.65,97.65,96.37,94.21,94.2,95.15,99.68,102.57,107.84,112.57,116.49,119.01,74.31,98.12,86.65,115.62,14.32,89.4,107.59,9.23,98.12,105.87,4.1,-3.52,-14.17,-7.75,-7.32
2023-04-03,100.81,103.05,103.09,100.52,1.83,2.52,0.6356,0.8,20719861.0,2135181676.05,100.84,100.49,95.35,96.12,95.24,93.71,93.98,93.52,93.97,95.6,97.65,96.37,94.21,94.2,95.15,99.68,102.57,107.84,112.57,116.49,119.01,76.13,98.13,86.65,115.62,14.32,89.4,107.59,9.23,98.13,105.87,5.01,-2.66,-13.41,-7.74,-7.31
2023-04-04,102.98,103.26,104.24,102.74,3.78,1.46,0.6271,0.82,20377231.0,2104152873.06,101.59,101.21,95.79,96.28,95.53,93.84,94.07,93.66,94.03,95.57,97.65,96.37,94.21,94.2,95.15,99.68,102.57,107.84,112.57,116.49,119.01,76.33,98.16,86.65,115.62,14.32,89.4,107.59,9.23,98.16,105.87,5.2,-2.47,-13.23,-7.71,-7.28
2023-04-05,104.26,103.09,104.68,102.24,3.05,2.36,0.6732,0.91,21864200.0,2253980378.0,102.2,101.77,96.23,96.39,95.8,94.03,94.14,93.83,94.08,95.54,97.65,96.37,94.21,94.2,95.15,99.68,102.57,107.84,112.57,116.49,119.01,75.43,98.18,86.65,115.41,14.23,89.61,107.38,9.02,98.18,105.87,5.0,-2.63,-13.37,-7.69,-7.26
2023-04-06,103.91,107.04,107.77,102.96,7.62,4.67,1.0615,1.49,34684150.0,3712591416.0,103.72,102.29,96.82,96.55,96.12,94.27,94.26,94.07,94.16,95.53,97.65,96.37,94.21,94.2,95.15,99.68,102.57,107.84,112.57,116.49,119.01,84.55,98.26,86.86,115.41,14.11,89.61,107.38,9.02,98.26,105.87,8.94,1.11,-10.05,-7.61,-7.19
2023-04-10,105.53,105.09,106.11,103.74,2.89,2.21,0.6061,0.78,19741517.0,2074636021.53,104.31,102.59,97.41,96.51,96.37,94.51,94.38,94.27,94.24,95.51,100.63,97.19,95.48,94.76,95.05,99.63,102.32,107.39,112.06,116.04,118.73,80.87,98.3,86.86,115.41,14.11,89.61,107.38,9.02,98.3,105.85,6.91,-0.72,-11.49,-7.55,-7.13
2023-04-11,105.06,104.26,105.36,103.42,1.17,1.85,0.576,0.8,18721278.0,1951880444.28,104.55,102.87,97.94,96.53,96.61,94.73,94.5,94.43,94.29,95.49,100.63,97.19,95.48,94.76,95.05,99.63,102.32,107.39,112.06,116.04,118.73,78.74,98.32,86.86,115.2,14.02,89.61,107.16,8.92,98.32,105.85,6.04,-1.5,-12.19,-7.53,-7.11
2023-04-12,105.53,103.36,105.73,103.11,0.1,2.51,0.6988,0.99,22761569.0,2352635771.84,104.57,102.83,98.44,96.57,96.81,94.92,94.54,94.59,94.32,95.48,100.63,97.19,95.48,94.76,95.05,99.63,102.32,107.39,112.06,116.04,118.73,74.83,98.36,86.86,115.2,14.02,89.61,107.16,8.92,98.36,105.85,5.08,-2.35,-12.95,-7.49,-7.08
2023-04-13,104.61,106.33,106.41,104.58,3.14,1.77,0.6651,0.92,21650747.0,2302123928.51,105.22,103.09,99.03,96.58,97.08,95.19,94.62,94.79,94.38,95.46,100.63,97.19,95.48,94.76,95.05,99.63,102.32,107.39,112.06,116.04,118.73,83.72,98.4,86.86,115.2,14.02,89.61,106.95,8.82,98.4,105.85,8.06,0.45,-10.44,-7.45,-7.04
2023-04-14,105.83,107.6,107.72,105.73,0.52,1.87,0.6374,0.88,20758686.0,2233634613.6,105.33,103.31,99.6,96.79,97.37,95.45,94.71,94.93,94.46,95.46,104.32,97.61,96.87,95.35,95.24,99.32,102.17,107.01,111.47,115.68,118.39,86.12,98.45,86.86,114.99,13.93,89.61,107.16,8.92,98.45,105.84,9.29,1.66,-9.12,-7.39,-6.98
2023-04-17,103.57,104.56,104.85,103.46,-0.5,1.29,0.8916,1.4,29043443.0,3036782400.08,105.22,103.33,100.02,97.03,97.58,95.7,94.79,95.03,94.5,95.43,104.32,97.61,96.87,95.35,95.24,99.32,102.17,107.01,111.47,115.68,118.39,78.37,98.5,86.86,114.99,13.93,89.61,107.16,8.92,98.5,105.84,6.15,-1.21,-11.68,-7.34,-6.93
2023-04-18,105.14,103.26,105.19,102.92,-0.96,2.17,0.5517,0.78,17641369.0,1821647762.94,105.02,103.47,100.33,97.26,97.68,95.95,94.87,95.11,94.52,95.38,104.32,97.61,96.87,95.35,95.24,99.32,102.17,107.01,111.47,115.68,118.39,72.01,98.52,86.86,114.99,13.93,89.82,106.95,8.71,98.52,105.84,4.81,-2.44,-12.78,-7.32,-6.92
2023-04-19,102.36,103.16,103.87,101.94,-0.19,1.87,0.5274,0.75,16732016.0,1726074770.56,104.98,103.71,100.69,97.48,97.74,96.16,94.98,95.17,94.52,95.38,104.32,97.61,96.87,95.35,95.24,99.32,102.17,107.01,111.47,115.68,118.39,72.03,98.54,86.86,114.78,13.84,89.82,106.95,8.71,98.54,105.84,4.69,-2.53,-12.87,-7.3,-6.9
2023-04-20,102.79,104.04,105.03,102.78,-2.15,2.18,0.7116,1.06,22515331.0,2342495037.24,104.52,103.98,101.07,97.72,97.86,96.39,95.12,95.24,94.61,95.38,104.32,97.61,96.87,95.35,95.24,99.32,102.17,107.01,111.47,115.68,118.39,76.36,98.57,86.86,114.78,13.84,89.82,106.95,8.71,98.57,105.84,5.55,-1.7,-12.12,-7.27,-6.87
2023-04-21,104.23,104.05,104.78,103.63,-3.3,1.11,0.7105,1.05,22379018.0,2328536822.9,103.81,104.29,101.51,97.92,98.01,96.61,95.26,95.31,94.72,95.39,105.01,98.72,98.05,95.6,95.47,99.1,101.94,106.5,110.92,115.23,118.05,76.17,98.59,86.86,114.78,13.84,89.82,106.74,8.61,98.59,105.81,5.54,-1.66,-11.86,-7.22,-6.82
2023-04-24,104.19,104.92,105.46,103.5,0.34,1.88,0.6809,0.99,21410908.0,2246432467.36,103.89,104.47,102.04,98.16,98.14,96.85,95.41,95.39,94.81,95.42,105.01,98.72,98.05,95.6,95.47,99.1,101.94,106.5,110.92,115.23,118.05,80.42,98.63,86.86,114.57,13.75,89.82,106.74,8.61,98.63,105.81,6.38,-0.84,-11.12,-7.18,-6.79
2023-04-25,104.75,102.75,105.58,102.7,-0.49,2.74,0.9975,1.56,31408119.0,3227184227.25,103.78,104.45,102.47,98.39,98.2,97.09,95.5,95.48,94.89,95.42,105.01,98.72,98.05,95.6,95.47,99.1,101.94,106.5,110.92,115.23,118.05,68.35,98.67,86.86,114.57,13.75,89.82,106.74,8.61,98.67,105.81,4.13,-2.89,-12.96,-7.14,-6.75
2023-04-26,103.7,102.59,105.16,101.41,-0.55,3.65,1.1694,1.62,37068168.0,3802823355.12,103.67,104.41,102.81,98.66,98.31,97.3,95.6,95.55,95.01,95.44,105.01,98.72,98.05,95.6,95.47,99.1,101.94,106.5,110.92,115.23,118.05,67.3,98.71,86.86,114.35,13.66,89.82,106.53,8.51,98.71,105.81,3.93,-3.04,-13.09,-7.1,-6.71
2023-04-27,103.37,106.51,107.29,102.56,2.37,4.61,1.1962,1.42,38235220.0,4072433282.2,104.16,104.63,103.2,99.03,98.45,97.56,95.8,95.64,95.18,95.49,105.01,98.72,98.05,95.6,95.47,99.1,101.94,106.5,110.92,115.23,118.05,84.58,98.78,86.86,114.14,13.57,90.03,106.53,8.39,98.78,105.81,7.83,0.66,-9.77,-7.03,-6.64
2023-04-28,105.94,106.36,106.43,104.18,2.22,2.11,0.7505,0.8,23957872.0,2548159265.92,104.63,104.59,103.44,99.41,98.56,97.82,95.99,95.74,95.39,95.54,105.44,100.08,99.08,96.36,95.87,99.1,101.74,106.07,110.34,114.79,117.71,84.74,98.83,86.86,114.14,13.57,90.03,106.53,8.39,98.83,105.78,7.62,0.55,-9.64,-6.95,-6.57
2023-05-01,105.86,105.85,106.82,105.64,0.89,1.11,0.6645,0.69,20926259.0,2215044515.15,104.81,104.64,103.62,99.82,98.55,98.02,96.19,95.85,95.56,95.6,105.44,100.08,99.08,96.36,95.87,99.1,101.74,106.07,110.34,114.79,117.71,82.0,98.87,87.07,114.14,13.45,90.03,106.53,8.39,98.87,105.78,7.06,0.07,-10.07,-6.91,-6.53
2023-05-02,105.8,104.12,105.87,102.64,1.33,3.05,0.6516,0.67,20343116.0,2118125237.92,105.09,104.63,103.75,100.17,98.56,98.21,96.38,95.95,95.71,95.65,105.44,100.08,99.08,96.36,95.87,99.1,101.74,106.07,110.34,114.79,117.71,74.01,98.9,87.07,114.14,13.45,90.03,106.53,8.39,98.9,105.78,5.28,-1.57,-11.54,-6.88,-6.5
2023-05-03,104.36,104.26,106.27,103.76,1.63,2.41,0.5507,0.61,17116333.0,1784548878.58,105.42,104.69,103.76,100.52,98.6,98.39,96.55,95.99,95.85,95.7,105.44,100.08,99.08,96.36,95.87,99.1,101.74,106.07,110.34,114.79,117.71,75.44,98.93,87.07,113.93,13.36,90.03,106.32,8.29,98.93,105.78,5.39,-1.44,-11.42,-6.85,-6.48
2023-05-04,104.3,103.35,104.44,102.84,-2.97,1.53,0.6413,0.82,19780637.0,2044328833.95,104.79,104.49,103.79,100.85,98.56,98.56,96.74,96.03,96.0,95.73,105.44,100.08,99.08,96.36,95.87,99.1,101.74,106.07,110.34,114.79,117.71,67.44,98.95,87.07,113.93,13.36,90.03,106.32,8.29,98.95,105.78,4.45,-2.3,-12.2,-6.83,-6.46
2023-05-05,103.46,104.36,104.58,102.88,-1.88,1.64,0.6912,1.01,20710627.0,2161361033.72,104.39,104.28,103.79,101.16,98.66,98.75,96.92,96.08,96.1,95.79,105.88,101.77,99.54,97.13,96.09,98.84,101.64,105.64,109.76,114.36,117.33,75.72,98.97,87.07,113.93,13.36,90.03,106.32,8.29,98.97,105.76,5.45,-1.32,-11.05,-6.79,-6.42
2023-05-08,103.94,106.38,106.56,103.93,0.5,2.52,0.6032,0.87,17266021.0,1836759313.98,104.49,104.4,103.86,101.48,98.87,98.95,97.15,96.16,96.2,95.87,105.88,101.77,99.54,97.13,96.09,98.84,101.64,105.64,109.76,114.36,117.33,85.44,99.01,87.07,113.72,13.27,90.03,106.32,8.29,99.01,105.76,7.44,0.59,-9.33,-6.75,-6.38
2023-05-09,106.92,106.08,108.74,105.87,1.88,2.7,0.8784,1.3,24782442.0,2628921447.36,104.89,104.59,104.03,101.75,99.09,99.06,97.39,96.26,96.3,95.93,105.88,101.77,99.54,97.13,96.09,98.84,101.64,105.64,109.76,114.36,117.33,82.73,99.07,87.07,113.72,13.27,90.03,106.53,8.39,99.07,105.76,7.08,0.3,-9.59,-6.69,-6.33
2023-05-10,106.69,110.42,111.65,106.62,5.91,4.74,1.6804,2.38,47533463.0,5248644984.46,106.12,105.07,104.39,102.15,99.38,99.21,97.65,96.42,96.41,95.99,105.88,101.77,99.54,97.13,96.09,98.84,101.64,105.64,109.76,114.36,117.33,91.17,99.25,87.07,113.51,13.18,90.25,106.95,8.47,99.25,105.76,11.25,4.41,-5.89,-6.51,-6.16
2023-05-11,114.0,115.04,116.58,113.07,11.31,3.18,2.0019,2.2,57115075.0,6570518228.0,108.46,105.8,104.89,102.65,99.74,99.44,97.96,96.64,96.56,96.09,105.88,101.77,99.54,97.13,96.09,98.84,101.64,105.64,109.76,114.36,117.33,95.49,99.57,87.07,114.78,13.72,90.25,107.59,8.77,99.57,105.76,15.54,8.77,-1.95,-6.19,-5.85
2023-05-12,115.14,116.06,116.4,114.69,11.21,1.49,1.1005,0.93,31293778.0,3631955874.68,110.8,106.6,105.44,103.21,100.09,99.73,98.27,96.88,96.72,96.19,107.69,104.16,100.69,98.53,96.78,98.83,101.7,105.29,109.46,113.96,117.08,96.91,99.75,87.29,115.41,13.88,90.25,108.22,9.06,99.75,105.9,16.35,9.59,-0.87,-6.15,-5.81
2023-05-15,114.63,115.1,116.94,114.62,8.2,2.0,0.7837,0.62,22107865.0,2544615261.5,112.54,107.28,105.88,103.79,100.44,99.96,98.59,97.1,96.88,96.31,107.69,104.16,100.69,98.53,96.78,98.83,101.7,105.29,109.46,113.96,117.08,93.91,99.87,87.29,115.41,13.88,90.25,108.64,9.25,99.87,105.9,15.25,8.69,-1.69,-6.03,-5.69
2023-05-16,114.97,118.23,119.34,114.97,11.45,3.8,1.1466,0.89,32370113.0,3827118459.99,114.97,108.31,106.38,104.42,100.87,100.22,98.96,97.33,97.08,96.45,107.69,104.16,100.69,98.53,96.78,98.83,101.7,105.29,109.46,113.96,117.08,98.27,100.08,87.29,115.83,14.06,90.46,109.28,9.42,100.08,105.9,18.14,11.64,0.98,-5.82,-5.5
2023-05-17,118.32,119.62,120.42,117.6,8.33,2.39,0.9453,0.7,26659564.0,3189017045.68,116.81,109.45,106.93,105.02,101.36,100.54,99.33,97.58,97.28,96.61,107.69,104.16,100.69,98.53,96.78,98.83,101.7,105.29,109.46,113.96,117.08,99.01,100.26,87.29,116.26,14.23,90.46,109.91,9.71,100.26,105.9,19.31,12.96,2.17,-5.64,-5.33
2023-05-18,119.7,121.66,122.04,119.63,5.75,2.01,0.9595,0.8,27014468.0,3286580176.88,118.13,110.46,107.55,105.62,101.89,100.85,99.71,97.89,97.49,96.78,107.69,104.16,100.69,98.53,96.78,98.83,101.7,105.29,109.46,113.96,117.08,99.84,100.46,87.29,116.89,14.5,90.46,110.55,9.99,100.46,105.9,21.1,14.88,3.91,-5.44,-5.14
2023-05-19,122.34,121.39,124.62,120.86,4.59,3.09,1.0765,1.09,30268864.0,3674337400.96,119.2,111.46,108.03,106.11,102.42,101.14,100.09,98.2,97.7,96.93,110.44,107.38,101.89,100.26,97.51,98.84,101.84,104.96,109.2,113.61,116.82,98.74,100.7,87.29,117.95,14.94,90.46,111.39,10.37,100.7,106.19,20.55,14.31,3.91,-5.49,-5.17
2023-05-22,121.65,124.01,125.19,121.59,7.74,2.97,1.0593,1.07,29760236.0,3690566866.36,120.98,112.67,108.66,106.63,103.03,101.37,100.46,98.55,97.95,97.12,110.44,107.38,101.89,100.26,97.51,98.84,101.84,104.96,109.2,113.61,116.82,99.58,100.95,87.29,118.79,15.29,90.67,112.45,10.72,100.95,106.19,22.84,16.78,6.15,-5.24,-4.93
2023-05-23,123.07,121.43,123.56,121.19,2.71,1.91,0.8704,0.84,24477945.0,2972356861.35,121.62,113.83,109.23,107.11,103.59,101.61,100.81,98.87,98.18,97.27,110.44,107.38,101.89,100.26,97.51,98.84,101.84,104.96,109.2,113.61,116.82,96.87,101.14,87.29,119.64,15.64,90.67,113.09,11.0,101.14,106.19,20.06,14.35,3.94,-5.05,-4.76
2023-05-24,120.02,119.78,120.89,118.89,0.13,1.65,0.8246,0.84,23087925.0,2765471656.5,121.65,114.86,109.78,107.46,104.11,101.85,101.13,99.17,98.35,97.41,110.44,107.38,101.89,100.26,97.51,98.84,101.84,104.96,109.2,113.61,116.82,94.73,101.29,87.29,119.85,15.72,90.67,113.51,11.19,101.29,106.19,18.25,12.8,2.53,-4.9,-4.61
2023-05-25,123.35,122.49,124.12,121.04,0.68,2.57,1.2023,1.26,33812730.0,4141721297.7,121.82,116.14,110.31,107.91,104.67,102.07,101.49,99.51,98.54,97.57,110.44,107.38,101.89,100.26,97.51,98.84,101.84,104.96,109.2,113.61,116.82,97.78,101.56,87.29,120.91,16.15,90.67,114.35,11.55,101.56,106.19,20.61,15.35,4.85,-4.63,-4.36
2023-05-26,122.21,123.57,124.14,121.43,1.8,2.21,0.894,0.89,25169036.0,3110137778.52,122.26,117.42,110.85,108.33,105.22,102.41,101.87,99.85,98.75,97.74,114.35,109.68,103.93,102.12,98.47,99.03,102.08,104.67,109.11,113.29,116.59,99.03,101.75,87.29,121.54,16.41,90.88,114.78,11.62,101.75,106.53,21.44,16.0,5.99,-4.78,-4.49
2023-05-30,124.43,122.78,124.52,121.03,-0.99,2.82,0.969,1.0,27230726.0,3343388538.28,122.01,118.51,111.45,108.75,105.73,102.8,102.21,100.2,98.95,97.89,114.35,109.68,103.93,102.12,98.47,99.03,102.08,104.67,109.11,113.29,116.59,96.97,101.96,87.5,121.97,16.46,90.88,115.2,11.8,101.96,106.53,20.42,15.25,5.31,-4.57,-4.29
2023-05-31,121.84,121.51,123.04,121.24,0.07,1.47,1.4669,1.55,41548759.0,5048589706.09,122.03,119.54,112.06,109.2,106.2,103.18,102.47,100.55,99.17,98.03,114.35,109.68,103.93,102.12,98.47,99.03,102.08,104.67,109.11,113.29,116.59,92.59,102.26,87.5,122.18,16.54,90.88,115.83,12.07,102.26,106.53,18.82,14.06,4.22,-4.27,-4.01
2023-06-01,121.64,122.51,123.18,121.44,2.28,1.43,0.8828,0.83,25017674.0,3064915241.74,122.57,120.35,112.71,109.71,106.7,103.57,102.73,100.89,99.41,98.16,114.35,109.68,103.93,102.12,98.47,99.03,102.08,104.67,109.11,113.29,116.59,95.99,102.44,87.5,122.18,16.54,91.09,116.05,12.05,102.44,106.53,19.59,15.0,5.08,-4.09,-3.84
2023-06-02,122.63,123.37,124.89,122.49,0.72,1.96,0.6858,0.63,19367453.0,2389362676.61,122.75,120.9,113.35,110.23,107.21,103.97,103.02,101.24,99.67,98.36,117.75,111.59,105.97,103.74,99.76,99.38,102.39,104.49,108.96,112.95,116.38,98.03,102.58,87.5,122.39,16.62,91.09,116.26,12.14,102.58,106.82,20.27,15.49,4.77,-4.24,-3.97
2023-06-05,122.75,124.77,126.13,122.52,0.97,2.93,0.8037,0.82,22672516.0,2828849821.32,122.99,121.48,114.04,110.79,107.78,104.37,103.35,101.59,99.95,98.59,117.75,111.59,105.97,103.74,99.76,99.38,102.39,104.49,108.96,112.95,116.38,99.68,102.76,87.5,122.6,16.71,91.09,116.89,12.4,102.76,106.82,21.42,16.8,5.96,-4.06,-3.8
2023-06-06,124.74,126.05,127.02,124.11,2.66,2.33,0.695,0.72,19450128.0,2451688634.4,123.64,122.21,114.75,111.32,108.39,104.8,103.67,101.96,100.24,98.79,117.75,111.59,105.97,103.74,99.76,99.38,102.39,104.49,108.96,112.95,116.38,99.78,102.92,87.5,122.81,16.79,91.09,117.74,12.76,102.92,106.82,22.47,18.0,7.05,-3.9,-3.65
2023-06-07,125.72,121.08,127.69,120.77,-0.35,5.49,1.2194,1.33,34179348.0,4138435455.84,123.56,122.4,115.36,111.72,108.91,105.18,103.92,102.31,100.47,98.98,117.75,111.59,105.97,103.74,99.76,99.38,102.39,104.49,108.96,112.95,116.38,87.84,103.17,87.5,123.02,16.88,91.3,118.79,13.09,103.17,106.82,17.36,13.35,2.83,-3.65,-3.42
2023-06-08,120.73,120.81,121.87,120.15,-1.39,1.42,0.8892,1.03,24814996.0,2997899666.76,123.22,122.48,115.96,112.11,109.39,105.58,104.19,102.64,100.69,99.2,117.75,111.59,105.97,103.74,99.76,99.38,102.39,104.49,108.96,112.95,116.38,87.16,103.33,87.5,123.02,16.88,91.3,119.43,13.35,103.33,106.82,16.92,13.1,2.6,-3.49,-3.27
2023-06-09,120.7,121.01,122.43,120.56,-1.91,1.55,0.7359,0.84,20313676.0,2458157932.76,122.74,122.44,116.45,112.51,109.83,106.0,104.45,102.96,100.96,99.44,121.08,113.48,108.2,104.92,100.63,99.73,102.44,104.39,108.65,112.68,116.15,87.09,103.47,87.5,123.02,16.88,91.3,119.85,13.52,103.47,107.14,16.95,12.95,-0.06,-3.67,-3.43
2023-06-12,121.54,122.49,122.89,120.49,-1.83,1.98,0.8235,0.92,22289632.0,2730257023.68,122.29,122.51,116.99,112.85,110.21,106.44,104.7,103.29,101.24,99.71,121.08,113.48,108.2,104.92,100.63,99.73,102.44,104.39,108.65,112.68,116.15,93.18,103.62,87.5,123.02,16.88,91.51,120.28,13.58,103.62,107.14,18.21,14.33,1.16,-3.52,-3.29
2023-06-13,123.79,122.57,124.0,121.99,-2.76,1.64,0.7385,0.8,19287650.0,2364087260.5,121.59,122.41,117.54,113.24,110.58,106.91,104.88,103.6,101.53,99.96,121.08,113.48,108.2,104.92,100.63,99.73,102.44,104.39,108.65,112.68,116.15,92.62,103.77,87.5,123.02,16.88,91.51,120.7,13.75,103.77,107.14,18.12,14.4,1.23,-3.37,-3.15
2023-06-14,121.94,122.52,122.93,120.3,1.19,2.15,0.945,1.02,24659620.0,3021296642.4,121.88,122.49,118.16,113.65,110.95,107.37,105.09,103.91,101.82,100.2,121.08,113.48,108.2,104.92,100.63,99.73,102.44,104.39,108.65,112.68,116.15,92.52,103.95,87.71,123.02,16.76,91.51,121.12,13.92,103.95,107.14,17.86,14.36,1.19,-3.19,-2.98
2023-06-15,122.02,123.93,124.3,121.28,2.58,2.46,0.9447,1.1,24517071.0,3038400609.03,122.5,122.76,118.81,114.11,111.29,107.84,105.34,104.22,102.12,100.44,121.08,113.48,108.2,104.92,100.63,99.73,102.44,104.39,108.65,112.68,116.15,97.73,104.13,87.71,123.24,16.84,91.51,121.33,14.01,104.13,107.14,19.01,15.67,2.35,-3.01,-2.81
2023-06-16,124.84,122.2,124.84,121.93,0.98,2.35,2.1511,2.55,56699200.0,6928642240.0,122.74,122.74,119.44,114.46,111.62,108.29,105.52,104.53,102.42,100.69,122.31,115.0,110.21,106.09,101.5,100.04,102.71,104.43,108.48,112.43,115.93,88.8,104.55,87.71,123.24,16.84,91.73,121.54,13.98,104.55,107.52,16.88,13.65,-0.09,-2.97,-2.76
2023-06-20,121.68,121.99,123.32,120.97,-0.41,1.92,0.8659,0.77,22698028.0,2768932435.72,122.64,122.64,120.03,114.78,111.91,108.71,105.78,104.83,102.7,100.89,122.31,115.0,110.21,106.09,101.5,100.04,102.71,104.43,108.48,112.43,115.93,86.98,104.71,87.71,123.24,16.84,91.73,121.76,14.07,104.71,107.52,16.5,13.46,-0.26,-2.81,-2.61
2023-06-21,121.38,119.4,121.55,119.0,-2.59,2.09,0.864,0.76,22612002.0,2699873038.8,122.01,122.41,120.46,115.11,112.16,109.07,106.07,105.09,102.98,101.05,122.31,115.0,110.21,106.09,101.5,100.04,102.71,104.43,108.48,112.43,115.93,78.09,104.84,87.71,123.24,16.84,91.94,121.76,13.95,104.84,107.52,13.89,11.05,-2.38,-2.68,-2.49
2023-06-22,118.8,122.01,122.08,117.74,-0.42,3.63,0.7965,0.69,20781888.0,2535598154.88,121.91,122.45,120.99,115.52,112.51,109.45,106.39,105.33,103.29,101.24,122.31,115.0,110.21,106.09,101.5,100.04,102.71,104.43,108.48,112.43,115.93,87.2,104.97,87.71,123.24,16.84,91.94,121.76,13.95,104.97,107.52,16.23,13.48,-0.24,-2.55,-2.37
2023-06-23,120.18,121.16,121.58,120.0,-2.24,1.29,1.13,1.0,29573123.0,3583079582.68,121.35,122.36,121.35,115.92,112.87,109.83,106.7,105.54,103.57,101.4,122.26,116.35,112.34,106.98,102.35,100.52,102.73,104.54,108.35,112.08,115.76,82.16,105.15,87.71,123.24,16.84,91.94,121.76,13.95,105.15,107.73,15.23,12.47,-0.9,-2.58,-2.39
2023-06-26,119.61,117.23,120.86,117.13,-4.07,3.08,0.8876,0.76,23184961.0,2717972978.03,120.36,121.95,121.42,116.22,113.16,110.16,106.97,105.72,103.83,101.53,122.26,116.35,112.34,106.98,102.35,100.52,102.73,104.54,108.35,112.08,115.76,73.88,105.27,87.71,123.24,16.84,91.94,121.76,13.95,105.27,107.73,11.36,8.82,-4.12,-2.46,-2.28
2023-06-27,115.98,117.15,118.04,115.05,-3.97,2.55,1.0407,1.15,27221714.0,3189023795.1,119.39,121.44,121.46,116.51,113.45,110.51,107.21,105.94,104.07,101.67,122.26,116.35,112.34,106.98,102.35,100.52,102.73,104.54,108.35,112.08,115.76,73.87,105.39,87.92,123.24,16.73,92.15,121.76,13.84,105.39,107.73,11.16,8.74,-4.18,-2.34,-2.17
2023-06-28,116.1,119.22,119.41,115.74,-0.15,3.13,0.7592,0.8,19753145.0,2354969946.9,119.35,120.98,121.6,116.83,113.74,110.91,107.5,106.15,104.34,101.82,122.26,116.35,112.34,106.98,102.35,100.52,102.73,104.54,108.35,112.08,115.76,77.09,105.49,87.92,123.24,16.73,92.15,121.54,13.76,105.49,107.73,13.02,10.67,-2.49,-2.24,-2.08
2023-06-29,118.23,118.15,119.05,117.35,-3.16,1.43,0.7127,0.77,18517458.0,2187837662.7,118.58,120.79,121.6,117.17,113.99,111.29,107.78,106.33,104.62,101.98,122.26,116.35,112.34,106.98,102.35,100.52,102.73,104.54,108.35,112.08,115.76,74.48,105.58,87.92,123.24,16.73,92.15,121.54,13.76,105.58,107.73,11.91,9.67,-3.36,-2.15,-2.0
2023-06-30,119.24,119.11,120.17,119.02,-1.69,0.97,0.9167,1.01,23871764.0,2843365810.04,118.17,120.68,121.58,117.54,114.25,111.64,108.1,106.55,104.89,102.14,121.37,117.86,113.57,108.29,103.02,101.07,102.85,104.59,108.13,111.79,115.52,76.03,105.71,87.92,123.24,16.73,92.15,121.54,13.76,105.71,107.92,12.68,10.37,-1.86,-2.21,-2.05
2023-07-03,118.45,118.7,119.16,117.85,1.25,1.1,0.5361,0.62,13888262.0,1648536699.4,118.47,120.52,121.48,117.81,114.51,111.96,108.42,106.75,105.15,102.29,121.37,117.86,113.57,108.29,103.02,101.07,102.85,104.59,108.13,111.79,115.52,75.13,105.78,87.92,123.24,16.73,92.15,121.54,13.76,105.78,107.92,12.21,9.99,-2.2,-2.14,-1.98
2023-07-05,118.2,120.77,121.51,118.2,3.09,2.79,0.6958,0.86,17830347.0,2153371007.19,119.19,120.41,121.46,118.13,114.74,112.25,108.77,106.95,105.43,102.45,121.37,117.86,113.57,108.29,103.02,101.07,102.85,104.59,108.13,111.79,115.52,81.08,105.88,87.92,123.24,16.73,92.15,121.54,13.76,105.88,107.92,14.06,11.91,-0.49,-2.04,-1.89
2023-07-06,118.78,119.07,119.29,117.39,-0.13,1.57,0.6935,0.95,17750181.0,2113514051.67,119.16,120.17,121.29,118.42,114.98,112.5,109.12,107.06,105.67,102.62,121.37,117.86,113.57,108.29,103.02,101.07,102.85,104.59,108.13,111.79,115.52,75.78,105.97,87.92,123.24,16.73,92.36,121.54,13.64,105.97,107.92,12.36,10.33,-1.9,-1.95,-1.81
2023-07-07,119.03,118.28,119.89,118.23,0.11,1.39,0.8192,1.14,20997665.0,2483603816.2,119.19,119.89,121.19,118.73,115.21,112.74,109.45,107.21,105.91,102.78,120.35,119.05,114.51,109.57,103.92,101.67,103.09,104.62,107.93,111.43,115.26,72.43,106.07,87.92,123.24,16.73,92.36,121.54,13.64,106.07,108.06,11.51,9.46,-1.72,-1.99,-1.84
2023-07-10,117.21,115.01,117.21,114.78,-3.44,2.05,1.2775,1.75,32960078.0,3790738570.78,118.37,119.3,121.03,118.97,115.4,112.89,109.75,107.33,106.11,102.89,120.35,119.05,114.51,109.57,103.92,101.67,103.09,104.62,107.93,111.43,115.26,65.52,106.2,87.92,123.24,16.73,92.36,121.54,13.64,106.2,108.06,8.3,6.43,-4.44,-1.86,-1.72
2023-07-11,114.9,115.85,116.37,113.97,-2.4,2.09,0.7103,0.88,18286571.0,2118499250.35,117.8,118.87,120.81,119.25,115.56,113.07,110.05,107.42,106.32,103.0,120.35,119.05,114.51,109.57,103.92,101.67,103.09,104.62,107.93,111.43,115.26,68.13,106.26,88.13,123.24,16.61,92.36,121.54,13.64,106.26,108.06,9.03,7.21,-3.74,-1.8,-1.67
2023-07-12,117.44,117.76,119.1,117.14,-2.49,1.69,0.8561,1.02,22059611.0,2597739791.36,117.19,118.59,120.62,119.55,115.73,113.25,110.35,107.61,106.55,103.12,120.35,119.05,114.51,109.57,103.92,101.67,103.09,104.62,107.93,111.43,115.26,71.58,106.36,88.13,123.24,16.61,92.57,121.54,13.53,106.36,108.06,10.72,8.98,-2.15,-1.7,-1.57
2023-07-13,119.68,122.97,123.48,119.2,3.28,3.63,1.2219,1.41,31535853.0,3877963843.41,117.97,118.83,120.62,119.92,116.04,113.5,110.7,107.89,106.81,103.29,120.35,119.05,114.51,109.57,103.92,101.67,103.09,104.62,107.93,111.43,115.26,93.88,106.56,88.13,123.24,16.61,92.57,121.54,13.53,106.56,108.06,15.4,13.8,2.18,-1.5,-1.39
2023-07-14,123.27,123.84,125.23,123.04,4.7,1.78,0.7928,0.81,20499780.0,2538692755.2,119.09,118.95,120.7,120.31,116.38,113.8,111.03,108.19,107.03,103.48,120.92,121.0,115.96,111.38,105.09,102.32,103.27,104.87,107.83,111.17,115.1,96.75,106.7,88.13,123.24,16.61,92.57,121.76,13.62,106.7,108.31,16.06,14.34,2.35,-1.61,-1.49
2023-07-17,124.2,123.2,125.42,122.64,7.12,2.24,0.7976,0.82,20675297.0,2547196590.4,120.72,119.09,120.72,120.6,116.71,114.11,111.37,108.47,107.23,103.68,120.92,121.0,115.96,111.38,105.09,102.32,103.27,104.87,107.83,111.17,115.1,93.47,106.84,88.13,123.45,16.69,92.57,121.76,13.62,106.84,108.31,15.31,13.75,1.82,-1.47,-1.36
2023-07-18,123.05,122.22,123.13,121.44,5.5,1.37,0.8136,0.93,21071248.0,2575327930.56,122.0,119.42,120.68,120.76,117.02,114.41,111.7,108.75,107.44,103.88,120.92,121.0,115.96,111.38,105.09,102.32,103.27,104.87,107.83,111.17,115.1,87.73,106.96,88.13,123.45,16.69,92.57,121.97,13.7,106.96,108.31,14.27,12.84,1.01,-1.35,-1.25
2023-07-19,122.93,120.92,123.61,120.61,2.68,2.45,0.8616,0.96,22313803.0,2698185058.76,122.63,119.67,120.56,120.86,117.3,114.7,112.04,108.99,107.65,104.07,120.92,121.0,115.96,111.38,105.09,102.32,103.27,104.87,107.83,111.17,115.1,79.26,107.08,88.13,123.45,16.69,92.78,121.97,13.59,107.08,108.31,12.92,11.64,-0.07,-1.23,-1.14
2023-07-20,120.26,117.67,122.84,116.83,-4.31,4.97,1.0593,1.19,27541711.0,3240833133.37,121.57,119.57,120.28,120.92,117.51,114.9,112.35,109.22,107.82,104.25,120.92,121.0,115.96,111.38,105.09,102.32,103.27,104.87,107.83,111.17,115.1,66.83,107.2,88.13,123.45,16.69,92.78,121.97,13.59,107.2,108.31,9.77,8.64,-2.75,-1.11,-1.02
2023-07-21,119.01,118.45,119.44,117.21,-4.35,1.9,2.1393,2.52,56514645.0,6694159700.25,120.49,119.59,120.19,120.93,117.77,115.11,112.67,109.46,107.99,104.41,120.17,121.24,116.72,112.7,106.1,102.9,103.31,104.96,107.57,110.93,114.77,69.58,107.45,88.34,123.45,16.58,92.78,121.97,13.59,107.45,108.62,10.24,9.05,-2.3,-1.17,-1.08
2023-07-24,120.07,120.02,121.49,119.52,-2.58,1.66,0.8525,0.75,22312220.0,2677912644.4,119.86,119.65,120.16,120.94,118.06,115.33,112.98,109.75,108.19,104.59,120.17,121.24,116.72,112.7,106.1,102.9,103.31,104.96,107.57,110.93,114.77,75.59,107.56,88.34,123.45,16.58,92.78,121.97,13.59,107.56,108.62,11.58,10.5,-1.0,-1.06,-0.98
2023-07-25,120.02,120.93,121.83,119.67,-1.06,1.8,1.2208,1.06,31820846.0,3848094906.78,119.6,119.8,120.16,120.92,118.3,115.57,113.27,110.04,108.38,104.8,120.17,121.24,116.72,112.7,106.1,102.9,103.31,104.96,107.57,110.93,114.77,79.56,107.74,88.34,123.45,16.58,93.0,121.76,13.39,107.74,108.62,12.24,11.33,-0.25,-0.88,-0.81
2023-07-26,128.5,127.8,129.51,126.85,5.69,2.2,1.7483,1.44,46216895.0,5906519181.0,120.97,120.27,120.34,121.06,118.66,115.85,113.59,110.41,108.61,105.06,120.17,121.24,116.72,112.7,106.1,102.9,103.31,104.96,107.57,110.93,114.77,98.79,108.11,88.34,123.87,16.74,93.0,122.18,13.56,108.11,108.62,18.21,17.66,5.41,-0.51,-0.47
2023-07-27,129.94,128.01,131.74,127.32,8.79,3.46,1.3465,0.97,35931612.0,4599605652.12,123.04,120.86,120.52,121.15,119.03,116.15,113.89,110.8,108.79,105.33,120.17,121.24,116.72,112.7,106.1,102.9,103.31,104.96,107.57,110.93,114.77,97.86,108.4,88.34,124.29,16.91,93.0,122.18,13.56,108.4,108.62,18.09,17.85,5.59,-0.22,-0.2
2023-07-28,129.11,131.15,132.21,129.06,10.72,2.46,1.0065,0.7,26971011.0,3537248092.65,125.58,121.72,120.81,121.37,119.48,116.51,114.24,111.21,109.02,105.62,122.17,122.21,118.29,114.8,107.58,103.69,103.52,105.24,107.42,110.83,114.57,99.62,108.63,88.34,125.14,17.24,93.0,122.39,13.65,108.63,109.09,20.73,20.22,7.31,-0.46,-0.42
2023-07-31,131.15,131.25,131.97,130.27,9.36,1.3,0.6855,0.56,18381891.0,2412623193.75,127.83,122.8,121.05,121.62,119.93,116.88,114.54,111.61,109.27,105.9,122.17,122.21,118.29,114.8,107.58,103.69,103.52,105.24,107.42,110.83,114.57,99.25,108.78,88.34,127.04,17.97,93.0,122.39,13.65,108.78,109.09,20.66,20.31,7.39,-0.31,-0.28
2023-08-01,129.0,130.03,131.06,128.89,7.53,1.65,0.8273,0.7,22219012.0,2889138130.36,129.65,123.75,121.31,121.79,120.38,117.2,114.85,112.01,109.47,106.19,122.17,122.21,118.29,114.8,107.58,103.69,103.52,105.24,107.42,110.83,114.57,97.82,108.96,88.34,127.89,18.29,93.0,122.6,13.73,108.96,109.09,19.34,19.2,6.4,-0.13,-0.12
2023-08-02,127.98,126.78,128.56,125.99,-0.8,1.98,0.8444,0.76,22705778.0,2878638534.84,129.44,124.35,121.47,121.86,120.75,117.45,115.1,112.35,109.7,106.45,122.17,122.21,118.29,114.8,107.58,103.69,103.52,105.24,107.42,110.83,114.57,93.51,109.11,88.34,127.89,18.29,93.21,122.6,13.62,109.11,109.09,16.19,16.22,3.74,0.02,0.02
2023-08-03,126.51,126.91,127.91,125.92,-0.86,1.57,0.5618,0.6,15086132.0,1914581012.12,129.22,124.61,121.72,121.95,121.09,117.75,115.35,112.68,109.98,106.73,122.17,122.21,118.29,114.8,107.58,103.69,103.52,105.24,107.42,110.83,114.57,93.42,109.2,88.34,127.89,18.29,93.21,122.81,13.71,109.2,109.09,16.22,16.34,3.84,0.11,0.1
2023-08-04,127.74,126.68,130.07,126.46,-3.41,2.84,0.7662,0.97,20521852.0,2599708211.36,128.33,124.8,121.88,122.07,121.43,118.06,115.63,113.0,110.26,107.01,123.68,122.52,119.8,116.1,108.92,104.49,103.73,105.49,107.22,110.78,114.31,92.44,109.34,88.55,128.1,18.25,93.21,122.81,13.71,109.34,109.41,15.86,15.78,2.43,-0.07,-0.06
2023-08-07,127.65,130.08,130.2,127.57,-0.89,2.08,0.6704,0.89,17621041.0,2292145013.28,128.1,125.26,122.17,122.23,121.76,118.42,115.97,113.36,110.57,107.29,123.68,122.52,119.8,116.1,108.92,104.49,103.73,105.49,107.22,110.78,114.31,97.88,109.48,88.55,128.31,18.33,93.21,123.02,13.79,109.48,109.41,18.82,18.89,5.17,0.07,0.06
2023-08-08,129.12,129.98,130.08,128.27,-0.04,1.39,0.6573,0.86,16835952.0,2188337040.96,128.09,125.78,122.6,122.38,122.01,118.77,116.3,113.71,110.88,107.58,123.68,122.52,119.8,116.1,108.92,104.49,103.73,105.49,107.22,110.78,114.31,97.37,109.61,88.55,128.73,18.49,93.21,123.24,13.87,109.61,109.41,18.58,18.8,5.09,0.2,0.18
2023-08-09,130.33,128.29,130.61,127.65,1.19,2.28,0.699,0.96,17745218.0,2276534017.22,128.39,126.27,122.97,122.46,122.22,119.09,116.63,114.07,111.15,107.85,123.68,122.52,119.8,116.1,108.92,104.49,103.73,105.49,107.22,110.78,114.31,93.54,109.74,88.55,128.95,18.57,93.21,123.24,13.87,109.74,109.41,16.9,17.26,3.73,0.33,0.3
2023-08-10,130.11,128.35,130.79,128.18,1.13,2.03,0.7053,1.02,17855681.0,2291776656.35,128.68,126.98,123.27,122.51,122.44,119.41,116.92,114.44,111.44,108.13,123.68,122.52,119.8,116.1,108.92,104.49,103.73,105.49,107.22,110.78,114.31,93.44,109.87,88.55,128.95,18.57,93.21,123.45,13.96,109.87,109.41,16.82,17.31,3.78,0.46,0.42
2023-08-11,127.34,128.31,128.58,126.89,1.29,1.32,0.6075,0.84,15205465.0,1951013214.15,129.0,127.64,123.61,122.67,122.6,119.75,117.2,114.81,111.74,108.42,125.69,123.02,121.26,117.31,110.17,105.57,104.1,105.83,107.14,110.72,114.07,92.67,109.98,88.55,128.95,18.57,93.21,123.66,14.04,109.98,109.69,16.67,16.98,2.09,0.29,0.26
2023-08-14,127.99,129.97,130.05,127.73,-0.08,1.81,0.7045,1.03,17526195.0,2277879564.15,128.98,128.3,123.98,122.88,122.78,120.11,117.49,115.17,112.07,108.71,125.69,123.02,121.26,117.31,110.17,105.57,104.1,105.83,107.14,110.72,114.07,97.2,110.11,88.55,129.16,18.65,93.42,123.87,14.01,110.11,109.69,18.04,18.49,3.41,0.42,0.38
2023-08-15,129.73,128.41,130.13,127.96,-1.21,1.67,0.5986,0.87,14769173.0,1896509504.93,128.67,128.8,124.3,123.04,122.89,120.4,117.78,115.49,112.39,108.98,125.69,123.02,121.26,117.31,110.17,105.57,104.1,105.83,107.14,110.72,114.07,92.33,110.22,88.55,129.16,18.65,93.42,123.87,14.01,110.22,109.69,16.5,17.07,2.17,0.53,0.48
2023-08-16,127.42,127.25,129.04,126.6,-0.81,1.9,0.7173,1.06,17548355.0,2233028173.75,128.46,128.76,124.51,123.15,122.99,120.68,118.0,115.76,112.71,109.25,125.69,123.02,121.26,117.31,110.17,105.57,104.1,105.83,107.14,110.72,114.07,88.06,110.34,88.55,129.16,18.65,93.42,124.29,14.18,110.34,109.69,15.33,16.01,1.24,0.65,0.59
2023-08-17,128.59,128.6,130.63,127.99,0.19,2.07,0.9714,1.43,23665562.0,3043391273.2,128.51,128.8,124.83,123.28,123.06,120.99,118.26,116.02,113.05,109.5,125.69,123.02,121.26,117.31,110.17,105.57,104.1,105.83,107.14,110.72,114.07,92.41,110.53,88.55,129.37,18.73,93.42,124.93,14.43,110.53,109.69,16.35,17.24,2.32,0.84,0.77
2023-08-18,127.2,126.25,127.97,125.14,-1.61,2.2,0.9704,1.33,23627202.0,2982934252.5,128.1,128.48,125.1,123.36,123.14,121.28,118.51,116.27,113.36,109.75,126.17,123.54,122.72,118.51,111.13,106.36,104.49,105.96,107.13,110.51,113.89,85.31,110.69,88.55,129.37,18.73,93.42,125.98,14.84,110.69,110.01,14.06,14.76,0.06,0.68,0.62
2023-08-21,125.99,127.07,127.4,125.3,-2.23,1.66,0.8982,1.12,21851070.0,2776615464.9,127.52,128.2,125.5,123.43,123.27,121.58,118.77,116.49,113.69,109.99,126.17,123.54,122.72,118.51,111.13,106.36,104.49,105.96,107.13,110.51,113.89,87.12,110.84,88.77,129.37,18.61,93.42,126.41,15.01,110.84,110.01,14.64,15.51,0.71,0.83,0.75
2023-08-22,127.27,127.83,129.09,127.07,-0.45,1.59,0.6481,0.77,15569373.0,1990232950.59,127.4,128.05,125.9,123.56,123.35,121.91,119.01,116.73,114.01,110.24,126.17,123.54,122.72,118.51,111.13,106.36,104.49,105.96,107.13,110.51,113.89,88.68,110.95,88.77,129.37,18.61,93.63,126.62,14.98,110.95,110.01,15.21,16.2,1.32,0.94,0.85
2023-08-23,128.99,131.35,132.21,128.65,3.22,2.78,1.102,1.3,26497027.0,3480384496.45,128.22,128.36,126.35,123.77,123.48,122.27,119.27,116.99,114.35,110.51,126.17,123.54,122.72,118.51,111.13,106.36,104.49,105.96,107.13,110.51,113.89,99.34,111.19,88.77,129.58,18.69,93.63,127.04,15.14,111.19,110.01,18.13,19.4,4.11,1.18,1.07
2023-08-24,132.87,128.56,133.11,128.44,-0.03,3.56,0.7815,0.84,18680381.0,2401549781.36,128.21,128.47,126.54,123.97,123.58,122.57,119.54,117.22,114.66,110.76,126.17,123.54,122.72,118.51,111.13,106.36,104.49,105.96,107.13,110.51,113.89,90.7,111.34,88.77,129.58,18.69,93.63,127.25,15.22,111.34,110.01,15.47,16.86,1.9,1.33,1.21
2023-08-25,128.28,128.83,129.54,126.18,2.04,2.61,0.8779,0.97,20678096.0,2663959107.68,128.73,128.61,126.7,124.12,123.7,122.87,119.82,117.49,114.95,110.97,128.24,124.21,123.57,119.6,112.13,107.18,104.87,106.29,107.26,110.44,113.74,91.52,111.5,88.77,129.58,18.69,93.63,127.47,15.3,111.5,110.38,15.54,16.71,0.46,1.12,1.01
2023-08-28,130.22,129.93,131.38,128.99,2.25,1.86,0.7139,0.81,16715467.0,2171840627.31,129.3,128.6,126.93,124.32,123.83,123.13,120.12,117.78,115.26,111.17,128.24,124.21,123.57,119.6,112.13,107.18,104.87,106.29,107.26,110.44,113.74,95.45,111.65,88.77,129.79,18.77,93.63,127.68,15.38,111.65,110.38,16.37,17.71,1.31,1.27,1.15
2023-08-29,131.14,133.63,135.44,131.12,4.54,3.32,1.3049,1.57,30803265.0,4116240301.95,130.46,128.84,127.31,124.68,124.0,123.38,120.45,118.1,115.6,111.41,128.24,124.21,123.57,119.6,112.13,107.18,104.87,106.29,107.26,110.44,113.74,99.46,111.96,88.77,130.0,18.85,93.84,127.89,15.36,111.96,110.38,19.36,21.06,4.2,1.58,1.43
2023-08-30,133.71,135.07,135.39,133.16,2.83,1.67,0.9229,0.96,21773356.0,2940927194.92,131.2,129.29,127.78,125.08,124.17,123.63,120.79,118.43,115.97,111.68,128.24,124.21,123.57,119.6,112.13,107.18,104.87,106.29,107.26,110.44,113.74,99.72,112.19,88.77,130.43,19.01,93.84,128.1,15.44,112.19,110.38,20.39,22.37,5.32,1.81,1.64
2023-08-31,135.19,135.49,136.54,134.96,5.39,1.17,1.1859,1.3,28147850.0,3813752196.5,132.59,129.77,128.38,125.44,124.33,123.9,121.13,118.75,116.36,111.93,128.24,124.21,123.57,119.6,112.13,107.18,104.87,106.29,107.26,110.44,113.74,99.01,112.49,88.77,131.06,19.24,93.84,128.31,15.52,112.49,110.38,20.45,22.75,5.65,2.11,1.91
2023-09-01,136.57,134.94,136.72,134.08,4.74,1.95,0.7111,0.71,16671647.0,2249672046.18,133.81,130.21,128.93,125.81,124.56,124.13,121.49,119.06,116.73,112.17,129.0,125.58,124.48,120.97,113.18,108.16,105.53,106.54,107.54,110.5,113.58,97.96,112.67,88.98,131.48,19.28,94.05,128.52,15.49,112.67,110.87,19.77,21.71,4.6,1.8,1.62
2023-09-05,134.58,134.85,135.51,133.7,3.79,1.34,0.7601,0.78,17730218.0,2390919897.3,134.8,130.54,129.42,126.16,124.79,124.33,121.85,119.36,117.09,112.43,129.0,125.58,124.48,120.97,113.18,108.16,105.53,106.54,107.54,110.5,113.58,97.28,112.86,88.98,132.33,19.59,94.05,128.52,15.49,112.86,110.87,19.48,21.63,4.53,1.99,1.79
2023-09-06,135.16,133.51,135.62,132.83,-0.09,2.07,0.6801,0.69,15814327.0,2111370797.77,134.77,130.88,129.84,126.49,125.0,124.49,122.15,119.65,117.41,112.67,129.0,125.58,124.48,120.97,113.18,108.16,105.53,106.54,107.54,110.5,113.58,95.01,113.02,88.98,133.39,19.97,94.05,128.73,15.57,113.02,110.87,18.13,20.42,3.49,2.15,1.94
2023-09-07,132.74,134.34,134.72,132.1,-0.54,1.96,0.7329,0.85,16975956.0,2280549929.04,134.63,131.35,130.06,126.79,125.2,124.66,122.46,119.91,117.71,112.9,129.0,125.58,124.48,120.97,113.18,108.16,105.53,106.54,107.54,110.5,113.58,96.19,113.19,88.98,133.81,20.12,94.05,128.95,15.65,113.19,110.87,18.69,21.17,4.14,2.32,2.09
2023-09-08,134.01,135.34,135.66,134.01,-0.11,1.23,0.7701,0.93,17820005.0,2411759476.7,134.6,131.8,130.3,127.15,125.41,124.81,122.79,120.19,117.99,113.09,130.73,127.21,125.26,122.53,114.59,109.07,106.29,106.91,107.82,110.51,113.5,98.65,113.38,88.98,134.23,20.27,94.05,129.16,15.73,113.38,111.17,19.37,21.74,3.52,2.21,1.99
2023-09-11,135.52,135.88,136.4,134.69,0.7,1.26,0.7465,1.01,17180755.0,2334520989.4,134.78,132.44,130.46,127.55,125.63,125.0,123.14,120.5,118.29,113.31,130.73,127.21,125.26,122.53,114.59,109.07,106.29,106.91,107.82,110.51,113.5,99.19,113.56,88.98,134.44,20.35,94.26,129.16,15.62,113.56,111.17,19.65,22.23,3.94,2.39,2.15
2023-09-12,135.27,134.21,135.78,134.07,-0.47,1.26,0.6655,0.89,15212934.0,2041727872.14,134.66,132.92,130.56,127.97,125.8,125.2,123.47,120.79,118.54,113.52,130.73,127.21,125.26,122.53,114.59,109.07,106.29,106.91,107.82,110.51,113.5,93.44,113.73,88.98,134.66,20.43,94.26,129.37,15.7,113.73,111.17,18.01,20.73,2.66,2.56,2.3
2023-09-13,134.04,135.64,135.84,133.07,1.6,2.06,0.7389,0.99,16394915.0,2223806270.6,135.08,133.44,130.74,128.41,126.03,125.37,123.83,121.07,118.82,113.72,130.73,127.21,125.26,122.53,114.59,109.07,106.29,106.91,107.82,110.51,113.5,98.63,113.91,88.98,134.66,20.43,94.26,129.58,15.78,113.91,111.17,19.08,22.01,3.75,2.74,2.46
2023-09-14,136.53,137.13,137.69,135.2,2.08,1.84,0.8616,1.14,19064607.0,2614329557.91,135.64,133.82,131.09,128.84,126.28,125.55,124.2,121.35,119.1,113.98,130.73,127.21,125.26,122.53,114.59,109.07,106.29,106.91,107.82,110.51,113.5,99.76,114.14,88.98,134.87,20.5,94.26,129.79,15.86,114.14,111.17,20.14,23.35,4.89,2.97,2.67
2023-09-15,136.94,136.44,137.5,135.32,0.81,1.59,2.1696,2.86,48958837.0,6679943720.28,135.86,134.35,131.41,129.14,126.56,125.73,124.53,121.65,119.36,114.27,132.36,129.02,126.13,124.04,116.05,110.2,107.14,107.41,108.11,110.56,113.38,98.25,114.71,89.19,135.5,20.61,94.48,130.43,15.98,114.71,111.73,18.94,22.12,3.08,2.98,2.67
2023-09-18,135.77,137.1,138.07,135.77,0.9,1.69,0.7218,0.69,16233590.0,2225625189.0,136.1,134.9,131.75,129.44,126.82,125.94,124.87,121.98,119.66,114.56,132.36,129.02,126.13,124.04,116.05,110.2,107.14,107.41,108.11,110.56,113.38,99.25,114.89,89.19,135.71,20.69,94.48,130.85,16.14,114.89,111.73,19.33,22.71,3.58,3.16,2.83
2023-09-19,136.39,136.97,137.32,135.64,2.06,1.23,0.6958,0.67,15484644.0,2120931688.68,136.66,135.37,131.98,129.74,127.08,126.13,125.17,122.3,119.98,114.85,132.36,129.02,126.13,124.04,116.05,110.2,107.14,107.41,108.11,110.56,113.38,98.52,115.07,89.19,135.92,20.76,94.69,131.27,16.19,115.07,111.73,19.03,22.59,3.48,3.34,2.99
2023-09-20,136.97,132.73,136.98,132.66,-2.15,3.15,0.9661,0.92,21473533.0,2850182035.09,136.07,135.31,132.08,129.98,127.34,126.26,125.37,122.57,120.25,115.12,132.36,129.02,126.13,124.04,116.05,110.2,107.14,107.41,108.11,110.56,113.38,85.42,115.29,89.19,135.92,20.76,94.69,131.69,16.35,115.29,111.73,15.13,18.8,0.28,3.56,3.19
2023-09-21,130.53,129.5,131.33,129.23,-5.56,1.58,0.9963,0.91,22058375.0,2856559562.5,134.55,134.94,132.12,130.17,127.54,126.32,125.52,122.81,120.5,115.35,132.36,129.02,126.13,124.04,116.05,110.2,107.14,107.41,108.11,110.56,113.38,78.75,115.47,89.19,135.92,20.76,94.69,131.69,16.35,115.47,111.73,12.15,15.9,-2.16,3.74,3.35
2023-09-22,129.82,129.39,131.15,128.65,-5.17,1.93,0.7853,0.7,17355284.0,2245600196.76,133.14,134.53,132.15,130.43,127.71,126.37,125.67,123.05,120.72,115.58,132.99,129.58,126.69,125.29,117.45,111.21,107.77,107.65,108.4,110.55,113.21,78.37,115.61,89.19,135.92,20.76,94.9,131.48,16.16,115.61,112.13,11.92,15.39,-2.71,3.48,3.1
2023-09-25,128.91,130.31,130.36,128.17,-4.95,1.69,0.6648,0.79,14650032.0,1909045669.92,131.78,134.22,132.22,130.69,127.92,126.49,125.81,123.31,120.95,115.83,132.99,129.58,126.69,125.29,117.45,111.21,107.77,107.65,108.4,110.55,113.21,82.42,115.73,89.19,135.92,20.76,94.9,131.48,16.16,115.73,112.13,12.6,16.21,-2.01,3.6,3.21
2023-09-26,129.05,127.59,129.55,126.33,-6.85,2.47,0.9272,1.12,20378789.0,2600129688.51,129.9,133.74,132.14,130.86,128.06,126.58,125.9,123.55,121.15,116.08,132.99,129.58,126.69,125.29,117.45,111.21,107.77,107.65,108.4,110.55,113.21,69.53,115.87,89.19,135.92,20.76,94.9,131.48,16.16,115.87,112.13,10.11,13.79,-4.06,3.74,3.34
2023-09-27,127.58,129.6,129.86,127.52,-2.36,1.83,0.8506,0.98,18764201.0,2431840449.6,129.28,133.48,132.18,131.05,128.24,126.69,125.99,123.77,121.38,116.35,132.99,129.58,126.69,125.29,117.45,111.21,107.77,107.65,108.4,110.55,113.21,79.56,116.01,89.4,135.92,20.65,95.11,131.27,15.97,116.01,112.13,11.71,15.58,-2.55,3.88,3.46
2023-09-28,128.83,131.27,132.32,128.83,1.37,2.69,0.8249,0.98,18201389.0,2389296334.03,129.63,133.27,132.31,131.13,128.41,126.81,126.1,124.0,121.58,116.63,132.99,129.58,126.69,125.29,117.45,111.21,107.77,107.65,108.4,110.55,113.21,84.5,116.16,89.4,135.71,20.57,95.11,131.48,16.05,116.16,112.13,13.01,17.07,-1.29,4.03,3.59
2023-09-29,132.22,129.99,133.03,129.46,0.46,2.72,1.0488,1.3,23237336.0,3020621306.64,129.75,132.92,132.36,131.17,128.6,126.91,126.16,124.23,121.79,116.91,133.22,130.73,127.21,125.98,118.71,112.26,108.46,107.88,108.64,110.47,113.13,79.35,116.35,89.4,135.71,20.57,95.32,131.48,15.94,116.35,112.46,11.72,15.59,-2.42,3.89,3.46
2023-10-02,130.3,133.31,133.5,130.21,2.3,2.53,0.8682,1.01,19210394.0,2560937624.14,130.35,132.75,132.59,131.22,128.85,127.05,126.29,124.51,122.03,117.21,133.22,130.73,127.21,125.98,118.71,112.26,108.46,107.88,108.64,110.47,113.13,87.03,116.53,89.4,135.71,20.57,95.32,131.69,16.02,116.53,112.46,14.4,18.54,0.07,4.07,3.62
2023-10-03,133.07,131.44,133.38,130.96,3.02,1.82,0.8961,0.98,19628736.0,2580001059.84,131.12,132.56,132.74,131.23,129.12,127.15,126.42,124.77,122.26,117.5,133.22,130.73,127.21,125.98,118.71,112.26,108.46,107.88,108.64,110.47,113.13,83.48,116.69,89.4,135.71,20.57,95.53,131.91,15.99,116.69,112.46,12.64,16.88,-1.34,4.23,3.76
2023-10-04,131.8,134.41,134.71,131.57,3.71,2.39,1.0395,1.15,22847987.0,3070997932.67,132.08,132.48,132.96,131.32,129.43,127.32,126.56,125.07,122.5,117.8,133.22,130.73,127.21,125.98,118.71,112.26,108.46,107.88,108.64,110.47,113.13,89.54,116.89,89.4,135.71,20.57,95.74,132.54,16.12,116.89,112.46,14.99,19.52,0.89,4.43,3.94
2023-10-05,134.27,134.13,134.64,132.6,2.18,1.52,0.7278,0.77,15922944.0,2135744478.72,132.66,132.28,133.05,131.49,129.7,127.48,126.67,125.35,122.72,118.09,133.22,130.73,127.21,125.98,118.71,112.26,108.46,107.88,108.64,110.47,113.13,88.58,117.04,89.4,135.71,20.57,95.74,132.96,16.27,117.04,112.46,14.6,19.27,0.68,4.58,4.07
2023-10-06,133.08,136.87,137.33,133.08,5.29,3.17,0.9598,1.03,20826683.0,2850548102.21,134.03,132.31,133.33,131.71,129.93,127.71,126.83,125.64,122.99,118.39,133.61,131.3,128.26,126.76,120.3,113.51,109.21,108.15,108.96,110.41,113.1,98.56,117.25,89.61,135.92,20.53,95.96,133.18,16.24,117.25,112.89,16.73,21.24,2.44,4.36,3.86
2023-10-09,136.13,137.64,138.11,134.84,3.25,2.39,0.7672,0.84,16599099.0,2284699986.36,134.9,132.34,133.62,131.95,130.16,127.92,127.01,125.94,123.27,118.68,133.61,131.3,128.26,126.76,120.3,113.51,109.21,108.15,108.96,110.41,113.1,99.88,117.43,89.61,136.14,20.61,95.96,133.6,16.4,117.43,112.89,17.21,21.92,3.02,4.54,4.02
2023-10-10,137.65,137.34,138.88,136.57,4.49,1.68,0.9046,1.02,19554916.0,2685672163.44,136.08,132.37,133.87,132.11,130.4,128.14,127.17,126.2,123.56,118.98,133.61,131.3,128.26,126.76,120.3,113.51,109.21,108.15,108.96,110.41,113.1,98.72,117.65,89.61,136.35,20.68,96.17,133.81,16.37,117.65,112.89,16.74,21.66,2.79,4.76,4.22
2023-10-11,137.99,139.84,140.36,137.98,4.04,1.73,0.9327,1.05,20146341.0,2817264325.44,137.16,132.84,134.08,132.33,130.69,128.44,127.36,126.43,123.86,119.3,133.61,131.3,128.26,126.76,120.3,113.51,109.21,108.15,108.96,110.41,113.1,99.78,117.88,89.61,136.56,20.76,96.38,134.02,16.34,117.88,112.89,18.63,23.87,4.67,4.99,4.42
2023-10-12,140.3,138.43,140.52,137.59,3.21,2.1,0.844,0.98,18173107.0,2515703202.01,138.02,133.44,134.19,132.56,130.98,128.72,127.51,126.65,124.14,119.62,133.61,131.3,128.26,126.76,120.3,113.51,109.21,108.15,108.96,110.41,113.1,98.25,118.1,89.61,136.77,20.83,96.38,134.23,16.41,118.1,112.89,17.21,22.62,3.61,5.21,4.62
2023-10-13,138.79,136.72,139.48,136.11,-0.11,2.43,0.9089,1.02,19447565.0,2658871086.8,137.99,133.93,134.23,132.74,131.3,128.96,127.63,126.85,124.41,119.93,133.88,132.31,129.43,127.42,121.5,114.77,110.05,108.49,109.32,110.36,113.17,93.69,118.31,89.61,136.98,20.91,96.59,134.44,16.38,118.31,113.37,15.56,20.6,2.12,4.94,4.36
2023-10-16,137.87,138.63,139.05,137.46,0.72,1.16,0.8362,0.92,17345556.0,2404614428.28,138.19,134.48,134.35,132.97,131.64,129.23,127.82,127.05,124.71,120.26,133.88,132.31,129.43,127.42,121.5,114.77,110.05,108.49,109.32,110.36,113.17,98.1,118.51,89.61,137.19,20.98,96.8,134.66,16.35,118.51,113.37,16.98,22.28,3.55,5.14,4.53
2023-10-17,138.17,139.13,139.39,136.67,1.3,1.96,0.8433,0.92,17424024.0,2424204459.12,138.55,135.25,134.49,133.18,131.96,129.5,128.03,127.23,125.01,120.57,133.88,132.31,129.43,127.42,121.5,114.77,110.05,108.49,109.32,110.36,113.17,99.04,118.71,89.82,137.4,20.94,96.8,134.87,16.43,118.71,113.37,17.2,22.72,3.92,5.34,4.71
2023-10-18,138.89,137.42,140.13,136.84,-1.73,2.36,0.8957,0.99,18304776.0,2515442317.92,138.07,135.77,134.62,133.38,132.23,129.74,128.21,127.38,125.27,120.85,133.88,132.31,129.43,127.42,121.5,114.77,110.05,108.49,109.32,110.36,113.17,94.5,118.92,89.82,137.62,21.01,97.01,135.08,16.4,118.92,113.37,15.56,21.21,2.64,5.55,4.9
2023-10-19,137.94,137.12,139.15,136.74,-0.95,1.75,1.0899,1.2,21831127.0,2993484134.24,137.8,136.16,134.72,133.59,132.39,129.96,128.37,127.53,125.52,121.11,133.88,132.31,129.43,127.42,121.5,114.77,110.05,108.49,109.32,110.36,113.17,91.99,119.16,89.82,137.83,21.09,97.01,135.29,16.48,119.16,113.37,15.07,20.95,2.42,5.79,5.11
2023-10-20,136.73,134.88,137.18,134.38,-1.35,2.04,1.2581,1.32,24970233.0,3367985027.04,137.44,136.49,134.7,133.73,132.5,130.17,128.51,127.64,125.77,121.34,133.57,132.96,130.54,127.99,122.53,115.87,111.05,108.91,109.71,110.37,113.19,82.71,119.41,89.82,137.83,21.09,97.22,135.5,16.45,119.41,113.9,12.96,18.42,0.98,5.51,4.84
2023-10-23,134.37,136.04,137.16,133.25,-1.87,2.9,1.0524,1.04,20780665.0,2827001666.6,136.92,136.67,134.71,133.95,132.58,130.41,128.66,127.78,126.03,121.58,133.57,132.96,130.54,127.99,122.53,115.87,111.05,108.91,109.71,110.37,113.19,87.19,119.61,89.82,137.83,21.09,97.44,135.5,16.34,119.61,113.9,13.74,19.44,1.85,5.71,5.01
2023-10-24,137.3,138.26,138.85,136.89,-0.63,1.44,1.3347,1.28,26535198.0,3668756475.48,136.74,137.12,134.84,134.2,132.7,130.72,128.82,127.95,126.32,121.8,133.57,132.96,130.54,127.99,122.53,115.87,111.05,108.91,109.71,110.37,113.19,96.5,119.9,90.03,138.04,21.05,97.65,135.92,16.39,119.9,113.9,15.31,21.39,3.51,6.0,5.27
2023-10-25,127.91,124.81,128.24,124.23,-9.18,2.9,2.8694,2.61,58796051.0,7338335125.31,134.22,136.48,134.48,134.13,132.61,130.84,128.85,127.97,126.49,121.95,133.57,132.96,130.54,127.99,122.53,115.87,111.05,108.91,109.71,110.37,113.19,50.58,120.16,90.03,138.04,21.05,98.49,135.71,15.89,120.16,113.9,3.87,9.58,-6.56,6.26,5.5
2023-10-26,122.61,121.58,123.6,120.46,-11.33,2.52,1.6398,1.11,33907315.0,4122451357.7,131.11,135.65,133.96,133.92,132.53,130.89,128.84,127.95,126.64,122.07,133.57,132.96,130.54,127.99,122.53,115.87,111.05,108.91,109.71,110.37,113.19,41.27,120.25,90.03,138.04,21.05,98.92,135.71,15.68,120.25,113.9,1.11,6.74,-8.98,6.35,5.58
2023-10-27,122.17,121.54,122.58,119.6,-9.89,2.45,1.7753,1.13,37367630.0,4541661750.2,128.45,134.63,133.47,133.76,132.44,130.87,128.86,127.94,126.76,122.18,132.0,132.49,130.39,128.02,123.17,116.47,111.58,109.16,109.75,110.3,112.95,40.52,120.3,90.25,138.04,20.94,99.34,135.71,15.47,120.3,114.33,1.03,6.31,-8.27,5.97,5.22
2023-10-30,122.6,123.89,124.69,122.02,-8.93,2.2,1.1448,0.68,24165584.0,2993874201.76,126.02,133.71,133.03,133.65,132.39,130.87,128.89,127.97,126.91,122.34,132.0,132.49,130.39,128.02,123.17,116.47,111.58,109.16,109.75,110.3,112.95,51.15,120.38,90.25,137.83,20.86,99.55,135.5,15.29,120.38,114.33,2.92,8.36,-6.49,6.05,5.29
2023-10-31,124.41,123.44,124.7,122.06,-10.72,2.13,0.9979,0.58,21123260.0,2607455214.4,123.05,132.78,132.57,133.51,132.28,130.88,128.91,127.97,127.02,122.5,132.0,132.49,130.39,128.02,123.17,116.47,111.58,109.16,109.75,110.3,112.95,49.09,120.46,90.25,137.83,20.86,99.76,135.5,15.19,120.46,114.33,2.47,7.97,-6.83,6.13,5.36
2023-11-01,123.48,125.71,125.88,123.06,0.72,2.28,1.2441,0.76,26536504.0,3335903917.84,123.23,131.84,132.34,133.33,132.21,130.92,129.01,128.0,127.11,122.67,132.0,132.49,130.39,128.02,123.17,116.47,111.58,109.16,109.75,110.3,112.95,55.1,120.57,90.46,137.83,20.75,99.97,135.5,15.09,120.57,114.33,4.26,9.95,-5.12,6.24,5.46
2023-11-02,127.7,126.72,128.23,126.25,4.23,1.58,1.1239,0.84,24091288.0,3052848015.36,124.26,131.06,132.25,133.14,132.18,131.0,129.11,128.02,127.2,122.85,132.0,132.49,130.39,128.02,123.17,116.47,111.58,109.16,109.75,110.3,112.95,56.87,120.72,90.88,137.83,20.53,100.4,135.5,14.88,120.72,114.33,4.97,10.84,-4.36,6.39,5.59
2023-11-03,127.23,128.51,128.87,127.15,5.73,1.36,0.9099,0.73,19529447.0,2509729233.97,125.65,130.51,132.22,132.99,132.18,131.14,129.21,128.04,127.31,123.02,131.7,132.46,131.06,128.33,123.89,117.21,112.24,109.47,110.03,110.41,112.89,63.19,120.85,91.09,137.83,20.42,100.82,135.5,14.68,120.85,114.59,6.34,12.15,-2.98,6.26,5.46
2023-11-06,128.36,129.59,129.7,128.07,4.6,1.27,0.7156,0.67,15360262.0,1990536352.58,126.79,129.91,132.2,132.87,132.21,131.29,129.34,128.12,127.41,123.2,131.7,132.46,131.06,128.33,123.89,117.21,112.24,109.47,110.03,110.41,112.89,68.95,120.95,91.3,137.83,20.3,101.03,135.5,14.57,120.95,114.59,7.14,13.09,-2.17,6.36,5.55
2023-11-07,130.12,130.54,131.42,129.28,5.75,1.65,0.8944,0.9,19223622.0,2509451615.88,128.21,129.34,132.29,132.78,132.22,131.43,129.47,128.21,127.5,123.38,131.7,132.46,131.06,128.33,123.89,117.21,112.24,109.47,110.03,110.41,112.89,72.08,121.07,91.51,137.83,20.19,101.45,135.29,14.29,121.07,114.59,7.82,13.92,-1.45,6.48,5.65
2023-11-08,130.5,131.4,131.68,130.3,4.53,1.06,0.702,0.72,15093587.0,1983297331.8,129.35,128.94,132.35,132.73,132.27,131.57,129.61,128.31,127.58,123.57,131.7,132.46,131.06,128.33,123.89,117.21,112.24,109.47,110.03,110.41,112.89,74.55,121.19,91.73,137.83,20.08,101.88,135.29,14.09,121.19,114.59,8.42,14.67,-0.8,6.6,5.76
2023-11-09,131.5,129.83,132.1,129.65,2.45,1.86,0.8359,0.96,17976433.0,2333880296.39,129.97,128.45,132.31,132.63,132.31,131.6,129.71,128.38,127.65,123.72,131.7,132.46,131.06,128.33,123.89,117.21,112.24,109.47,110.03,110.41,112.89,68.27,121.32,91.73,137.83,20.08,102.3,135.29,13.89,121.32,114.59,7.01,13.3,-1.99,6.73,5.87
2023-11-10,129.67,132.2,132.41,129.01,2.87,2.62,0.973,1.2,20879838.0,2760314583.6,130.71,128.27,132.38,132.56,132.37,131.66,129.86,128.47,127.72,123.9,130.77,132.19,131.13,128.89,124.71,117.93,112.96,109.98,110.2,110.62,112.91,76.58,121.45,91.94,137.83,19.97,102.72,135.29,13.68,121.45,114.88,8.85,15.08,0.01,6.57,5.72
2023-11-13,131.5,131.78,132.25,130.91,1.69,1.01,0.769,0.93,16409728.0,2162473955.84,131.15,127.99,132.33,132.47,132.46,131.66,130.01,128.56,127.8,124.09,130.77,132.19,131.13,128.89,124.71,117.93,112.96,109.98,110.2,110.62,112.91,75.65,121.56,91.94,137.83,19.97,102.93,135.29,13.58,121.56,114.88,8.41,14.71,-0.31,6.68,5.81
2023-11-14,133.79,133.57,135.38,133.24,2.32,1.62,1.0454,1.25,22317327.0,2980925367.39,131.76,127.67,132.4,132.45,132.57,131.69,130.21,128.65,127.92,124.29,130.77,132.19,131.13,128.89,124.71,117.93,112.96,109.98,110.2,110.62,112.91,78.04,121.73,91.94,137.83,19.97,103.15,135.29,13.48,121.73,114.88,9.73,16.27,1.05,6.85,5.96
2023-11-15,134.78,134.52,134.98,133.47,2.37,1.13,0.7419,0.85,15840690.0,2130889618.8,132.38,128.32,132.4,132.43,132.68,131.75,130.42,128.77,128.02,124.48,130.77,132.19,131.13,128.89,124.71,117.93,112.96,109.98,110.2,110.62,112.91,81.99,121.85,91.94,137.83,19.97,103.15,135.29,13.48,121.85,114.88,10.4,17.1,1.76,6.97,6.07
2023-11-16,135.1,136.84,137.02,134.22,5.4,2.08,0.8307,0.94,17615068.0,2410445905.12,133.78,129.34,132.49,132.42,132.77,131.89,130.63,128.91,128.13,124.67,130.77,132.19,131.13,128.89,124.71,117.93,112.96,109.98,110.2,110.62,112.91,91.47,122.0,91.94,137.83,19.97,103.36,135.29,13.38,122.0,114.88,12.16,19.12,3.52,7.12,6.2
2023-11-17,135.96,135.08,136.14,133.62,2.18,1.84,1.2003,1.37,25590146.0,3456716921.68,134.36,130.24,132.43,132.39,132.88,132.0,130.77,129.06,128.23,124.88,130.44,132.16,131.69,129.68,125.74,118.99,113.69,110.61,110.52,110.87,112.92,83.95,122.19,92.15,137.83,19.86,103.36,135.29,13.38,122.19,115.27,10.55,17.19,2.21,6.92,6.0
2023-11-20,133.64,136.06,136.56,133.63,3.25,2.17,0.9196,1.0,19588711.0,2665240018.66,135.21,131.05,132.38,132.37,133.0,132.12,130.9,129.2,128.35,125.09,130.44,132.16,131.69,129.68,125.74,118.99,113.69,110.61,110.52,110.87,112.92,87.9,122.35,92.15,137.83,19.86,103.57,135.5,13.36,122.35,115.27,11.21,18.04,2.95,7.08,6.14
2023-11-21,136.08,136.76,137.1,135.84,2.39,0.93,0.8279,0.87,17648067.0,2413549642.92,135.85,131.94,132.36,132.36,133.12,132.21,131.05,129.34,128.47,125.32,130.44,132.16,131.69,129.68,125.74,118.99,113.69,110.61,110.52,110.87,112.92,90.42,122.49,92.15,137.83,19.86,103.57,135.71,13.43,122.49,115.27,11.65,18.64,3.48,7.22,6.26
2023-11-22,137.24,138.16,139.24,137.14,2.71,1.54,0.8207,0.9,17310209.0,2391578475.44,136.58,132.77,132.31,132.48,133.19,132.32,131.23,129.54,128.59,125.55,130.44,132.16,131.69,129.68,125.74,118.99,113.69,110.61,110.52,110.87,112.92,95.97,122.65,92.15,137.83,19.86,103.78,135.71,13.33,122.65,115.27,12.65,19.86,4.54,7.38,6.4
2023-11-24,137.68,136.36,137.82,135.61,-0.35,1.6,0.422,0.45,8808656.0,1201148332.16,136.48,133.41,132.24,132.64,133.21,132.43,131.4,129.73,128.69,125.76,130.74,132.15,132.22,130.59,126.74,120.08,114.59,111.31,110.95,111.11,112.96,88.28,122.72,92.15,137.83,19.86,103.78,135.92,13.41,122.72,115.56,11.11,18.0,3.13,7.16,6.2
2023-11-27,135.71,136.19,137.77,135.68,0.82,1.53,0.8639,1.01,17886389.0,2435947317.91,136.71,133.93,132.22,132.79,133.22,132.53,131.61,129.89,128.77,125.97,130.74,132.15,132.22,130.59,126.74,120.08,114.59,111.31,110.95,111.11,112.96,86.55,122.87,92.36,137.83,19.75,103.99,135.92,13.31,122.87,115.56,10.84,17.85,3.0,7.31,6.33
2023-11-28,135.77,136.76,136.8,135.18,0.51,1.19,0.8231,1.05,17046809.0,2331321598.84,136.85,134.4,132.16,132.93,133.25,132.65,131.81,130.06,128.91,126.2,130.74,132.15,132.22,130.59,126.74,120.08,114.59,111.31,110.95,111.11,112.96,89.12,123.01,92.36,137.83,19.75,103.99,136.14,13.39,123.01,115.56,11.18,18.35,3.43,7.45,6.45
2023-11-29,137.12,134.54,137.81,134.44,-1.62,2.47,1.012,1.34,21014700.0,2827317738.0,136.4,134.67,132.0,133.09,133.25,132.71,131.97,130.21,129.02,126.41,130.74,132.15,132.22,130.59,126.74,120.08,114.59,111.31,110.95,111.11,112.96,75.6,123.19,92.36,137.83,19.75,104.2,136.14,13.29,123.19,115.56,9.21,16.42,1.75,7.63,6.6
2023-11-30,134.54,132.06,135.1,130.93,-4.42,3.1,1.4244,1.82,29913380.0,3950360962.8,135.18,134.71,131.82,133.14,133.22,132.76,132.1,130.34,129.11,126.58,130.74,132.15,132.22,130.59,126.74,120.08,114.59,111.31,110.95,111.11,112.96,67.78,123.35,92.57,137.83,19.64,104.2,136.14,13.29,123.35,115.56,7.06,14.28,-0.12,7.79,6.74
2023-12-01,131.46,131.46,131.64,130.29,-3.59,1.02,1.1489,1.28,24267914.0,3190259974.44,134.2,134.82,131.64,133.14,133.18,132.81,132.14,130.44,129.19,126.75,132.72,132.36,132.57,130.97,127.65,121.18,115.44,111.87,111.18,111.39,112.97,65.4,123.47,92.57,137.83,19.64,104.41,136.14,13.19,123.47,115.99,6.47,13.34,-0.95,7.48,6.45
2023-12-04,129.43,128.77,129.59,127.54,-5.45,1.56,1.1361,1.09,24117071.0,3105555232.67,132.72,134.59,131.43,133.12,133.07,132.81,132.15,130.53,129.24,126.9,132.72,132.36,132.57,130.97,127.65,121.18,115.44,111.87,111.18,111.39,112.97,53.73,123.55,92.57,137.83,19.64,104.41,135.92,13.11,123.55,115.99,4.23,11.02,-2.98,7.56,6.52
2023-12-05,128.51,130.53,131.68,127.87,-4.56,2.96,0.9047,0.83,19234529.0,2510683070.37,131.47,134.51,131.25,133.06,132.98,132.87,132.14,130.65,129.31,127.08,132.72,132.36,132.57,130.97,127.65,121.18,115.44,111.87,111.18,111.39,112.97,61.66,123.63,92.57,137.83,19.64,104.63,135.92,13.01,123.63,115.99,5.58,12.54,-1.65,7.64,6.59
2023-12-06,131.04,129.57,131.45,129.45,-3.69,1.53,0.7688,0.69,16360648.0,2119849161.36,130.48,134.24,130.96,133.01,132.9,132.9,132.12,130.79,129.35,127.24,132.72,132.36,132.57,130.97,127.65,121.18,115.44,111.87,111.18,111.39,112.97,55.78,123.71,92.78,137.83,19.53,104.63,135.92,13.01,123.71,115.99,4.74,11.71,-2.37,7.72,6.66
2023-12-07,134.74,136.59,138.14,134.37,3.43,2.91,1.7748,1.69,38419249.0,5247685220.91,131.38,134.38,131.35,133.06,132.92,133.02,132.19,130.99,129.47,127.47,132.72,132.36,132.57,130.97,127.65,121.18,115.44,111.87,111.18,111.39,112.97,89.15,123.99,92.78,137.83,19.53,105.05,136.14,12.89,123.99,115.99,10.16,17.76,2.91,8.0,6.9
2023-12-08,133.8,134.78,136.13,133.71,2.53,1.77,1.06,0.94,23016139.0,3102115214.42,132.05,134.24,131.79,133.08,132.88,133.07,132.28,131.15,129.58,127.67,133.98,132.84,132.97,131.79,128.27,122.24,116.38,112.53,111.45,111.67,112.95,76.2,124.14,93.0,137.83,19.42,105.26,136.14,12.79,124.14,116.41,8.57,15.78,0.6,7.73,6.64
2023-12-11,131.96,132.84,132.93,131.03,3.16,1.41,1.15,1.01,24502462.0,3254907052.08,132.86,134.1,132.17,132.99,132.82,133.12,132.35,131.24,129.69,127.84,133.98,132.84,132.97,131.79,128.27,122.24,116.38,112.53,111.45,111.67,112.95,68.88,124.27,93.0,137.83,19.42,105.68,136.14,12.59,124.27,116.41,6.9,14.11,-0.85,7.86,6.75
2023-12-12,131.41,131.78,132.68,130.97,0.96,1.29,1.2377,1.09,26583981.0,3503237016.18,133.11,133.81,132.43,132.86,132.73,133.16,132.4,131.32,129.77,128.02,133.98,132.84,132.97,131.79,128.27,122.24,116.38,112.53,111.45,111.67,112.95,65.32,124.41,93.0,137.83,19.42,106.11,136.14,12.4,124.41,116.41,5.92,13.2,-1.64,8.0,6.87
2023-12-13,132.68,132.11,132.92,131.09,1.96,1.39,1.1742,0.99,25414461.0,3357504442.71,133.62,133.5,132.72,132.74,132.65,133.19,132.43,131.4,129.86,128.16,133.98,132.84,132.97,131.79,128.27,122.24,116.38,112.53,111.45,111.67,112.95,66.1,124.53,93.21,137.62,19.24,106.32,135.92,12.22,124.53,116.41,6.09,13.49,-1.39,8.12,6.98
2023-12-14,132.91,131.34,133.18,129.2,-3.84,3.01,1.3599,1.07,29618704.0,3890120583.36,132.57,133.05,132.91,132.55,132.62,133.16,132.44,131.49,129.98,128.27,133.98,132.84,132.97,131.79,128.27,122.24,116.38,112.53,111.45,111.67,112.95,61.8,124.67,93.21,137.62,19.24,106.53,135.92,12.12,124.67,116.41,5.35,12.83,-1.97,8.26,7.1
2023-12-15,131.06,131.98,132.97,130.77,-2.08,1.68,2.6172,2.27,58593987.0,7733234404.26,132.01,132.75,133.08,132.41,132.67,133.12,132.48,131.59,130.1,128.38,133.93,132.35,132.77,131.83,128.62,123.31,117.28,113.07,111.61,111.88,112.85,66.01,124.93,93.63,137.62,19.02,109.28,135.92,10.87,124.93,116.85,5.64,12.95,-1.46,8.08,6.91
2023-12-18,132.0,135.33,136.52,131.91,1.87,3.49,1.1408,0.78,25699627.0,3477930521.91,132.51,132.7,133.31,132.38,132.76,133.12,132.56,131.76,130.24,128.51,133.93,132.35,132.77,131.83,128.62,123.31,117.28,113.07,111.61,111.88,112.85,81.84,125.08,93.84,137.62,18.91,113.3,135.92,9.08,125.08,116.85,8.19,15.82,1.04,8.23,7.04
2023-12-19,136.14,136.24,136.91,135.59,3.38,0.98,0.9131,0.62,20660975.0,2814851234.0,133.4,132.66,133.53,132.32,132.86,133.14,132.65,131.93,130.39,128.63,133.93,132.35,132.77,131.83,128.62,123.31,117.28,113.07,111.61,111.88,112.85,86.83,125.22,94.05,137.62,18.8,114.78,135.92,8.44,125.22,116.85,8.8,16.59,1.72,8.37,7.16
2023-12-20,138.47,137.8,141.22,137.55,4.31,2.69,1.4666,1.05,33507256.0,4617299876.8,134.54,132.88,133.77,132.3,133.03,133.17,132.74,132.1,130.55,128.75,133.93,132.35,132.77,131.83,128.62,123.31,117.28,113.07,111.61,111.88,112.85,93.85,125.46,94.26,138.04,18.84,115.2,136.14,8.33,125.46,116.85,9.84,17.93,2.89,8.61,7.37
2023-12-21,138.91,139.94,140.17,138.61,6.55,1.13,0.7927,0.54,18101128.0,2533071852.32,136.26,133.4,134.06,132.35,133.21,133.26,132.86,132.28,130.72,128.87,133.93,132.35,132.77,131.83,128.62,123.31,117.28,113.07,111.61,111.88,112.85,99.34,125.61,94.48,138.25,18.81,115.41,136.35,8.32,125.61,116.85,11.41,19.76,4.49,8.76,7.5
2023-12-22,140.27,140.86,141.39,140.2,6.73,0.85,0.8106,0.59,18513524.0,2607814990.64,138.03,134.03,134.43,132.43,133.37,133.35,133.01,132.41,130.89,129.0,135.09,132.77,133.14,132.54,129.2,124.32,118.37,113.84,111.96,112.25,112.85,99.65,125.77,94.48,138.46,18.88,115.41,136.35,8.32,125.77,117.31,12.0,20.08,4.27,8.46,7.21
2023-12-26,141.12,140.96,142.08,140.64,4.16,1.03,0.4934,0.48,11170053.0,1574530670.88,139.16,134.84,134.72,132.57,133.55,133.42,133.15,132.53,131.07,129.12,135.09,132.77,133.14,132.54,129.2,124.32,118.37,113.84,111.96,112.25,112.85,99.18,125.87,94.69,138.46,18.78,115.62,136.35,8.22,125.87,117.31,11.99,20.16,4.35,8.56,7.3
2023-12-27,140.97,139.58,141.46,139.19,2.45,1.61,0.7647,0.85,17288357.0,2413108870.06,139.83,135.45,134.98,132.65,133.65,133.47,133.3,132.61,131.25,129.24,135.09,132.77,133.14,132.54,129.2,124.32,118.37,113.84,111.96,112.25,112.85,96.89,126.02,94.9,138.88,18.82,115.83,136.56,8.21,126.02,117.31,10.76,18.98,3.33,8.71,7.42
2023-12-28,139.99,139.42,140.41,138.97,1.18,1.03,0.5423,0.62,12192534.0,1699883090.28,140.15,136.1,135.17,132.67,133.79,133.54,133.44,132.69,131.45,129.37,135.09,132.77,133.14,132.54,129.2,124.32,118.37,113.84,111.96,112.25,112.85,95.99,126.12,95.11,139.1,18.78,115.83,136.56,8.21,126.12,117.31,10.55,18.85,3.21,8.81,7.51
2023-12-29,138.82,139.07,139.57,138.04,-0.62,1.1,0.6658,0.96,14880837.0,2069478001.59,139.98,136.27,135.33,132.99,133.86,133.59,133.56,132.77,131.65,129.48,135.63,133.18,133.31,133.07,129.72,125.19,119.33,114.74,112.38,112.64,112.9,94.65,126.24,95.32,139.1,18.67,116.05,136.77,8.2,126.24,117.56,10.16,18.3,2.54,8.68,7.38
2024-01-02,137.74,137.7,138.75,135.88,-2.24,2.07,0.8953,1.36,20071623.0,2763862487.1,139.35,136.46,135.35,133.35,133.92,133.59,133.63,132.88,131.81,129.57,135.63,133.18,133.31,133.07,129.72,125.19,119.33,114.74,112.38,112.64,112.9,89.48,126.37,95.74,139.1,18.46,116.47,136.77,8.02,126.37,117.56,8.97,17.13,1.53,8.81,7.49
2024-01-03,136.74,138.5,139.23,136.57,-1.75,1.93,0.8475,1.25,18974117.0,2627915204.5,138.85,136.84,135.47,133.73,133.95,133.62,133.74,132.99,131.94,129.68,135.63,133.18,133.31,133.07,129.72,125.19,119.33,114.74,112.38,112.64,112.9,93.08,126.52,96.17,139.1,18.25,117.1,136.98,7.82,126.52,117.56,9.47,17.81,2.12,8.96,7.62
2024-01-04,137.99,136.18,138.78,136.15,-2.44,1.9,0.8143,1.09,18253330.0,2485738479.4,138.17,137.13,135.47,134.0,133.93,133.61,133.82,133.08,132.04,129.78,135.63,133.18,133.31,133.07,129.72,125.19,119.33,114.74,112.38,112.64,112.9,79.37,126.64,96.59,139.1,18.04,117.31,136.98,7.73,126.64,117.56,7.53,15.84,0.41,9.08,7.72
2024-01-05,136.49,135.53,136.95,134.99,-2.79,1.44,0.6909,0.91,15439459.0,2092509878.27,137.4,137.36,135.43,134.27,133.9,133.59,133.89,133.13,132.15,129.86,136.44,134.58,133.72,133.54,130.21,126.03,120.09,115.42,112.79,112.85,113.0,74.88,126.75,97.01,139.1,17.82,117.53,136.98,7.64,126.75,117.84,6.93,15.01,-0.67,8.91,7.56
2024-01-08,136.14,138.67,138.78,136.02,-0.29,2.04,0.791,1.01,17645127.0,2446849761.09,137.32,137.85,135.45,134.56,133.88,133.67,133.94,133.21,132.28,129.96,136.44,134.58,133.72,133.54,130.21,126.03,120.09,115.42,112.79,112.85,113.0,93.11,126.87,97.22,139.1,17.72,117.74,136.98,7.56,126.87,117.84,9.3,17.68,1.63,9.03,7.66
2024-01-09,138.2,140.7,140.94,137.93,2.18,2.17,0.8768,1.08,19579611.0,2754851267.7,137.92,138.43,135.59,134.87,133.91,133.82,134.01,133.33,132.45,130.07,136.44,134.58,133.72,133.54,130.21,126.03,120.09,115.42,112.79,112.85,113.0,98.69,127.03,97.44,139.31,17.69,117.95,137.19,7.54,127.03,117.84,10.76,19.4,3.12,9.19,7.8
2024-01-10,140.66,141.94,142.66,140.6,2.48,1.47,0.7468,0.93,16641723.0,2362126162.62,138.6,138.87,135.78,135.16,134.0,133.99,134.08,133.46,132.65,130.18,136.44,134.58,133.72,133.54,130.21,126.03,120.09,115.42,112.79,112.85,113.0,99.72,127.18,97.65,139.52,17.65,118.16,137.4,7.53,127.18,117.84,11.61,20.45,4.03,9.34,7.93
2024-01-11,143.04,141.81,144.8,140.35,4.13,3.13,0.784,1.0,17471130.0,2477580945.3,139.73,139.24,135.95,135.44,134.05,134.14,134.15,133.59,132.85,130.31,136.44,134.58,133.72,133.54,130.21,126.03,120.09,115.42,112.79,112.85,113.0,98.93,127.34,98.07,139.73,17.52,118.16,137.4,7.53,127.34,117.84,11.36,20.34,3.93,9.5,8.06
2024-01-12,142.48,142.38,142.88,141.5,5.05,0.97,0.6298,0.81,13998640.0,1993126363.2,141.1,139.55,136.21,135.7,134.11,134.34,134.24,133.71,133.03,130.46,137.96,135.97,134.55,134.22,130.88,126.91,120.96,116.19,113.26,113.27,113.25,99.33,127.46,98.28,139.94,17.49,118.37,137.62,7.52,127.46,118.23,11.71,20.43,3.2,9.23,7.81
2024-01-16,141.57,142.22,143.98,141.2,2.56,1.96,0.8631,1.12,19198939.0,2730473104.58,141.81,139.7,136.55,135.94,134.19,134.51,134.33,133.84,133.21,130.6,137.96,135.97,134.55,134.22,130.88,126.91,120.96,116.19,113.26,113.27,113.25,98.36,127.63,98.49,140.37,17.53,118.37,137.83,7.59,127.63,118.23,11.43,20.29,3.08,9.4,7.95
2024-01-17,141.05,141.03,141.55,138.65,0.23,2.04,0.8064,1.03,17884498.0,2522250752.94,141.88,139.71,136.87,136.19,134.25,134.64,134.41,133.97,133.32,130.72,137.96,135.97,134.55,134.22,130.88,126.91,120.96,116.19,113.26,113.27,113.25,96.39,127.77,98.7,140.58,17.5,118.58,137.83,7.51,127.77,118.23,10.38,19.28,2.22,9.54,8.07
2024-01-18,141.58,143.13,143.72,141.49,0.84,1.58,0.8551,1.11,18876760.0,2701830658.8,142.11,139.86,137.35,136.43,134.39,134.81,134.49,134.11,133.45,130.86,137.96,135.97,134.55,134.22,130.88,126.91,120.96,116.19,113.26,113.27,113.25,99.56,127.95,99.13,141.0,17.44,118.58,138.04,7.58,127.95,118.23,11.86,21.06,3.74,9.72,8.22
2024-01-19,144.44,146.11,146.18,143.94,3.03,1.57,1.2254,1.55,27181032.0,3971420585.52,142.97,140.29,137.87,136.75,134.56,134.98,134.61,134.3,133.57,131.02,140.79,137.36,135.16,134.77,131.71,127.87,121.82,117.03,113.89,113.6,113.59,100.0,128.24,99.34,141.63,17.55,118.79,138.25,7.57,128.24,118.64,13.93,23.15,3.78,9.6,8.09
2024-01-22,146.85,145.85,148.16,145.72,2.44,1.67,0.9876,1.12,21829228.0,3183792903.8,143.67,140.72,138.41,137.02,134.69,135.17,134.74,134.48,133.69,131.16,140.79,137.36,135.16,134.77,131.71,127.87,121.82,117.03,113.89,113.6,113.59,98.47,128.46,99.55,142.06,17.59,119.01,138.46,7.56,128.46,118.64,13.54,22.93,3.59,9.82,8.28
2024-01-23,145.86,146.82,147.0,145.33,3.23,1.15,0.6608,0.67,14113191.0,2072098702.62,144.59,141.24,138.75,137.3,135.05,135.34,134.86,134.66,133.83,131.33,140.79,137.36,135.16,134.77,131.71,127.87,121.82,117.03,113.89,113.6,113.59,99.59,128.62,99.97,142.27,17.46,119.22,138.67,7.54,128.62,118.64,14.15,23.75,4.28,9.98,8.41
2024-01-24,148.43,148.49,149.71,147.98,5.29,1.18,0.9114,0.96,19244144.0,2857562942.56,146.08,141.96,139.21,137.56,135.5,135.53,134.99,134.82,134.01,131.5,140.79,137.36,135.16,134.77,131.71,127.87,121.82,117.03,113.89,113.6,113.59,99.31,128.86,100.19,142.9,17.57,119.22,138.88,7.62,128.86,118.64,15.23,25.16,5.47,10.22,8.61
2024-01-25,149.88,151.78,152.9,149.36,6.04,2.38,1.0309,1.06,21495034.0,3262516260.52,147.81,142.84,139.84,137.93,136.0,135.73,135.16,135.04,134.22,131.72,140.79,137.36,135.16,134.77,131.71,127.87,121.82,117.03,113.89,113.6,113.59,99.58,129.14,100.4,144.81,18.11,119.64,139.1,7.52,129.14,118.64,17.53,27.93,7.81,10.5,8.85
2024-01-26,151.01,151.93,152.25,150.94,3.98,0.86,0.9385,0.94,19494383.0,2961781609.19,148.97,143.89,140.51,138.28,136.47,135.92,135.32,135.26,134.43,131.92,143.0,139.05,136.18,135.6,132.8,129.07,123.0,117.91,114.67,114.08,114.0,99.4,129.4,100.61,145.86,18.36,119.85,139.31,7.51,129.4,119.25,17.41,27.4,6.24,10.15,8.51
2024-01-29,151.78,152.98,153.34,151.06,4.89,1.5,1.0068,1.09,20909030.0,3198663409.4,150.4,145.06,141.21,138.64,136.96,136.13,135.5,135.48,134.62,132.13,143.0,139.05,136.18,135.6,132.8,129.07,123.0,117.91,114.67,114.08,114.0,99.8,129.69,101.03,146.5,18.37,120.06,139.73,7.57,129.69,119.25,17.96,28.29,6.98,10.44,8.75
2024-01-30,152.15,151.19,153.18,150.92,2.98,1.48,1.2797,1.4,26578862.0,4018458145.78,151.27,145.89,141.87,138.93,137.39,136.28,135.71,135.65,134.8,132.36,143.0,139.05,136.18,135.6,132.8,129.07,123.0,117.91,114.67,114.08,114.0,96.21,130.02,101.45,148.82,18.93,120.28,140.15,7.63,130.02,119.25,16.28,26.78,5.72,10.77,9.03
2024-01-31,143.53,139.94,143.73,139.69,-5.76,2.67,2.081,2.04,43908512.0,6144557169.28,149.56,145.84,142.14,139.01,137.61,136.3,135.82,135.7,134.9,132.51,143.0,139.05,136.18,135.6,132.8,129.07,123.0,117.91,114.67,114.08,114.0,82.45,130.3,102.09,148.61,18.56,120.49,140.58,7.7,130.3,119.25,7.4,17.35,-2.14,11.05,9.27
2024-02-01,141.83,140.85,142.76,140.4,-7.2,1.69,1.2041,0.96,25526616.0,3595423863.6,147.38,145.77,142.32,139.11,137.82,136.35,135.95,135.75,135.0,132.65,143.0,139.05,136.18,135.6,132.8,129.07,123.0,117.91,114.67,114.08,114.0,85.05,130.49,102.3,148.61,18.46,120.7,140.79,7.68,130.49,119.25,7.94,18.11,-1.51,11.24,9.43
2024-02-02,139.03,141.68,142.02,136.31,-6.75,4.05,1.9466,1.54,42136117.0,5969845056.56,145.33,145.76,142.5,139.22,138.02,136.4,136.08,135.81,135.11,132.81,143.53,139.58,136.63,135.87,133.58,129.95,123.98,118.75,115.35,114.52,114.28,88.03,130.72,102.51,148.4,18.29,120.91,141.0,7.67,130.72,120.0,8.38,18.07,-1.29,10.72,8.93
2024-02-05,142.18,143.07,144.81,142.05,-6.48,1.95,1.3411,0.92,29254443.0,4185433160.01,143.35,145.8,142.68,139.41,138.23,136.45,136.25,135.89,135.22,132.97,143.53,139.58,136.63,135.87,133.58,129.95,123.98,118.75,115.35,114.52,114.28,90.39,130.94,102.93,148.4,18.09,121.12,141.21,7.66,130.94,120.0,9.26,19.22,-0.32,10.94,9.12
2024-02-06,144.1,143.55,144.88,142.66,-5.05,1.55,0.9816,0.64,21517585.0,3088849326.75,141.82,145.89,142.8,139.67,138.43,136.53,136.4,135.99,135.35,133.14,143.53,139.58,136.63,135.87,133.58,129.95,123.98,118.75,115.35,114.52,114.28,91.1,131.1,102.93,148.4,18.09,121.12,141.42,7.73,131.1,120.0,9.5,19.63,0.02,11.1,9.25
2024-02-07,144.26,144.82,145.14,143.35,3.49,1.25,0.9754,0.66,21436125.0,3104379622.5,142.79,146.15,142.93,139.96,138.68,136.63,136.55,136.09,135.49,133.3,143.53,139.58,136.63,135.87,133.58,129.95,123.98,118.75,115.35,114.52,114.28,92.33,131.33,103.36,148.19,17.82,121.33,141.85,7.79,131.33,120.0,10.27,20.68,0.9,11.33,9.44
2024-02-08,145.11,145.36,145.75,144.56,3.2,0.82,0.8316,0.65,18241312.0,2651557112.32,143.7,146.29,143.08,140.33,138.9,136.77,136.72,136.18,135.63,133.47,143.53,139.58,136.63,135.87,133.58,129.95,123.98,118.75,115.35,114.52,114.28,92.36,131.58,103.78,148.19,17.62,121.33,142.06,7.87,131.58,120.0,10.47,21.13,1.28,11.58,9.65
2024-02-09,146.09,148.36,148.84,145.57,4.71,2.25,0.9933,0.83,21877683.0,3245773049.88,145.03,146.44,143.37,140.73,139.17,136.94,136.89,136.3,135.82,133.67,146.09,141.27,138.42,136.81,134.4,131.05,125.19,119.74,116.07,114.94,114.71,94.89,131.82,103.99,148.4,17.6,121.54,142.27,7.86,131.82,120.58,12.55,23.04,1.55,11.24,9.32
2024-02-12,147.68,146.87,148.73,146.7,2.66,1.37,0.7856,0.77,17235664.0,2531401971.68,145.79,146.51,143.62,141.11,139.4,137.05,137.06,136.42,135.98,133.89,146.09,141.27,138.42,136.81,134.4,131.05,125.19,119.74,116.07,114.94,114.71,92.93,132.02,103.99,148.4,17.6,121.54,142.69,8.0,132.02,120.58,11.25,21.8,0.53,11.44,9.49
2024-02-13,144.21,144.51,146.18,143.25,0.67,1.99,0.8253,0.9,18138354.0,2621173536.54,145.98,146.36,143.8,141.29,139.56,137.31,137.18,136.5,136.12,134.08,146.09,141.27,138.42,136.81,134.4,131.05,125.19,119.74,116.07,114.94,114.71,88.54,132.19,104.2,148.4,17.5,121.76,142.9,7.99,132.19,120.58,9.32,19.85,-1.08,11.61,9.63
2024-02-14,145.51,145.28,145.97,143.7,0.32,1.57,0.7582,0.86,16651824.0,2419176990.72,146.08,146.14,144.05,141.52,139.7,137.63,137.3,136.58,136.24,134.26,146.09,141.27,138.42,136.81,134.4,131.05,125.19,119.74,116.07,114.94,114.71,90.33,132.34,104.41,148.4,17.4,121.76,143.33,8.14,132.34,120.58,9.78,20.48,-0.56,11.76,9.75
2024-02-15,142.6,142.08,142.9,140.02,-2.26,1.98,1.2158,1.45,26724305.0,3796989254.4,145.42,145.5,144.17,141.73,139.82,137.9,137.36,136.64,136.35,134.39,146.09,141.27,138.42,136.81,134.4,131.05,125.19,119.74,116.07,114.94,114.71,82.03,132.52,104.41,148.19,17.33,121.97,143.11,7.98,132.52,120.58,7.21,17.83,-2.75,11.94,9.9
2024-02-16,142.35,139.9,142.62,139.66,-5.7,2.08,0.993,1.09,21865018.0,3058916018.2,143.73,144.7,144.29,141.91,139.88,138.12,137.38,136.66,136.44,134.49,145.6,141.78,139.18,137.31,135.12,131.65,126.15,120.61,116.71,115.24,115.01,71.97,132.65,104.63,148.19,17.23,121.97,143.11,7.98,132.65,121.05,5.47,15.57,-3.91,11.6,9.58
2024-02-20,139.08,140.34,141.47,138.94,-4.45,1.81,0.8452,0.93,18625245.0,2613866883.3,142.42,143.85,144.45,142.09,139.94,138.34,137.42,136.69,136.53,134.61,145.6,141.78,139.18,137.31,135.12,131.65,126.15,120.61,116.71,115.24,115.01,73.54,132.76,104.84,148.19,17.13,122.18,143.11,7.89,132.76,121.05,5.71,15.94,-3.61,11.71,9.67
2024-02-21,140.78,141.98,142.12,140.05,-1.75,1.47,0.7492,0.81,16499577.0,2342609942.46,141.92,143.24,144.56,142.33,140.01,138.56,137.44,136.78,136.6,134.74,145.6,141.78,139.18,137.31,135.12,131.65,126.15,120.61,116.71,115.24,115.01,81.58,132.87,105.05,148.19,17.04,122.18,143.11,7.89,132.87,121.05,6.86,17.29,-2.48,11.82,9.76
2024-02-22,144.26,143.46,144.34,142.15,-1.25,1.54,1.0344,1.15,23024649.0,3303116145.54,141.55,143.47,144.66,142.58,140.12,138.78,137.5,136.92,136.67,134.89,145.6,141.78,139.18,137.31,135.12,131.65,126.15,120.61,116.71,115.24,115.01,85.67,133.04,105.47,148.19,16.84,122.39,143.33,7.88,133.04,121.05,7.83,18.51,-1.47,11.99,9.9
2024-02-23,143.11,143.43,144.1,142.93,0.95,0.81,0.6539,0.68,14519344.0,2082509509.92,141.82,143.65,144.71,142.76,140.25,138.98,137.57,137.05,136.73,135.06,145.06,142.93,139.93,137.64,135.53,132.2,127.23,121.55,117.33,115.52,115.33,85.35,133.16,105.9,148.19,16.65,122.39,143.33,7.88,133.16,121.36,7.71,18.19,-1.12,11.8,9.72
2024-02-26,141.59,136.89,141.98,136.88,-2.15,3.56,1.491,1.77,33513011.0,4587596075.79,141.22,143.33,144.54,142.78,140.25,139.08,137.55,137.11,136.75,135.19,145.06,142.93,139.93,137.64,135.53,132.2,127.23,121.55,117.33,115.52,115.33,57.12,133.29,106.11,147.98,16.48,122.39,143.33,7.88,133.29,121.36,2.7,12.8,-5.63,11.93,9.83
2024-02-27,137.55,138.24,138.63,136.64,-1.5,1.45,0.994,1.05,22363977.0,3091596180.48,140.8,143.0,144.4,142.79,140.31,139.18,137.54,137.21,136.78,135.31,145.06,142.93,139.93,137.64,135.53,132.2,127.23,121.55,117.33,115.52,115.33,63.01,133.38,106.32,147.98,16.38,122.6,143.33,7.79,133.38,121.36,3.64,13.91,-4.7,12.02,9.9
2024-02-28,137.24,135.57,137.42,134.78,-4.51,1.91,1.3606,1.39,30628702.0,4152333130.14,139.52,142.47,144.18,142.69,140.37,139.24,137.52,137.27,136.8,135.4,145.06,142.93,139.93,137.64,135.53,132.2,127.23,121.55,117.33,115.52,115.33,49.23,133.46,106.95,147.98,16.09,122.81,143.11,7.63,133.46,121.36,1.58,11.71,-6.54,12.1,9.97
2024-02-29,136.49,137.92,138.09,135.71,-3.86,1.76,1.5633,1.43,35484815.0,4894065684.8,138.41,142.01,144.08,142.62,140.48,139.34,137.53,137.33,136.83,135.47,145.06,142.93,139.93,137.64,135.53,132.2,127.23,121.55,117.33,115.52,115.33,62.9,133.56,108.43,147.77,15.35,122.81,143.11,7.63,133.56,121.36,3.26,13.65,-4.92,12.2,10.05
2024-03-01,137.75,136.22,138.14,136.12,-5.03,1.47,1.2538,1.05,28551391.0,3889270482.02,136.97,141.4,143.85,142.52,140.6,139.4,137.54,137.39,136.83,135.53,141.92,142.46,140.0,137.61,135.84,132.51,127.95,122.38,117.92,115.77,115.61,51.39,133.64,110.55,147.77,14.41,123.02,143.11,7.55,133.64,121.84,1.93,11.8,-4.38,11.8,9.68
2024-03-04,134.68,132.34,134.77,131.0,-3.32,2.77,1.8798,1.45,43571485.0,5766250324.9,136.06,140.34,143.39,142.36,140.63,139.41,137.5,137.38,136.8,135.53,141.92,142.46,140.0,137.61,135.84,132.51,127.95,122.38,117.92,115.77,115.61,37.73,133.66,114.78,147.56,12.49,123.24,142.9,7.39,133.66,121.84,-0.99,8.62,-7.1,11.82,9.7
2024-03-05,130.88,131.92,132.16,129.69,-4.57,1.87,1.2168,0.89,28447419.0,3752783514.48,134.79,139.34,142.93,142.19,140.67,139.38,137.43,137.39,136.78,135.54,141.92,142.46,140.0,137.61,135.84,132.51,127.95,122.38,117.92,115.77,115.61,36.28,133.66,114.99,147.56,12.4,123.45,142.9,7.3,133.66,121.84,-1.3,8.27,-7.4,11.82,9.7
2024-03-06,132.38,130.7,132.88,130.09,-3.59,2.11,1.0021,0.7,23174823.0,3028949366.1,133.82,138.42,142.39,142.0,140.57,139.33,137.5,137.35,136.74,135.54,141.92,142.46,140.0,137.61,135.84,132.51,127.95,122.38,117.92,115.77,115.61,28.96,133.67,115.2,147.56,12.31,123.66,142.9,7.22,133.67,121.84,-2.22,7.27,-8.26,11.83,9.71
2024-03-07,132.03,133.38,133.96,130.8,-3.29,2.42,1.0416,0.76,24107282.0,3215429273.16,132.91,137.62,141.88,141.91,140.55,139.29,137.63,137.35,136.71,135.59,141.92,142.46,140.0,137.61,135.84,132.51,127.95,122.38,117.92,115.77,115.61,41.8,133.69,115.41,147.56,12.22,123.66,142.9,7.22,133.69,121.84,-0.23,9.47,-6.37,11.85,9.73
2024-03-08,133.18,134.43,137.12,132.94,-1.31,3.14,1.1432,0.9,26495160.0,3561744358.8,132.55,137.11,141.31,141.82,140.57,139.28,137.77,137.32,136.7,135.64,140.47,142.0,139.87,137.59,136.05,132.79,128.55,123.11,118.63,116.08,115.9,44.69,133.75,115.83,147.34,11.97,123.87,142.69,7.06,133.75,122.16,0.51,10.04,-5.33,11.59,9.49
2024-03-11,135.21,137.08,138.12,135.21,3.58,2.16,0.9752,0.77,22536322.0,3089279019.76,133.5,136.93,140.81,141.84,140.66,139.29,137.92,137.32,136.7,135.71,140.47,142.0,139.87,137.59,136.05,132.79,128.55,123.11,118.63,116.08,115.9,60.53,133.83,116.05,147.34,11.88,124.08,142.69,6.98,133.83,122.16,2.43,12.21,-3.46,11.67,9.55
2024-03-12,136.39,137.76,138.42,136.35,4.43,1.51,0.8268,0.76,19019536.0,2620131279.36,134.67,136.75,140.3,141.89,140.76,139.31,138.08,137.32,136.7,135.76,140.47,142.0,139.87,137.59,136.05,132.79,128.55,123.11,118.63,116.08,115.9,64.57,133.9,116.26,147.34,11.79,124.29,142.69,6.89,133.9,122.16,2.88,12.77,-2.98,11.74,9.61
2024-03-13,138.2,138.91,140.33,138.15,6.28,1.58,0.8599,0.85,19636860.0,2727756222.6,136.31,136.55,139.89,141.89,140.88,139.32,138.22,137.31,136.75,135.82,140.47,142.0,139.87,137.59,136.05,132.79,128.55,123.11,118.63,116.08,115.9,70.55,134.0,117.1,147.34,11.44,124.5,142.48,6.73,134.0,122.16,3.66,13.71,-2.17,11.84,9.69
2024-03-14,140.44,142.48,142.87,139.62,6.82,2.34,1.6079,1.62,36117805.0,5146064856.4,138.13,136.48,139.98,141.93,141.06,139.4,138.4,137.35,136.86,135.91,140.47,142.0,139.87,137.59,136.05,132.79,128.55,123.11,118.63,116.08,115.9,85.14,134.2,117.53,147.13,11.19,124.93,142.48,6.56,134.2,122.16,6.17,16.63,0.34,12.04,9.86
2024-03-15,141.55,140.31,142.48,139.27,4.37,2.25,1.8065,1.66,41039316.0,5758226427.96,139.31,136.28,139.96,141.9,141.14,139.45,138.53,137.39,136.95,135.99,138.86,142.48,140.46,138.53,136.52,133.27,129.32,123.82,119.28,116.5,116.15,73.32,134.41,117.95,147.13,11.01,125.56,142.48,6.31,134.41,122.62,4.39,14.43,-1.52,11.79,9.62
2024-03-18,147.51,146.62,151.07,146.28,6.96,3.41,2.0579,1.72,47676402.0,6990314061.24,141.22,136.93,140.13,142.0,141.31,139.58,138.72,137.46,137.09,136.11,138.86,142.48,140.46,138.53,136.52,133.27,129.32,123.82,119.28,116.5,116.15,92.33,134.74,118.16,148.19,11.27,125.98,143.11,6.37,134.74,122.62,8.82,19.57,2.91,12.12,9.88
2024-03-19,147.12,146.06,147.76,145.15,6.02,1.78,0.7748,0.54,17748104.0,2592288070.24,142.88,137.45,140.23,142.09,141.45,139.74,138.89,137.53,137.24,136.22,138.86,142.48,140.46,138.53,136.52,133.27,129.32,123.82,119.28,116.5,116.15,90.9,134.87,118.37,147.98,11.12,126.2,143.33,6.36,134.87,122.62,8.3,19.12,2.52,12.25,9.99
2024-03-20,146.93,147.82,147.9,145.8,6.41,1.43,0.7743,0.55,17729927.0,2620837809.14,144.66,138.26,140.37,142.21,141.58,139.95,139.07,137.63,137.39,136.35,138.86,142.48,140.46,138.53,136.52,133.27,129.32,123.82,119.28,116.5,116.15,94.78,135.01,118.37,147.98,11.12,126.41,143.54,6.35,135.01,122.62,9.49,20.55,3.75,12.39,10.1
2024-03-21,148.46,146.88,149.44,146.15,3.09,2.23,0.8657,0.62,19843868.0,2914667331.84,145.54,138.86,140.44,142.34,141.68,140.15,139.26,137.72,137.52,136.48,138.86,142.48,140.46,138.53,136.52,133.27,129.32,123.82,119.28,116.5,116.15,91.34,135.15,118.58,148.19,11.1,126.62,143.96,6.41,135.15,122.62,8.68,19.78,3.09,12.53,10.22
2024-03-22,148.38,149.91,150.7,148.23,6.84,1.68,0.835,0.67,19252771.0,2886182900.61,147.46,139.77,140.59,142.49,141.83,140.43,139.46,137.86,137.69,136.62,140.86,143.23,141.47,139.6,137.22,133.97,130.17,124.68,120.05,117.0,116.6,96.68,135.31,118.79,148.61,11.15,126.83,144.38,6.47,135.31,123.21,10.79,21.67,4.67,12.1,9.82
2024-03-25,149.09,149.29,149.6,146.94,1.82,1.77,0.6566,0.62,15114565.0,2256453408.85,147.99,140.9,140.62,142.56,141.99,140.68,139.66,137.99,137.82,136.78,140.86,143.23,141.47,139.6,137.22,133.97,130.17,124.68,120.05,117.0,116.6,96.0,135.43,118.79,148.82,11.22,126.83,144.59,6.54,135.43,123.21,10.23,21.17,4.23,12.22,9.92
2024-03-26,149.38,149.84,151.34,149.17,2.59,1.45,0.8347,1.08,19312694.0,2893814068.96,148.75,142.1,140.72,142.65,142.17,140.95,139.84,138.1,137.98,136.93,140.86,143.23,141.47,139.6,137.22,133.97,130.17,124.68,120.05,117.0,116.6,95.83,135.59,119.01,149.25,11.27,127.04,145.02,6.61,135.59,123.21,10.51,21.61,4.62,12.38,10.05
2024-03-27,150.28,150.08,150.83,148.27,1.53,1.71,0.7175,0.91,16621881.0,2494611900.48,149.2,143.39,140.9,142.72,142.35,141.13,140.01,138.34,138.11,137.08,140.86,143.23,141.47,139.6,137.22,133.97,130.17,124.68,120.05,117.0,116.6,95.96,135.73,119.01,149.46,11.34,127.25,145.23,6.6,135.73,123.21,10.57,21.81,4.78,12.52,10.16
2024-03-28,150.14,150.4,150.81,149.47,2.4,0.89,0.9103,1.17,21105628.0,3174286451.2,149.9,144.52,141.07,142.76,142.56,141.34,140.16,138.61,138.24,137.2,140.86,143.23,141.47,139.6,137.22,133.97,130.17,124.68,120.05,117.0,116.6,96.51,135.9,119.22,149.88,11.39,127.25,145.86,6.81,135.9,123.21,10.67,22.07,5.01,12.69,10.3
2024-04-01,149.97,154.64,155.14,149.79,3.16,3.56,1.0513,1.34,24469815.0,3784012191.6,150.85,145.87,141.49,142.83,142.83,141.63,140.38,138.93,138.39,137.38,142.25,143.66,142.7,140.51,137.74,134.7,131.03,125.46,120.83,117.61,116.94,99.89,136.13,119.43,150.3,11.45,127.47,146.29,6.88,136.13,123.57,13.6,25.14,7.65,12.56,10.16
2024-04-02,152.89,154.01,154.13,151.6,3.16,1.64,0.7564,0.91,17598064.0,2710277836.64,151.79,147.0,141.96,142.87,143.13,141.93,140.58,139.22,138.53,137.55,142.25,143.66,142.7,140.51,137.74,134.7,131.03,125.46,120.83,117.61,116.94,99.62,136.29,119.64,150.52,11.43,127.68,146.5,6.86,136.29,123.57,13.0,24.63,7.21,12.72,10.29
2024-04-03,153.06,154.51,154.69,152.27,3.12,1.57,0.7412,0.87,17266175.0,2667796699.25,152.73,148.12,142.44,142.91,143.45,142.23,140.77,139.51,138.67,137.71,142.25,143.66,142.7,140.51,137.74,134.7,131.03,125.46,120.83,117.61,116.94,99.69,136.46,119.64,151.36,11.71,127.68,146.92,7.01,136.46,123.57,13.23,25.04,7.55,12.89,10.43
2024-04-04,153.22,150.08,154.32,150.02,0.0,2.78,1.0333,1.25,24184842.0,3629661087.36,152.73,148.86,142.71,142.88,143.64,142.48,140.91,139.74,138.76,137.82,142.25,143.66,142.7,140.51,137.74,134.7,131.03,125.46,120.83,117.61,116.94,91.51,136.65,119.85,151.57,11.69,127.89,147.13,7.0,136.65,123.57,9.83,21.45,4.47,13.08,10.59
2024-04-05,149.82,152.08,152.98,149.22,1.12,2.51,0.698,0.78,16297319.0,2478496273.52,153.06,149.5,142.99,143.15,143.83,142.75,141.08,139.99,138.87,137.93,145.43,143.67,143.45,141.36,138.29,135.52,131.99,126.44,121.59,118.29,117.37,96.22,136.79,120.06,151.57,11.6,128.1,147.34,6.99,136.79,124.12,11.18,22.53,4.58,12.67,10.21
2024-04-08,152.16,154.28,154.8,152.13,-0.23,1.76,0.7127,0.83,16641530.0,2567455248.4,152.99,150.43,143.36,143.45,144.03,143.0,141.28,140.23,139.02,138.06,145.43,143.67,143.45,141.36,138.29,135.52,131.99,126.44,121.59,118.29,117.37,99.3,136.94,120.28,152.0,11.65,128.1,147.56,7.06,136.94,124.12,12.66,24.3,6.09,12.82,10.33
2024-04-09,155.49,156.28,158.03,154.78,1.47,2.11,0.9197,1.17,21538140.0,3365980519.2,153.45,151.08,144.0,143.78,144.27,143.27,141.5,140.49,139.16,138.2,145.43,143.67,143.45,141.36,138.29,135.52,131.99,126.44,121.59,118.29,117.37,99.49,137.16,120.28,152.42,11.79,128.31,147.98,7.12,137.16,124.12,13.94,25.91,7.46,13.04,10.51
2024-04-10,156.02,155.8,156.3,154.34,0.83,1.25,0.6966,0.85,16339174.0,2545643309.2,153.7,151.73,144.59,144.06,144.5,143.51,141.74,140.73,139.3,138.34,145.43,143.67,143.45,141.36,138.29,135.52,131.99,126.44,121.59,118.29,117.37,98.89,137.32,120.49,152.84,11.84,128.31,148.4,7.26,137.32,124.12,13.46,25.52,7.13,13.2,10.63
2024-04-11,156.48,158.93,159.26,156.07,5.9,2.05,0.7613,0.94,17841703.0,2835581857.79,155.47,152.47,145.37,144.4,144.77,143.76,142.03,140.99,139.48,138.51,145.43,143.67,143.45,141.36,138.29,135.52,131.99,126.44,121.59,118.29,117.37,99.88,137.51,120.49,153.27,11.97,128.31,148.61,7.33,137.51,124.12,15.58,28.05,9.29,13.39,10.79
2024-04-12,157.55,157.33,159.84,156.74,3.45,1.95,0.7255,0.96,16989765.0,2672999727.45,156.52,153.16,146.01,144.68,145.05,143.98,142.32,141.25,139.65,138.66,150.01,145.24,144.67,142.41,138.99,136.5,133.01,127.52,122.54,119.08,117.94,98.65,137.69,120.7,153.69,12.02,128.52,149.04,7.39,137.69,124.66,14.26,26.21,4.88,13.03,10.45
2024-04-15,158.42,154.47,158.97,154.29,0.12,2.97,0.9013,1.18,21140948.0,3265642237.56,156.56,153.47,146.62,144.88,145.23,144.16,142.61,141.46,139.81,138.79,150.01,145.24,144.67,142.41,138.99,136.5,133.01,127.52,122.54,119.08,117.94,95.33,137.9,120.7,154.11,12.16,128.52,149.46,7.53,137.9,124.66,12.02,23.91,2.98,13.24,10.62
2024-04-16,153.78,154.14,155.37,153.19,-1.37,1.41,0.6626,0.82,15413201.0,2375790802.14,156.13,153.79,147.35,145.01,145.37,144.35,142.87,141.67,139.96,138.91,150.01,145.24,144.67,142.41,138.99,136.5,133.01,127.52,122.54,119.08,117.94,94.68,138.04,120.91,154.32,12.14,128.73,149.88,7.59,138.04,124.66,11.66,23.65,2.76,13.38,10.73
2024-04-17,155.33,155.02,156.82,154.28,-0.5,1.65,0.7009,0.93,16237752.0,2517176315.04,155.98,154.14,148.12,145.19,145.52,144.56,143.15,141.88,140.1,139.05,150.01,145.24,144.67,142.41,138.99,136.5,133.01,127.52,122.54,119.08,117.94,95.61,138.19,120.91,154.75,12.27,128.73,150.09,7.66,138.19,124.66,12.18,24.35,3.34,13.53,10.85
2024-04-18,155.07,155.6,156.63,154.35,-2.1,1.47,0.605,0.8,14016065.0,2180899714.0,155.31,154.5,148.95,145.44,145.67,144.78,143.36,142.08,140.36,139.18,150.01,145.24,144.67,142.41,138.99,136.5,133.01,127.52,122.54,119.08,117.94,96.42,138.33,120.91,154.96,12.34,128.73,150.09,7.66,138.33,124.66,12.48,24.82,3.73,13.67,10.97
2024-04-19,155.89,153.86,156.13,152.05,-2.21,2.62,0.9257,1.28,21479881.0,3304894490.66,154.62,154.74,149.63,145.63,145.76,145.0,143.57,142.24,140.63,139.3,152.72,145.79,145.89,143.53,139.81,137.25,134.0,128.63,123.46,119.78,118.37,91.86,138.51,121.12,154.96,12.26,128.95,150.52,7.72,138.51,125.18,11.08,22.91,0.75,13.33,10.65
2024-04-22,154.15,156.09,157.33,153.8,1.05,2.29,0.7454,0.98,17243870.0,2691595668.3,154.94,154.83,150.35,145.94,145.83,145.23,143.83,142.44,140.92,139.43,152.72,145.79,145.89,143.53,139.81,137.25,134.0,128.63,123.46,119.78,118.37,97.04,138.67,121.12,155.38,12.39,128.95,150.73,7.79,138.67,125.18,12.56,24.69,2.21,13.49,10.78
2024-04-23,156.73,158.06,158.62,156.11,2.54,1.61,0.6984,0.95,16115408.0,2547201388.48,155.73,155.1,151.05,146.34,145.93,145.52,144.13,142.65,141.2,139.57,152.72,145.79,145.89,143.53,139.81,137.25,134.0,128.63,123.46,119.78,118.37,98.99,138.85,121.12,155.59,12.46,129.16,151.15,7.85,138.85,125.18,13.84,26.27,3.5,13.67,10.92
2024-04-24,157.23,159.24,159.53,156.96,2.72,1.63,0.8453,1.14,19485694.0,3102901912.56,156.57,155.42,151.77,146.76,146.04,145.84,144.43,142.87,141.5,139.72,152.72,145.79,145.89,143.53,139.81,137.25,134.0,128.63,123.46,119.78,118.37,99.9,139.07,121.33,156.01,12.5,129.16,151.57,7.98,139.07,125.18,14.5,27.21,4.27,13.89,11.1
2024-04-25,151.5,156.09,156.42,150.91,0.31,3.46,1.5594,2.05,36197789.0,5650112885.01,156.67,155.82,152.34,147.08,146.12,146.07,144.7,143.04,141.75,139.87,152.72,145.79,145.89,143.53,139.81,137.25,134.0,128.63,123.46,119.78,118.37,95.4,139.37,121.33,156.01,12.5,129.37,152.21,8.11,139.37,125.18,12.0,24.69,2.21,14.19,11.34
2024-04-26,174.13,171.83,174.56,169.54,11.68,3.22,2.4122,2.56,56500787.0,9708530230.21,160.26,157.13,153.32,147.71,146.65,146.49,145.14,143.37,142.13,140.15,157.1,148.98,147.85,145.38,141.2,138.58,135.11,129.95,124.66,120.74,118.99,98.5,140.26,121.54,157.49,12.88,129.58,153.27,8.37,140.26,126.22,22.51,36.14,9.38,14.04,11.12
2024-04-29,168.91,166.04,169.52,165.2,6.37,2.51,1.5221,1.23,35914561.0,5963253708.44,162.25,157.92,154.18,148.21,147.07,146.81,145.49,143.66,142.44,140.4,157.1,148.98,147.85,145.38,141.2,138.58,135.11,129.95,124.66,120.74,118.99,96.08,140.72,121.54,158.76,13.28,129.79,153.9,8.5,140.72,126.22,17.99,31.55,5.69,14.5,11.49
2024-04-30,165.52,162.78,168.01,162.64,2.99,3.23,1.2582,0.9,29420755.0,4789110498.9,163.2,158.35,154.71,148.78,147.42,147.09,145.78,143.91,142.72,140.61,157.1,148.98,147.85,145.38,141.2,138.58,135.11,129.95,124.66,120.74,118.99,94.42,141.07,121.76,164.05,14.8,129.79,154.32,8.63,141.07,126.22,15.39,28.97,3.62,14.85,11.77
2024-05-01,164.32,163.71,166.95,163.04,2.81,2.4,1.0818,0.71,25223245.0,4129297438.95,164.09,158.88,155.3,149.35,147.76,147.37,146.07,144.18,143.0,140.85,157.1,148.98,147.85,145.38,141.2,138.58,135.11,129.95,124.66,120.74,118.99,94.01,141.37,121.76,164.9,15.05,130.0,154.75,8.69,141.37,126.22,15.8,29.7,4.21,15.15,12.0
2024-05-02,164.81,166.6,166.67,163.83,6.73,1.73,0.7332,0.46,17041119.0,2839050425.4,166.19,159.39,155.93,150.04,148.15,147.7,146.36,144.51,143.29,141.1,157.1,148.98,147.85,145.38,141.2,138.58,135.11,129.95,124.66,120.74,118.99,96.54,141.58,121.76,165.53,15.24,130.0,154.96,8.76,141.58,126.22,17.67,31.99,6.05,15.36,12.17
2024-05-03,167.68,167.13,167.99,163.12,-2.74,2.92,0.9786,0.69,22766368.0,3804943083.84,165.25,160.04,156.6,150.69,148.52,148.05,146.66,144.85,143.6,141.34,160.45,151.35,149.25,147.14,142.21,139.48,136.03,131.25,125.81,121.58,119.5,96.67,141.87,121.97,165.95,15.28,130.21,155.38,8.81,141.87,127.2,17.81,31.39,4.17,14.67,11.53
2024-05-06,167.36,167.97,168.04,166.03,1.16,1.2,0.6526,0.58,15147764.0,2544369919.08,165.64,160.94,157.21,151.4,148.9,148.38,146.96,145.23,143.9,141.59,160.45,151.35,149.25,147.14,142.21,139.48,136.03,131.25,125.81,121.58,119.5,97.27,142.07,121.97,166.38,15.4,130.21,155.59,8.88,142.07,127.2,18.23,32.05,4.69,14.87,11.69
2024-05-07,168.26,171.12,171.61,168.14,5.12,2.07,0.9096,0.96,21102434.0,3611048506.08,167.31,162.08,157.93,152.26,149.28,148.71,147.31,145.61,144.23,141.85,160.45,151.35,149.25,147.14,142.21,139.48,136.03,131.25,125.81,121.58,119.5,97.96,142.38,121.97,167.01,15.59,130.43,155.8,8.87,142.38,127.2,20.19,34.53,6.65,15.18,11.93
2024-05-08,168.89,169.3,170.05,168.66,3.41,0.81,0.6292,0.72,14569703.0,2466650717.9,168.42,163.03,158.58,153.09,149.65,149.02,147.64,145.99,144.52,142.1,160.45,151.35,149.25,147.14,142.21,139.48,136.03,131.25,125.81,121.58,119.5,96.24,142.61,122.18,167.43,15.63,130.43,156.01,8.93,142.61,127.2,18.72,33.1,5.52,15.41,12.11
2024-05-09,169.29,169.72,170.58,168.07,1.87,1.48,0.5179,0.66,11937704.0,2026067122.88,169.05,163.97,159.24,153.95,150.07,149.33,147.98,146.31,144.82,142.33,160.45,151.35,149.25,147.14,142.21,139.48,136.03,131.25,125.81,121.58,119.5,96.48,142.82,122.39,167.86,15.66,130.43,156.23,9.0,142.82,127.2,18.83,33.43,5.78,15.62,12.28
2024-05-10,167.83,168.43,169.48,166.05,0.78,2.02,0.8117,1.1,18739979.0,3156374662.97,169.31,164.94,159.84,154.73,150.46,149.59,148.32,146.63,145.08,142.56,163.72,154.57,150.35,148.52,143.27,140.53,136.93,132.38,126.98,122.51,120.08,94.97,143.07,122.39,168.49,15.85,130.64,156.86,9.12,143.07,127.85,17.73,31.74,2.88,15.22,11.9
2024-05-13,163.99,169.04,169.09,163.9,0.64,3.08,0.8554,1.21,19647909.0,3321282537.36,169.52,165.8,160.32,155.5,150.91,149.82,148.66,146.97,145.36,142.78,163.72,154.57,150.35,148.52,143.27,140.53,136.93,132.38,126.98,122.51,120.08,95.62,143.32,122.39,168.49,15.85,130.64,157.49,9.32,143.32,127.85,17.95,32.22,3.25,15.47,12.1
2024-05-14,169.73,170.07,170.92,168.56,-0.61,1.4,0.8173,1.09,18729377.0,3185305146.39,169.31,166.6,160.85,156.24,151.41,150.07,149.04,147.34,145.65,142.99,163.72,154.57,150.35,148.52,143.27,140.53,136.93,132.38,126.98,122.51,120.08,96.7,143.58,122.6,169.13,15.95,130.85,158.13,9.44,143.58,127.85,18.45,33.02,3.88,15.73,12.3
2024-05-15,170.44,172.02,172.19,170.17,1.61,1.19,0.913,1.25,20957849.0,3605169184.98,169.86,167.46,161.44,157.0,151.94,150.32,149.44,147.72,145.94,143.22,163.72,154.57,150.35,148.52,143.27,140.53,136.93,132.38,126.98,122.51,120.08,98.73,143.88,122.6,169.55,16.07,130.85,158.76,9.64,143.88,127.85,19.56,34.55,5.07,16.03,12.54
2024-05-16,172.74,173.57,174.48,172.19,2.27,1.33,0.7509,0.96,17246878.0,2993540614.46,170.63,168.62,162.22,157.77,152.46,150.62,149.83,148.12,146.23,143.45,163.72,154.57,150.35,148.52,143.27,140.53,136.93,132.38,126.98,122.51,120.08,99.61,144.15,122.81,170.18,16.17,130.85,162.99,10.94,144.15,127.85,20.41,35.76,6.02,16.3,12.75
2024-05-17,173.69,175.43,175.64,173.12,4.16,1.45,0.7238,0.87,16546009.0,2902666358.87,172.03,168.86,163.0,158.5,153.0,151.09,150.22,148.53,146.56,143.7,167.34,158.67,152.6,150.33,144.62,141.7,137.97,133.57,128.19,123.64,120.82,99.89,144.41,122.81,170.61,16.29,131.06,164.05,11.18,144.41,128.62,21.48,36.39,4.84,15.79,12.28
2024-05-20,175.45,176.6,178.09,175.36,4.47,1.55,0.7637,0.94,17495122.0,3089638545.2,173.54,169.57,163.74,159.31,153.55,151.57,150.6,148.93,146.9,143.96,167.34,158.67,152.6,150.33,144.62,141.7,137.97,133.57,128.19,123.64,120.82,99.56,144.7,123.02,171.24,16.39,131.06,164.68,11.37,144.7,128.62,22.05,37.3,5.54,16.08,12.5
2024-05-21,176.54,177.68,177.96,175.45,4.47,1.42,0.6508,0.81,14705834.0,2612932585.12,175.06,170.56,164.46,160.0,154.23,152.05,151.0,149.32,147.24,144.22,167.34,158.67,152.6,150.33,144.62,141.7,137.97,133.57,128.19,123.64,120.82,99.9,144.95,123.02,171.66,16.51,131.06,165.32,11.56,144.95,128.62,22.58,38.14,6.18,16.33,12.7
2024-05-22,176.54,176.14,176.99,174.92,2.4,1.17,0.7197,0.93,16189401.0,2851601092.14,175.88,171.39,165.13,160.66,154.86,152.49,151.38,149.69,147.58,144.47,167.34,158.67,152.6,150.33,144.62,141.7,137.97,133.57,128.19,123.64,120.82,98.44,145.22,123.24,172.09,16.54,131.27,165.74,11.61,145.22,128.62,21.29,36.95,5.26,16.6,12.91
2024-05-23,176.92,173.2,178.05,172.68,-0.21,3.05,0.6715,0.91,14928177.0,2585560256.4,175.81,171.83,165.61,161.23,155.49,152.88,151.72,150.0,147.93,144.71,167.34,158.67,152.6,150.33,144.62,141.7,137.97,133.57,128.19,123.64,120.82,95.47,145.46,123.24,172.72,16.72,131.27,166.16,11.73,145.46,128.62,19.07,34.66,3.5,16.84,13.09
2024-05-24,174.66,174.47,175.44,173.34,-0.55,1.22,0.5224,0.71,11403402.0,1989551546.94,175.62,172.32,166.18,161.84,156.1,153.28,152.09,150.32,148.29,144.96,171.46,162.09,154.34,152.28,146.38,142.91,139.04,134.78,129.29,124.63,121.57,96.6,145.64,123.45,173.35,16.82,131.27,166.38,11.79,145.64,129.31,19.8,34.92,1.76,16.33,12.63
2024-05-28,173.88,176.16,176.65,173.82,-0.25,1.62,0.7241,1.05,15652280.0,2757305644.8,175.53,172.86,166.9,162.43,156.76,153.69,152.46,150.66,148.68,145.23,171.46,162.09,154.34,152.28,146.38,142.91,139.04,134.78,129.29,124.63,121.57,98.27,145.9,123.45,173.78,16.93,131.27,166.8,11.92,145.9,129.31,20.74,36.23,2.74,16.59,12.83
2024-05-29,174.95,175.54,176.37,174.4,-1.2,1.12,0.7107,1.03,15023502.0,2637225541.08,175.1,173.16,167.62,163.01,157.48,154.05,152.78,151.0,149.06,145.49,171.46,162.09,154.34,152.28,146.38,142.91,139.04,134.78,129.29,124.63,121.57,96.98,146.17,123.66,174.41,17.03,131.48,167.22,11.96,146.17,129.31,20.09,35.75,2.38,16.86,13.04
2024-05-30,174.83,171.7,174.83,171.37,-2.52,1.97,0.8982,1.29,18843847.0,3235488529.9,174.21,173.32,168.17,163.49,158.15,154.38,153.07,151.31,149.41,145.72,171.46,162.09,154.34,152.28,146.38,142.91,139.04,134.78,129.29,124.63,121.57,91.01,146.45,123.87,174.41,16.94,131.48,167.65,12.09,146.45,129.31,17.24,32.78,0.14,17.14,13.25
2024-05-31,171.54,172.1,172.56,169.11,-0.64,2.01,1.3335,1.85,28085151.0,4833454487.1,173.99,173.48,168.72,163.98,158.84,154.75,153.35,151.62,149.7,146.03,171.51,164.31,156.49,153.77,147.83,143.99,140.03,135.86,130.34,125.59,122.26,91.86,146.83,124.08,174.41,16.86,131.48,168.7,12.4,146.83,130.03,17.21,32.35,0.34,16.8,12.92
2024-06-03,172.02,172.56,174.0,170.59,-1.09,1.98,0.9875,1.17,20742706.0,3579361347.36,173.61,173.75,169.35,164.48,159.49,155.12,153.62,151.95,150.02,146.37,171.51,164.31,156.49,153.77,147.83,143.99,140.03,135.86,130.34,125.59,122.26,92.15,147.12,124.29,174.2,16.72,131.48,169.34,12.58,147.12,130.03,17.29,32.71,0.61,17.09,13.14
2024-06-04,172.59,173.27,173.33,171.36,-1.64,1.14,0.6763,0.72,14066515.0,2437305054.05,173.03,174.03,169.92,164.89,160.14,155.53,153.86,152.29,150.35,146.72,171.51,164.31,156.49,153.77,147.83,143.99,140.03,135.86,130.34,125.59,122.26,93.34,147.32,124.29,174.2,16.72,131.69,169.76,12.63,147.32,130.03,17.61,33.25,1.03,17.29,13.3
2024-06-05,174.68,175.21,176.11,173.43,-0.19,1.55,0.7368,0.79,15233614.0,2669081508.94,172.97,174.38,170.49,165.36,160.77,156.0,154.12,152.66,150.72,147.06,171.51,164.31,156.49,153.77,147.83,143.99,140.03,135.86,130.34,125.59,122.26,95.99,147.58,124.5,174.62,16.76,131.69,170.18,12.75,147.58,130.03,18.72,34.75,2.16,17.55,13.5
2024-06-06,175.57,176.49,176.85,175.35,2.79,0.86,0.6921,0.74,14255811.0,2516008083.39,173.93,174.67,171.07,165.85,161.42,156.48,154.38,153.05,151.09,147.41,171.51,164.31,156.49,153.77,147.83,143.99,140.03,135.86,130.34,125.59,122.26,98.46,147.82,124.93,175.05,16.71,131.69,170.61,12.87,147.82,130.03,19.4,35.73,2.9,17.79,13.68
2024-06-07,176.6,174.09,177.56,173.93,1.16,2.06,0.7173,0.8,14715868.0,2561885460.12,174.32,174.71,171.67,166.38,162.0,156.91,154.63,153.38,151.44,147.74,172.9,166.68,158.53,155.17,149.23,144.97,141.09,136.97,131.35,126.56,123.06,92.63,148.05,125.14,175.26,16.68,131.69,170.82,12.93,148.05,130.78,17.59,33.12,0.69,17.27,13.21
2024-06-10,174.79,174.97,176.81,172.72,1.4,2.35,0.8477,1.08,17121774.0,2995796796.78,174.81,174.68,171.77,166.89,162.54,157.33,155.02,153.71,151.8,148.06,172.9,166.68,158.53,155.17,149.23,144.97,141.09,136.97,131.35,126.56,123.06,94.02,148.32,125.35,175.26,16.6,131.91,171.24,12.98,148.32,130.78,17.97,33.79,1.19,17.54,13.41
2024-06-11,176.06,176.53,176.73,173.78,1.88,1.69,0.7291,0.96,14402294.0,2542436959.82,175.46,174.67,172.12,167.39,163.15,157.77,155.42,154.04,152.14,148.38,172.9,166.68,158.53,155.17,149.23,144.97,141.09,136.97,131.35,126.56,123.06,98.91,148.56,125.56,175.47,16.58,131.91,171.66,13.1,148.56,130.78,18.83,34.98,2.1,17.78,13.6
2024-06-12,178.09,177.9,180.42,176.12,1.54,2.44,0.9653,1.23,18600404.0,3309011871.6,176.0,174.69,172.62,167.87,163.67,158.32,155.82,154.38,152.49,148.7,172.9,166.68,158.53,155.17,149.23,144.97,141.09,136.97,131.35,126.56,123.06,99.37,148.9,125.77,175.68,16.56,131.91,171.87,13.16,148.9,130.78,19.48,36.03,2.89,18.12,13.86
2024-06-13,176.18,175.08,176.85,175.0,-0.8,1.04,0.8294,1.01,15956941.0,2793741230.28,175.71,174.62,173.0,168.3,164.15,158.81,156.18,154.7,152.8,149.0,172.9,166.68,158.53,155.17,149.23,144.97,141.09,136.97,131.35,126.56,123.06,92.31,149.16,126.2,175.89,16.45,131.91,172.09,13.22,149.16,130.78,17.38,33.87,1.26,18.38,14.05
2024-06-14,174.19,176.71,177.07,174.19,1.5,1.64,0.6454,0.76,12360326.0,2184193207.46,176.24,174.85,173.34,168.69,164.63,159.36,156.55,155.02,153.11,149.3,174.56,169.14,161.23,156.41,150.62,146.0,142.24,138.18,132.54,127.54,123.94,97.78,149.41,126.62,175.89,16.29,132.12,172.3,13.2,149.41,131.6,18.27,34.28,1.23,17.81,13.53
2024-06-17,175.32,177.12,178.26,174.83,1.23,1.94,0.8007,0.97,15272798.0,2705117981.76,176.67,175.03,173.67,169.13,165.14,159.88,156.9,155.37,153.41,149.61,174.56,169.14,161.23,156.41,150.62,146.0,142.24,138.18,132.54,127.54,123.94,98.19,149.67,126.83,176.1,16.27,132.12,172.72,13.32,149.67,131.6,18.34,34.59,1.47,18.07,13.73
2024-06-18,177.13,174.79,177.25,173.96,-0.99,1.86,0.8226,1.02,15640219.0,2733753879.01,176.32,174.94,173.9,169.58,165.55,160.4,157.23,155.67,153.69,149.9,174.56,169.14,161.23,156.41,150.62,146.0,142.24,138.18,132.54,127.54,123.94,88.9,149.93,126.83,176.1,16.27,132.12,172.93,13.38,149.93,131.6,16.58,32.82,0.13,18.33,13.93
2024-06-20,175.05,176.05,177.08,174.8,-1.04,1.3,0.8798,1.08,16752950.0,2949356847.5,175.95,174.97,174.06,170.07,166.0,160.98,157.54,155.95,154.0,150.19,174.56,169.14,161.23,156.41,150.62,146.0,142.24,138.18,132.54,127.54,123.94,94.05,150.21,127.04,176.1,16.18,132.12,173.35,13.5,150.21,131.6,17.2,33.78,0.85,18.61,14.14
2024-06-21,176.83,178.6,180.85,176.4,2.01,2.53,3.0295,3.93,59726423.0,10667139147.8,176.65,175.43,174.37,170.59,166.48,161.6,157.89,156.27,154.32,150.49,175.19,171.26,164.18,158.25,152.03,147.06,143.45,139.38,133.77,128.63,124.88,97.9,151.18,127.47,176.95,16.26,132.54,174.62,13.7,151.18,132.73,18.14,34.56,1.94,18.45,13.9
2024-06-24,179.62,179.13,180.42,178.57,1.37,1.04,0.9218,0.76,18198282.0,3259858254.66,177.14,175.9,174.69,171.12,166.96,162.25,158.28,156.57,154.66,150.79,175.19,171.26,164.18,158.25,152.03,147.06,143.45,139.38,133.77,128.63,124.88,98.27,151.5,127.47,177.58,16.43,132.54,175.05,13.82,151.5,132.73,18.24,34.96,2.25,18.77,14.14
2024-06-25,179.48,183.92,184.09,179.44,3.84,2.59,0.9601,0.75,18917725.0,3479347982.0,178.5,176.66,175.2,171.78,167.52,162.92,158.71,156.91,155.04,151.1,175.19,171.26,164.18,158.25,152.03,147.06,143.45,139.38,133.77,128.63,124.88,99.91,151.86,127.68,178.01,16.46,132.75,175.26,13.8,151.86,132.73,21.11,38.57,4.98,19.13,14.41
2024-06-26,182.54,183.71,184.27,182.33,5.1,1.05,0.6852,0.52,13375412.0,2457196938.52,180.28,177.35,175.69,172.4,168.01,163.58,159.17,157.22,155.42,151.43,175.19,171.26,164.18,158.25,152.03,147.06,143.45,139.38,133.77,128.63,124.88,99.52,152.12,127.89,178.43,16.5,132.75,175.26,13.8,152.12,132.73,20.77,38.41,4.86,19.39,14.61
2024-06-27,183.98,185.2,185.84,183.79,5.2,1.12,0.6699,0.51,13025566.0,2412334823.2,182.11,178.02,176.2,173.0,168.53,164.22,159.67,157.53,155.83,151.76,175.19,171.26,164.18,158.25,152.03,147.06,143.45,139.38,133.77,128.63,124.88,99.84,152.39,127.89,178.85,16.61,132.75,175.47,13.86,152.39,132.73,21.53,39.53,5.71,19.66,14.81
2024-06-28,184.06,181.76,184.92,181.66,1.77,1.76,1.1787,0.93,23032332.0,4186356664.32,182.74,178.37,176.52,173.5,168.98,164.81,160.13,157.81,156.21,152.06,176.65,174.06,166.94,159.92,153.7,148.37,144.61,140.67,135.12,129.79,125.81,96.47,152.81,128.1,179.49,16.71,132.96,175.68,13.84,152.81,133.7,18.95,35.95,2.89,19.11,14.29
2024-07-01,182.82,182.83,183.68,181.07,2.07,1.44,0.6111,0.68,11815560.0,2160238834.8,183.48,178.95,176.83,174.09,169.53,165.39,160.59,158.11,156.58,152.35,176.65,174.06,166.94,159.92,153.7,148.37,144.61,140.67,135.12,129.79,125.81,97.28,153.02,128.1,179.7,16.76,133.18,175.89,13.82,153.02,133.7,19.48,36.75,3.5,19.32,14.45
2024-07-02,181.81,184.95,185.29,181.4,0.56,2.13,0.6515,0.78,12555441.0,2322128812.95,183.69,179.62,177.15,174.39,170.07,165.96,161.05,158.54,156.95,152.68,176.65,174.06,166.94,159.92,153.7,148.37,144.61,140.67,135.12,129.79,125.81,99.49,153.27,128.31,180.97,17.03,133.18,175.89,13.82,153.27,133.7,20.67,38.33,4.7,19.57,14.64
2024-07-03,184.64,185.73,185.96,183.72,1.1,1.21,0.3847,0.5,7354778.0,1366002917.94,184.09,180.23,177.45,174.82,170.6,166.56,161.52,158.96,157.31,153.01,176.65,174.06,166.94,159.92,153.7,148.37,144.61,140.67,135.12,129.79,125.81,99.95,153.43,128.31,181.81,17.25,133.39,176.1,13.8,153.43,133.7,21.05,38.92,5.14,19.73,14.76
2024-07-05,185.66,190.3,190.6,185.66,2.75,2.66,0.753,1.06,14303062.0,2721872698.6,185.11,181.06,177.87,175.44,171.16,167.15,162.11,159.43,157.72,153.37,180.29,175.9,169.63,162.44,155.55,149.88,146.05,141.91,136.52,131.07,126.87,99.97,153.75,128.31,182.45,17.42,133.6,176.1,13.72,153.75,134.26,23.77,41.74,5.55,19.49,14.52
2024-07-08,189.7,188.82,190.02,187.66,3.88,1.24,0.6392,0.88,12097463.0,2284242963.66,186.53,181.97,178.3,175.99,171.72,167.72,162.67,159.86,158.11,153.73,180.29,175.9,169.63,162.44,155.55,149.88,146.05,141.91,136.52,131.07,126.87,99.24,154.04,128.52,182.87,17.45,133.6,176.32,13.78,154.04,134.26,22.58,40.64,4.73,19.78,14.73
2024-07-09,190.09,188.78,191.2,188.57,3.25,1.39,0.5439,0.88,10224878.0,1930252468.84,187.72,182.78,178.82,176.49,172.21,168.26,163.26,160.29,158.49,154.11,180.29,175.9,169.63,162.44,155.55,149.88,146.05,141.91,136.52,131.07,126.87,98.49,154.28,128.52,183.29,17.57,133.81,176.32,13.71,154.28,134.26,22.36,40.61,4.71,20.02,14.91
2024-07-10,189.09,191.0,191.65,188.96,3.27,1.42,0.644,1.07,12052467.0,2302021197.0,188.93,183.7,179.37,177.02,172.77,168.85,163.85,160.73,158.91,154.5,180.29,175.9,169.63,162.44,155.55,149.88,146.05,141.91,136.52,131.07,126.87,99.83,154.57,128.73,183.72,17.6,133.81,176.53,13.76,154.57,134.26,23.57,42.26,5.94,20.31,15.13
2024-07-11,189.68,185.64,190.75,185.16,-0.05,2.93,0.8827,1.47,16451981.0,3054145752.84,188.91,184.43,179.68,177.41,173.29,169.33,164.4,161.12,159.26,154.88,180.29,175.9,169.63,162.44,155.55,149.88,146.05,141.91,136.52,131.07,126.87,96.32,154.92,128.73,184.35,17.76,134.02,176.74,13.75,154.92,134.26,19.83,38.27,2.97,20.66,15.39
2024-07-12,185.26,185.12,187.03,184.48,-2.72,1.37,0.7759,1.11,14448032.0,2674619683.84,187.87,185.03,180.0,177.72,173.81,169.81,164.99,161.47,159.59,155.25,182.5,177.7,171.95,164.53,157.33,151.08,147.13,142.97,137.89,132.3,127.82,95.08,155.21,128.95,184.99,17.85,134.23,177.16,13.79,155.21,135.1,19.27,37.02,1.44,20.11,14.89
2024-07-15,184.83,186.53,188.24,184.83,-1.21,1.84,0.6568,0.93,12185944.0,2273044134.32,187.41,185.56,180.5,178.1,174.33,170.3,165.6,161.84,159.93,155.62,182.5,177.7,171.95,164.53,157.33,151.08,147.13,142.97,137.89,132.3,127.82,96.32,155.46,128.95,185.41,17.96,134.23,177.58,13.9,155.46,135.1,19.99,38.07,2.21,20.36,15.07
2024-07-16,187.3,183.84,188.68,183.46,-2.62,2.8,0.6885,0.98,12760013.0,2345800789.92,186.43,185.88,180.89,178.42,174.81,170.75,166.19,162.22,160.24,155.94,182.5,177.7,171.95,164.53,157.33,151.08,147.13,142.97,137.89,132.3,127.82,92.25,155.71,129.16,185.62,17.94,134.44,177.8,13.88,155.71,135.1,18.07,36.08,0.74,20.61,15.26
2024-07-17,183.02,180.96,183.57,179.96,-5.26,1.96,0.9411,1.28,17376563.0,3144462840.48,184.42,185.68,181.17,178.7,175.26,171.15,166.71,162.56,160.51,156.25,182.5,177.7,171.95,164.53,157.33,151.08,147.13,142.97,137.89,132.3,127.82,88.18,156.01,129.16,185.62,17.94,134.44,178.43,14.06,156.01,135.1,15.99,33.95,-0.84,20.91,15.48
2024-07-18,181.88,177.56,182.39,176.55,-4.35,3.23,0.9676,1.22,17875992.0,3174061139.52,182.8,185.27,181.31,178.89,175.61,171.46,167.19,162.9,160.72,156.55,182.5,177.7,171.95,164.53,157.33,151.08,147.13,142.97,137.89,132.3,127.82,82.64,156.29,129.37,185.62,17.86,134.66,178.64,14.04,156.29,135.1,13.61,31.43,-2.71,21.19,15.68
2024-07-19,178.71,177.73,180.31,177.2,-3.99,1.75,0.7852,0.97,14485647.0,2574534041.31,181.32,184.77,181.39,179.06,175.94,171.77,167.65,163.26,160.94,156.85,182.7,178.63,173.66,166.6,158.55,152.11,148.15,143.88,138.99,133.44,128.74,82.48,156.56,129.58,185.62,17.78,134.66,178.85,14.1,156.56,135.95,13.52,30.73,-2.72,20.61,15.16
2024-07-22,180.69,181.69,182.64,180.24,-2.59,1.35,0.8863,1.09,16303896.0,2962254864.24,180.36,184.77,181.57,179.27,176.32,172.14,168.13,163.65,161.18,157.18,182.7,178.63,173.66,166.6,158.55,152.11,148.15,143.88,138.99,133.44,128.74,88.69,156.84,129.58,185.41,17.72,134.87,179.06,14.08,156.84,135.95,15.84,33.64,-0.55,20.89,15.37
2024-07-23,182.18,181.94,183.56,181.67,-1.03,1.04,1.307,1.51,23772541.0,4325176109.54,179.98,184.71,181.83,179.46,176.75,172.56,168.61,164.03,161.43,157.52,182.7,178.63,173.66,166.6,158.55,152.11,148.15,143.88,138.99,133.44,128.74,88.05,157.25,129.79,185.41,17.65,135.08,179.7,14.18,157.25,135.95,15.7,33.83,-0.42,21.3,15.67
2024-07-24,173.73,172.71,176.29,171.91,-4.56,2.41,1.7589,1.74,31250512.0,5397275927.52,178.33,183.89,181.75,179.4,176.76,172.84,168.95,164.31,161.71,157.79,182.7,178.63,173.66,166.6,158.55,152.11,148.15,143.88,138.99,133.44,128.74,65.53,157.62,130.0,185.41,17.57,135.29,179.49,14.04,157.62,135.95,9.57,27.04,-5.47,21.67,15.94
2024-07-25,172.59,167.5,173.54,167.39,-5.67,3.56,1.6411,1.4,28967870.0,4852118225.0,176.31,182.67,181.45,179.19,176.79,173.01,169.25,164.54,161.93,158.01,182.7,178.63,173.66,166.6,158.55,152.11,148.15,143.88,138.99,133.44,128.74,56.91,157.87,130.21,185.41,17.49,135.5,179.49,13.96,157.87,135.95,6.1,23.21,-8.32,21.92,16.12
2024-07-26,167.11,167.02,168.18,164.2,-6.03,2.37,1.4306,1.1,25149999.0,4200552832.98,174.17,181.12,181.09,178.96,176.86,173.16,169.48,164.83,162.14,158.21,180.39,177.79,174.31,168.23,159.49,152.91,148.92,144.6,139.89,134.39,129.66,56.62,158.03,130.21,185.41,17.49,135.5,179.28,13.91,158.03,137.08,5.69,21.84,-7.41,20.95,15.28
2024-07-29,168.84,169.47,170.5,168.06,-6.73,1.46,0.7918,0.55,13768598.0,2333364303.06,171.73,179.83,180.9,178.81,176.95,173.34,169.74,165.12,162.36,158.42,180.39,177.79,174.31,168.23,159.49,152.91,148.92,144.6,139.89,134.39,129.66,60.25,158.15,130.21,185.2,17.43,135.71,179.28,13.83,158.15,137.08,7.16,23.63,-6.05,21.07,15.37
2024-07-30,170.17,170.2,171.29,168.46,-6.45,1.67,0.7893,0.56,13681264.0,2328551132.8,169.38,178.59,180.69,178.74,177.01,173.49,169.99,165.45,162.58,158.62,180.39,177.79,174.31,168.23,159.49,152.91,148.92,144.6,139.89,134.39,129.66,61.98,158.27,130.21,185.2,17.43,135.71,179.28,13.83,158.27,137.08,7.54,24.16,-5.65,21.19,15.46
2024-07-31,173.26,171.49,174.25,170.06,-0.71,2.46,0.9091,0.69,15649921.0,2683804952.29,169.14,177.29,180.5,178.68,177.09,173.68,170.26,165.77,162.8,158.83,180.39,177.79,174.31,168.23,159.49,152.91,148.92,144.6,139.89,134.39,129.66,64.12,158.44,130.43,185.2,17.35,135.92,179.06,13.7,158.44,137.08,8.24,25.1,-4.93,21.36,15.58
2024-08-01,170.32,170.79,174.02,168.85,1.96,3.01,0.9959,0.88,17177445.0,2933735831.55,169.79,176.3,180.37,178.56,177.13,173.9,170.49,166.1,163.02,159.03,180.39,177.79,174.31,168.23,159.49,152.91,148.92,144.6,139.89,134.39,129.66,61.89,158.59,130.43,185.2,17.35,135.92,179.06,13.7,158.59,137.08,7.69,24.59,-5.32,21.51,15.69
2024-08-02,166.53,166.74,168.55,164.73,-0.17,2.24,1.0985,1.11,18907771.0,3152681736.54,169.74,175.08,180.06,178.36,177.06,174.06,170.68,166.43,163.17,159.21,177.38,177.02,175.16,169.55,160.53,154.04,149.73,145.37,140.81,135.26,130.45,53.51,158.71,130.64,185.2,17.27,135.92,179.06,13.7,158.71,137.74,5.06,21.05,-6.0,20.97,15.22
2024-08-05,155.71,158.98,164.28,154.94,-6.19,5.6,1.9889,2.2,34907487.0,5549592283.26,167.64,173.24,179.4,178.08,176.89,174.12,170.79,166.69,163.27,159.34,177.38,177.02,175.16,169.55,160.53,154.04,149.73,145.37,140.81,135.26,130.45,48.84,158.75,130.64,185.2,17.27,136.14,178.85,13.56,158.75,137.74,0.14,15.42,-10.37,21.01,15.25
2024-08-06,159.28,158.88,160.69,156.47,-6.65,2.65,2.0132,1.8,36146380.0,5742936854.4,165.38,171.58,178.73,177.78,176.71,174.16,170.88,166.96,163.39,159.47,177.38,177.02,175.16,169.55,160.53,154.04,149.73,145.37,140.81,135.26,130.45,48.75,158.77,130.85,184.99,17.14,136.35,178.64,13.43,158.77,137.74,0.07,15.35,-10.43,21.03,15.27
2024-08-07,161.58,159.09,163.13,158.58,-7.23,2.86,1.0762,0.79,19333544.0,3075773514.96,162.9,170.12,177.9,177.48,176.55,174.23,170.98,167.2,163.5,159.61,177.38,177.02,175.16,169.55,160.53,154.04,149.73,145.37,140.81,135.26,130.45,48.7,158.8,130.85,184.99,17.14,136.35,178.64,13.43,158.8,137.74,0.18,15.5,-10.31,21.06,15.29
2024-08-08,160.68,162.18,163.84,160.37,-5.04,2.18,0.879,0.62,15733612.0,2551677194.16,161.17,169.09,177.18,177.24,176.44,174.31,171.06,167.47,163.67,159.77,177.38,177.02,175.16,169.55,160.53,154.04,149.73,145.37,140.81,135.26,130.45,51.58,158.86,131.06,184.99,17.06,136.35,178.64,13.43,158.86,137.74,2.09,17.74,-8.57,21.12,15.33
2024-08-09,159.99,163.73,163.86,159.27,-1.81,2.83,0.7606,0.54,13549226.0,2218414772.98,160.57,168.16,176.47,176.98,176.33,174.39,171.17,167.72,163.87,159.95,172.07,176.18,174.62,170.24,161.24,154.92,150.43,146.06,141.62,136.07,131.21,52.96,158.9,131.06,184.99,17.06,136.56,178.43,13.29,158.9,138.4,3.04,18.3,-7.07,20.5,14.81
2024-08-12,164.34,162.29,165.04,161.89,2.08,1.92,0.7037,0.52,12434604.0,2018011883.16,161.23,166.87,175.82,176.67,176.17,174.43,171.26,167.95,164.05,160.13,172.07,176.18,174.62,170.24,161.24,154.92,150.43,146.06,141.62,136.07,131.21,51.14,158.95,131.06,184.99,17.06,136.56,178.43,13.29,158.95,138.4,2.1,17.26,-7.88,20.55,14.85
2024-08-13,163.52,164.27,164.88,163.11,3.39,1.09,0.7228,0.65,12717618.0,2089123108.86,162.31,165.69,175.2,176.45,176.01,174.54,171.42,168.19,164.24,160.3,172.07,176.18,174.62,170.24,161.24,154.92,150.43,146.06,141.62,136.07,131.21,53.79,159.01,131.06,184.99,17.06,136.56,178.43,13.29,159.01,138.4,3.31,18.69,-6.76,20.61,14.89
2024-08-14,162.55,160.37,163.3,157.87,0.8,3.31,1.2725,1.53,22515828.0,3610863336.36,162.57,164.87,174.38,176.13,175.76,174.38,171.51,168.36,164.38,160.44,172.07,176.18,174.62,170.24,161.24,154.92,150.43,146.06,141.62,136.07,131.21,48.77,159.05,131.27,184.77,16.93,136.77,178.22,13.16,159.05,138.4,0.83,15.87,-8.97,20.65,14.92
2024-08-15,160.55,161.51,161.86,159.83,-0.41,1.27,1.0386,1.2,18392447.0,2970564114.97,162.43,164.47,173.57,175.79,175.51,174.32,171.59,168.57,164.53,160.57,172.07,176.18,174.62,170.24,161.24,154.92,150.43,146.06,141.62,136.07,131.21,50.33,159.1,131.27,184.77,16.93,136.77,178.22,13.16,159.1,138.4,1.51,16.7,-8.33,20.7,14.96
2024-08-16,161.75,163.08,165.29,161.42,-0.4,2.4,0.9497,1.06,16852798.0,2748354297.84,162.3,164.2,172.66,175.46,175.27,174.33,171.66,168.72,164.75,160.71,167.66,175.08,174.35,170.88,161.8,155.69,150.99,146.76,142.41,136.81,131.96,52.88,159.18,131.27,184.77,16.93,136.77,178.01,13.1,159.18,138.89,2.45,17.42,-6.85,20.29,14.61
2024-08-19,165.34,166.74,166.81,164.43,2.74,1.46,0.7404,0.79,13100699.0,2184410551.26,163.19,164.02,171.93,175.28,175.11,174.37,171.79,168.92,164.99,160.87,167.66,175.08,174.35,170.88,161.8,155.69,150.99,146.76,142.41,136.81,131.96,58.99,159.26,131.48,184.77,16.85,136.98,178.01,13.02,159.26,138.89,4.7,20.05,-4.76,20.37,14.67
2024-08-20,167.08,167.3,168.75,167.0,1.84,1.05,0.7149,0.76,12622032.0,2111665953.6,163.8,163.83,171.21,175.07,175.01,174.38,171.88,169.11,165.25,161.04,167.66,175.08,174.35,170.88,161.8,155.69,150.99,146.76,142.41,136.81,131.96,59.97,159.35,131.48,184.77,16.85,136.98,178.01,13.02,159.35,138.89,4.99,20.46,-4.44,20.46,14.73
2024-08-21,165.33,165.97,166.98,164.91,3.49,1.24,0.8617,0.91,15269470.0,2534273935.9,164.92,163.46,170.38,174.82,174.87,174.36,171.97,169.29,165.48,161.2,167.66,175.08,174.35,170.88,161.8,155.69,150.99,146.76,142.41,136.81,131.96,56.8,159.44,131.48,184.77,16.85,137.19,177.8,12.89,159.44,138.89,4.1,19.5,-5.2,20.55,14.8
2024-08-22,167.38,163.83,167.76,163.37,1.44,2.65,1.0757,1.25,19123204.0,3132954511.32,165.38,163.0,169.65,174.58,174.67,174.31,172.08,169.42,165.71,161.34,167.66,175.08,174.35,170.88,161.8,155.69,150.99,146.76,142.41,136.81,131.96,52.03,159.52,131.48,184.56,16.79,137.19,177.8,12.89,159.52,138.89,2.7,17.96,-6.43,20.63,14.85
2024-08-23,164.89,165.77,166.29,164.0,1.65,1.4,0.8039,0.93,14281609.0,2367462323.93,165.92,162.93,169.01,174.35,174.5,174.23,172.21,169.58,165.99,161.47,165.27,173.98,174.18,171.56,162.26,156.46,151.6,147.54,143.3,137.72,132.7,56.59,159.6,131.69,184.56,16.72,137.19,177.8,12.89,159.6,139.39,3.87,18.93,-4.83,20.21,14.5
2024-08-26,166.5,166.27,167.72,164.66,-0.28,1.85,0.6792,0.81,11989431.0,1993482692.37,165.83,163.42,168.33,174.07,174.41,174.19,172.33,169.73,166.28,161.61,165.27,173.98,174.18,171.56,162.26,156.46,151.6,147.54,143.3,137.72,132.7,58.05,159.67,131.69,184.56,16.72,137.4,177.8,12.81,159.67,139.39,4.13,19.28,-4.54,20.28,14.55
2024-08-27,165.95,164.72,166.58,164.5,-1.54,1.25,0.7879,0.94,13718161.0,2259655479.92,165.31,163.81,167.69,173.75,174.29,174.13,172.43,169.87,166.56,161.73,165.27,173.98,174.18,171.56,162.26,156.46,151.6,147.54,143.3,137.72,132.7,53.0,159.75,131.69,184.56,16.72,137.4,177.58,12.76,159.75,139.39,3.11,18.17,-5.43,20.36,14.61
2024-08-28,165.12,162.84,165.73,161.62,-1.89,2.5,0.8781,1.02,15208736.0,2476590570.24,164.69,164.06,167.09,173.29,174.13,174.05,172.53,169.99,166.81,161.82,165.27,173.98,174.18,171.56,162.26,156.46,151.6,147.54,143.3,137.72,132.7,48.83,159.81,131.69,184.35,16.66,137.62,177.58,12.68,159.81,139.39,1.9,16.82,-6.51,20.42,14.65
2024-08-29,164.4,161.74,165.97,160.32,-1.28,3.47,0.9863,1.15,17133451.0,2771164364.74,164.27,164.03,166.56,172.8,173.94,173.96,172.6,170.06,167.04,161.89,165.27,173.98,174.18,171.56,162.26,156.46,151.6,147.54,143.3,137.72,132.7,46.52,159.87,131.69,184.35,16.66,137.62,177.58,12.68,159.87,139.39,1.17,16.03,-7.14,20.48,14.69
2024-08-30,162.56,163.45,163.62,161.75,-1.4,1.16,1.0616,1.28,18498777.0,3023625100.65,163.8,164.01,166.09,172.31,173.74,173.87,172.66,170.15,167.26,161.97,164.55,172.47,173.38,171.87,162.99,157.14,152.14,148.29,144.11,138.61,133.5,50.95,159.92,131.69,184.35,16.66,137.83,177.37,12.55,159.92,139.87,2.21,16.86,-5.73,20.05,14.33
2024-09-03,161.66,156.95,161.72,156.2,-5.61,3.38,1.505,1.73,26533064.0,4164364394.8,161.94,163.65,165.26,171.76,173.41,173.67,172.63,170.17,167.42,161.99,164.55,172.47,173.38,171.87,162.99,157.14,152.14,148.29,144.11,138.61,133.5,36.92,159.91,131.69,184.14,16.61,137.83,177.16,12.49,159.91,139.87,-1.85,12.21,-9.48,20.04,14.33
2024-09-04,156.42,156.15,158.74,155.78,-5.2,1.89,0.9851,0.96,17410403.0,2718634428.45,160.23,163.11,164.4,171.17,173.12,173.43,172.63,170.23,167.56,162.03,164.55,172.47,173.38,171.87,162.99,157.14,152.14,148.29,144.11,138.61,133.5,35.65,159.89,131.69,184.14,16.61,138.04,177.16,12.41,159.89,139.87,-2.34,11.64,-9.94,20.02,14.31
2024-09-05,156.12,156.94,159.35,155.86,-3.62,2.24,0.8022,0.75,14139498.0,2219052816.12,159.05,162.88,163.88,170.55,172.81,173.19,172.47,170.28,167.68,162.14,164.55,172.47,173.38,171.87,162.99,157.14,152.14,148.29,144.11,138.61,133.5,37.03,159.89,131.91,184.14,16.53,138.04,176.95,12.35,159.89,139.87,-1.85,12.2,-9.48,20.02,14.31
2024-09-06,157.03,150.47,157.56,150.28,-6.97,4.64,1.4043,1.33,24998758.0,3761563116.26,156.79,162.15,163.31,169.76,172.38,172.84,172.29,170.24,167.76,162.2,161.3,169.34,171.78,171.7,163.06,157.61,152.56,148.73,144.77,139.39,134.18,28.66,159.8,131.91,183.93,16.47,138.25,176.95,12.28,159.8,140.2,-5.84,7.33,-12.4,19.6,13.98
2024-09-09,152.17,148.08,153.18,146.74,-9.4,4.28,1.5623,1.38,28057420.0,4154742753.6,153.72,161.15,162.68,168.83,171.88,172.44,172.13,170.16,167.78,162.25,161.3,169.34,171.78,171.7,163.06,157.61,152.56,148.73,144.77,139.39,134.18,26.41,159.64,131.91,183.93,16.47,138.46,176.74,12.14,159.64,140.2,-7.24,5.62,-13.8,19.44,13.87
2024-09-10,149.99,148.55,150.84,148.08,-5.35,1.86,1.1313,0.92,20401710.0,3030674020.5,152.04,159.94,161.98,167.93,171.44,172.08,171.96,170.09,167.8,162.28,161.3,169.34,171.78,171.7,163.06,157.61,152.56,148.73,144.77,139.39,134.18,26.74,159.52,131.91,183.93,16.47,138.67,176.74,12.07,159.52,140.2,-6.88,5.96,-13.52,19.32,13.78
2024-09-11,149.63,150.69,151.02,147.24,-3.5,2.54,1.0467,0.9,18991483.0,2861826573.27,150.95,158.83,161.33,167.08,171.01,171.78,171.79,170.01,167.82,162.33,161.3,169.34,171.78,171.7,163.06,157.61,152.56,148.73,144.77,139.39,134.18,31.21,159.43,131.91,183.93,16.47,138.67,176.53,12.01,159.43,140.2,-5.48,7.48,-12.28,19.23,13.72
2024-09-12,153.35,154.08,154.15,152.04,-1.82,1.4,1.1527,0.99,21023962.0,3239372064.96,150.37,158.04,160.75,166.26,170.62,171.5,171.64,169.98,167.88,162.39,161.3,169.34,171.78,171.7,163.06,157.61,152.56,148.73,144.77,139.39,134.18,36.28,159.37,131.91,183.72,16.42,139.1,176.53,11.86,159.37,140.2,-3.32,9.9,-10.3,19.17,13.67
2024-09-13,154.9,156.91,157.82,154.65,4.28,2.05,0.9165,0.74,16733316.0,2625624613.56,151.66,157.57,160.29,165.62,170.33,171.25,171.52,170.01,167.94,162.47,159.94,166.0,170.77,170.95,163.63,158.17,153.1,149.37,145.35,140.2,134.95,41.25,159.39,131.91,183.72,16.42,139.31,176.53,11.78,159.39,140.51,-1.56,11.67,-8.21,18.88,13.44
2024-09-16,156.87,157.53,157.78,156.15,6.38,1.04,0.7773,0.67,14157604.0,2230247358.12,153.55,157.02,159.98,165.01,170.02,171.01,171.37,170.04,168.01,162.53,159.94,166.0,170.77,170.95,163.63,158.17,153.1,149.37,145.35,140.2,134.95,43.36,159.38,131.91,183.72,16.42,139.52,176.32,11.65,159.38,140.51,-1.16,12.11,-7.85,18.87,13.43
2024-09-17,158.63,158.82,160.13,157.95,6.91,1.38,0.6926,0.66,12064350.0,1916060067.0,155.61,156.53,159.97,164.4,169.69,170.84,171.25,170.08,168.08,162.61,159.94,166.0,170.77,170.95,163.63,158.17,153.1,149.37,145.35,140.2,134.95,46.27,159.39,132.12,183.72,16.34,139.52,176.32,11.65,159.39,140.51,-0.36,13.03,-7.1,18.88,13.44
2024-09-18,159.39,159.35,160.17,158.2,5.75,1.24,0.9632,1.01,16756449.0,2670140148.15,157.34,156.17,159.99,163.85,169.36,170.67,171.13,170.11,168.16,162.71,159.94,166.0,170.77,170.95,163.63,158.17,153.1,149.37,145.35,140.2,134.95,47.5,159.41,132.12,183.72,16.34,139.73,176.32,11.58,159.41,140.51,-0.04,13.41,-6.79,18.9,13.45
2024-09-19,163.36,161.78,163.53,161.06,5.0,1.55,1.0101,1.09,17548180.0,2838944560.4,158.88,156.1,160.08,163.43,168.99,170.52,171.06,170.19,168.26,162.82,159.94,166.0,170.77,170.95,163.63,158.17,153.1,149.37,145.35,140.2,134.95,52.39,159.47,132.12,183.51,16.28,139.94,176.32,11.5,159.47,140.51,1.45,15.14,-5.37,18.96,13.49
2024-09-20,163.06,163.18,163.29,161.72,4.0,0.97,2.5867,3.0,46361962.0,7565344959.16,160.13,156.2,160.11,163.11,168.65,170.39,171.0,170.25,168.33,162.96,159.96,163.81,170.04,170.75,164.29,158.95,153.63,149.91,145.95,141.13,135.8,56.77,159.59,132.33,183.51,16.2,140.15,176.1,11.37,159.59,141.04,2.25,15.7,-4.44,18.55,13.15
2024-09-23,163.88,161.61,165.15,161.49,2.59,2.24,0.871,0.73,15648172.0,2528901076.92,160.95,156.07,160.04,162.75,168.25,170.21,170.9,170.29,168.39,163.1,159.96,163.81,170.04,170.75,164.29,158.95,153.63,149.91,145.95,141.13,135.8,49.86,159.63,132.33,183.51,16.2,140.37,176.1,11.29,159.63,141.04,1.24,14.58,-5.36,18.59,13.18
2024-09-24,162.79,162.18,163.09,160.57,2.12,1.56,1.049,0.87,18773530.0,3044691095.4,161.62,156.42,160.04,162.31,167.93,170.02,170.79,170.32,168.45,163.25,159.96,163.81,170.04,170.75,164.29,158.95,153.63,149.91,145.95,141.13,135.8,52.26,159.69,132.33,183.29,16.15,140.58,176.1,11.22,159.69,141.04,1.56,14.99,-5.02,18.65,13.22
2024-09-25,161.51,161.53,162.76,161.32,1.37,0.89,0.7591,0.59,13607892.0,2198082794.76,162.06,156.78,159.95,161.86,167.57,169.85,170.66,170.37,168.55,163.38,159.96,163.81,170.04,170.75,164.29,158.95,153.63,149.91,145.95,141.13,135.8,49.33,159.73,132.54,183.29,16.07,140.58,175.89,11.16,159.73,141.04,1.13,14.53,-5.4,18.69,13.25
2024-09-26,163.57,162.37,164.04,162.04,0.36,1.24,1.0119,0.81,18234447.0,2960727159.39,162.17,157.14,160.01,161.63,167.2,169.68,170.51,170.28,168.63,163.51,159.96,163.81,170.04,170.75,164.29,158.95,153.63,149.91,145.95,141.13,135.8,53.4,159.78,132.75,183.29,15.99,140.79,175.89,11.09,159.78,141.04,1.62,15.12,-4.91,18.74,13.29
2024-09-27,162.45,163.83,165.51,162.37,0.4,1.93,0.7506,0.6,13604165.0,2228770351.95,162.3,158.03,160.09,161.55,166.83,169.51,170.37,170.26,168.71,163.64,159.57,162.42,169.18,170.52,165.21,159.52,154.17,150.53,146.53,141.92,136.66,60.24,159.85,132.75,183.29,15.99,141.0,175.89,11.01,159.85,141.47,2.49,15.81,-3.93,18.38,12.99
2024-09-30,163.32,165.73,165.9,163.18,2.55,1.66,0.7772,0.88,14083451.0,2334050334.23,163.13,159.21,160.18,161.52,166.42,169.35,170.24,170.28,168.79,163.83,159.57,162.42,169.18,170.52,165.21,159.52,154.17,150.53,146.53,141.92,136.66,65.43,159.91,132.96,183.29,15.91,141.0,175.89,11.01,159.91,141.47,3.64,17.15,-2.81,18.44,13.03
2024-10-01,167.4,166.96,168.98,164.44,2.95,2.74,1.0219,1.19,18629506.0,3110382321.76,164.08,160.44,160.19,161.46,166.06,169.24,170.14,170.32,168.89,164.03,159.57,162.42,169.18,170.52,165.21,159.52,154.17,150.53,146.53,141.92,136.66,69.09,160.01,133.18,183.08,15.78,141.21,175.68,10.88,160.01,141.47,4.34,18.02,-2.09,18.54,13.11
2024-10-02,166.3,165.85,167.42,164.79,2.67,1.58,0.6975,0.82,12744845.0,2113732543.25,164.95,161.45,160.14,161.37,165.67,169.1,170.06,170.31,168.94,164.23,159.57,162.42,169.18,170.52,165.21,159.52,154.17,150.53,146.53,141.92,136.66,65.45,160.08,133.39,183.08,15.7,141.21,175.68,10.88,160.08,141.47,3.6,17.23,-2.74,18.61,13.15
2024-10-03,164.36,165.75,166.45,163.91,2.08,1.53,0.6028,0.71,11004333.0,1823968194.75,165.62,162.23,160.13,161.24,165.25,168.94,169.96,170.3,169.01,164.41,159.57,162.42,169.18,170.52,165.21,159.52,154.17,150.53,146.53,141.92,136.66,65.52,160.13,133.39,183.08,15.7,141.42,175.68,10.8,160.13,141.47,3.51,17.16,-2.8,18.66,13.19
2024-10-04,167.88,167.1,168.09,165.5,2.0,1.56,0.6293,0.82,11435318.0,1910841637.8,166.28,162.9,160.24,161.16,164.94,168.84,169.86,170.29,169.12,164.62,160.3,162.43,168.41,170.11,166.3,160.22,154.81,151.17,147.15,142.71,137.5,69.87,160.2,133.39,183.08,15.7,141.42,175.68,10.8,160.2,141.88,4.31,17.78,-1.77,18.32,12.91
2024-10-07,167.68,162.93,168.44,162.67,-1.69,3.45,0.7727,1.03,14034659.0,2286666990.87,165.72,163.26,160.14,161.07,164.58,168.67,169.72,170.21,169.19,164.82,160.3,162.43,168.41,170.11,166.3,160.22,154.81,151.17,147.15,142.71,137.5,52.97,160.25,133.6,183.08,15.63,141.63,175.68,10.73,160.25,141.88,1.67,14.84,-4.22,18.37,12.95
2024-10-08,163.97,164.24,164.64,162.85,-1.63,1.1,0.6457,0.86,11723296.0,1925434135.04,165.17,163.63,160.08,161.19,164.2,168.48,169.63,170.16,169.27,165.04,160.3,162.43,168.41,170.11,166.3,160.22,154.81,151.17,147.15,142.71,137.5,58.79,160.3,133.6,183.08,15.63,141.85,175.47,10.6,160.3,141.88,2.46,15.76,-3.45,18.42,12.98
2024-10-09,163.4,161.6,164.8,159.66,-2.56,3.13,1.0764,1.61,19666372.0,3178085715.2,164.32,163.78,159.97,161.25,163.83,168.24,169.52,170.08,169.32,165.24,160.3,162.43,168.41,170.11,166.3,160.22,154.81,151.17,147.15,142.71,137.5,45.23,160.34,133.6,183.08,15.63,142.06,175.47,10.52,160.34,141.88,0.79,13.9,-5.0,18.46,13.01
2024-10-10,160.65,161.72,162.85,160.18,-2.43,1.65,0.709,0.95,12900492.0,2086267566.24,163.52,163.77,159.94,161.31,163.51,167.95,169.4,170.02,169.38,165.43,160.3,162.43,168.41,170.11,166.3,160.22,154.81,151.17,147.15,142.71,137.5,45.23,160.36,133.81,182.87,15.49,142.06,175.47,10.52,160.36,141.88,0.85,13.98,-4.93,18.48,13.03
2024-10-11,161.87,163.06,163.81,161.04,-2.42,1.71,0.6054,0.78,10945538.0,1784779426.28,162.71,163.76,159.98,161.33,163.27,167.67,169.28,169.96,169.44,165.62,162.82,162.06,167.17,169.54,167.05,160.91,155.64,151.79,147.75,143.47,138.23,54.78,160.4,133.81,182.87,15.49,142.27,175.47,10.45,160.4,142.25,1.66,14.63,-3.82,18.15,12.76
2024-10-14,163.45,164.89,166.16,163.32,1.2,1.74,0.5544,0.72,9981743.0,1645889603.27,163.1,163.98,160.03,161.36,163.06,167.4,169.17,169.91,169.5,165.81,162.82,162.06,167.17,169.54,167.05,160.91,155.64,151.79,147.75,143.47,138.23,61.76,160.44,133.81,182.87,15.49,142.48,175.47,10.38,160.44,142.25,2.77,15.92,-2.74,18.19,12.79
2024-10-15,165.68,165.44,167.63,164.59,0.73,1.84,0.8247,1.14,14829290.0,2453357737.6,163.34,164.2,160.31,161.43,162.79,167.18,169.05,169.85,169.55,165.99,162.82,162.06,167.17,169.54,167.05,160.91,155.64,151.79,147.75,143.47,138.23,63.89,160.51,134.02,182.87,15.42,142.69,175.26,10.24,160.51,142.25,3.07,16.3,-2.42,18.26,12.84
2024-10-16,164.57,165.28,165.82,163.76,2.28,1.25,0.5614,0.73,9965898.0,1647163621.44,164.08,164.45,160.62,161.45,162.51,166.95,168.95,169.77,169.63,166.17,162.82,162.06,167.17,169.54,167.05,160.91,155.64,151.79,147.75,143.47,138.23,62.89,160.55,134.02,182.87,15.42,142.9,175.26,10.17,160.55,142.25,2.95,16.19,-2.51,18.3,12.86
2024-10-17,165.92,163.05,166.47,162.91,0.82,2.15,0.8645,1.29,15113356.0,2464232695.8,164.34,164.5,160.82,161.51,162.35,166.66,168.82,169.65,169.55,166.31,162.82,162.06,167.17,169.54,167.05,160.91,155.64,151.79,147.75,143.47,138.23,53.03,160.61,134.02,182.87,15.42,143.33,175.26,10.02,160.61,142.25,1.52,14.62,-3.83,18.36,12.91
2024-10-18,163.41,163.59,164.91,163.29,0.33,0.99,0.7603,1.08,13090983.0,2141553908.97,164.45,164.48,161.26,161.55,162.28,166.36,168.67,169.53,169.53,166.46,164.15,162.04,165.39,169.11,167.51,161.44,156.35,152.36,148.34,144.17,138.95,55.29,160.67,134.23,182.87,15.34,143.54,175.26,9.95,160.67,142.61,1.82,14.71,-3.27,18.06,12.66
2024-10-21,163.12,164.34,164.76,162.84,-0.33,1.17,0.6701,0.9,11383929.0,1870834891.86,164.34,164.39,161.8,161.58,162.24,166.01,168.52,169.4,169.55,166.58,164.15,162.04,165.39,169.11,167.51,161.44,156.35,152.36,148.34,144.17,138.95,59.67,160.72,134.23,182.87,15.34,143.75,175.26,9.88,160.72,142.61,2.25,15.24,-2.82,18.11,12.7
2024-10-22,163.24,165.36,166.01,163.21,-0.05,1.7,0.7052,0.93,11958437.0,1977447142.32,164.32,164.28,162.36,161.55,162.17,165.7,168.41,169.3,169.56,166.71,164.15,162.04,165.39,169.11,167.51,161.44,156.35,152.36,148.34,144.17,138.95,64.78,160.78,134.23,182.66,15.28,144.17,175.05,9.67,160.78,142.61,2.85,15.95,-2.22,18.17,12.74
2024-10-23,164.97,163.02,166.14,162.17,-1.37,2.4,0.7528,1.04,12753845.0,2079131811.9,163.87,164.09,162.77,161.46,162.05,165.36,168.26,169.2,169.53,166.81,164.15,162.04,165.39,169.11,167.51,161.44,156.35,152.36,148.34,144.17,138.95,51.31,160.9,134.87,182.66,15.05,144.81,175.05,9.45,160.9,142.61,1.32,14.31,-3.6,18.29,12.83
2024-10-24,163.13,163.07,163.59,161.31,0.01,1.4,0.7555,0.99,12764372.0,2081486142.04,163.88,163.91,163.07,161.39,161.91,164.99,168.11,169.09,169.5,166.92,164.15,162.04,165.39,169.11,167.51,161.44,156.35,152.36,148.34,144.17,138.95,51.47,160.97,135.08,182.66,14.98,145.23,175.05,9.31,160.97,142.61,1.3,14.35,-3.57,18.36,12.87
2024-10-25,163.9,165.53,165.94,163.77,1.19,1.33,0.8644,1.18,14566281.0,2411156493.93,164.26,163.81,163.36,161.43,161.82,164.72,168.0,168.99,169.48,167.02,164.62,162.29,164.08,168.68,168.01,161.93,157.01,152.87,148.98,144.9,139.64,65.17,161.08,135.5,182.66,14.82,145.86,175.05,9.09,161.08,142.97,2.76,15.78,-1.87,18.11,12.67
2024-10-28,169.13,166.88,169.15,164.33,1.55,2.91,1.2354,1.64,20858200.0,3480816416.0,164.77,164.07,163.67,161.45,161.82,164.47,167.9,168.91,169.44,167.14,164.62,162.29,164.08,168.68,168.01,161.93,157.01,152.87,148.98,144.9,139.64,71.92,161.2,135.71,182.66,14.75,146.5,174.84,8.82,161.2,142.97,3.52,16.72,-1.07,18.23,12.75
2024-10-29,167.92,169.68,170.4,167.2,2.61,1.92,1.7229,1.98,28916106.0,4906484866.08,165.64,164.43,164.03,161.53,162.0,164.25,167.8,168.89,169.44,167.27,164.62,162.29,164.08,168.68,168.01,161.93,157.01,152.87,148.98,144.9,139.64,77.23,161.39,135.92,182.66,14.67,146.92,174.62,8.62,161.39,142.97,5.14,18.68,0.59,18.42,12.88
2024-10-30,180.95,174.68,182.33,174.29,7.15,4.74,2.9218,2.77,49697553.0,8681168558.04,167.97,165.31,164.54,161.75,162.27,164.13,167.75,168.92,169.49,167.44,164.62,162.29,164.08,168.68,168.01,161.93,157.01,152.87,148.98,144.9,139.64,82.49,161.94,136.14,182.45,14.54,147.56,175.68,8.7,161.94,142.97,7.87,22.18,3.55,18.97,13.27
2024-10-31,173.26,171.23,176.96,171.1,5.0,3.35,1.9033,1.29,32801898.0,5616668994.54,169.6,165.94,164.86,161.94,162.47,164.0,167.61,168.9,169.51,167.58,164.62,162.29,164.08,168.68,168.01,161.93,157.01,152.87,148.98,144.9,139.64,75.53,162.2,136.35,182.45,14.46,147.98,175.68,8.56,162.2,142.97,5.57,19.77,1.51,19.23,13.45
2024-11-01,170.08,171.19,172.36,168.85,3.42,2.05,1.2549,0.74,21752697.0,3723844199.43,170.73,166.48,165.12,162.15,162.62,163.91,167.47,168.88,169.53,167.69,166.09,162.83,163.64,168.41,168.65,162.41,157.73,153.47,149.72,145.74,140.51,75.35,162.35,136.35,182.24,14.4,148.19,175.47,8.43,162.35,143.85,5.45,19.01,1.51,18.5,12.86
2024-11-04,169.78,169.22,170.46,168.02,1.4,1.42,0.9318,0.53,16192923.0,2740166430.06,171.2,166.77,165.38,162.28,162.71,163.8,167.29,168.83,169.52,167.79,166.09,162.83,163.64,168.41,168.65,162.41,157.73,153.47,149.72,145.74,140.51,70.89,162.44,136.56,182.24,14.33,148.4,175.47,8.36,162.44,143.85,4.17,17.64,0.34,18.59,12.92
2024-11-05,169.37,169.95,170.64,168.91,0.16,1.02,0.7203,0.42,12518280.0,2127481686.0,171.25,167.07,165.64,162.56,162.84,163.64,167.16,168.76,169.5,167.89,166.09,162.83,163.64,168.41,168.65,162.41,157.73,153.47,149.72,145.74,140.51,72.73,162.53,136.56,182.24,14.33,148.61,175.47,8.29,162.53,143.85,4.57,18.14,0.77,18.68,12.99
2024-11-06,173.89,176.87,177.18,173.58,1.25,2.12,1.5359,1.02,27061510.0,4786369273.7,171.69,167.84,166.15,163.02,163.05,163.58,167.1,168.79,169.53,168.07,166.09,162.83,163.64,168.41,168.65,162.41,157.73,153.47,149.72,145.74,140.51,88.63,162.77,136.77,182.24,14.25,148.82,175.68,8.28,162.77,143.85,8.66,22.95,4.87,18.92,13.15
2024-11-07,177.65,180.82,181.12,177.43,5.6,2.09,0.9548,0.76,16730138.0,3025143553.16,173.61,169.03,166.76,163.56,163.39,163.68,167.05,168.85,169.58,168.26,166.09,162.83,163.64,168.41,168.65,162.41,157.73,153.47,149.72,145.74,140.51,93.63,162.98,136.77,182.24,14.25,148.82,175.89,8.34,162.98,143.85,10.95,25.7,7.22,19.13,13.3
2024-11-08,180.54,178.4,180.89,178.11,4.21,1.54,0.86,0.8,15021434.0,2679823825.6,175.05,170.02,167.25,164.18,163.67,163.83,166.97,168.86,169.59,168.42,168.35,164.33,164.4,168.4,169.35,163.32,158.58,154.17,150.58,146.64,141.46,89.29,163.16,136.98,182.24,14.18,149.04,176.32,8.38,163.16,144.54,9.34,23.43,5.34,18.62,12.88
2024-11-11,178.61,180.51,180.62,178.53,6.67,1.17,0.7188,0.71,12503318.0,2256973932.18,177.31,171.09,167.74,164.9,163.96,164.01,166.86,168.89,169.61,168.58,168.35,164.33,164.4,168.4,169.35,163.32,158.58,154.17,150.58,146.64,141.46,93.12,163.31,136.98,182.03,14.12,149.25,176.53,8.37,163.31,144.54,10.53,24.89,6.59,18.77,12.99
2024-11-12,179.92,181.86,182.56,179.53,7.01,1.68,0.8079,0.84,14065653.0,2557979654.58,179.69,172.19,168.24,165.64,164.21,164.17,166.78,168.95,169.66,168.76,168.35,164.33,164.4,168.4,169.35,163.32,158.58,154.17,150.58,146.64,141.46,94.55,163.5,137.19,182.24,14.1,149.25,176.74,8.43,163.5,144.54,11.23,25.82,7.38,18.96,13.12
2024-11-13,180.69,179.03,181.16,178.66,1.22,1.37,0.8014,0.82,13969556.0,2500969610.68,180.12,173.26,168.68,166.27,164.41,164.29,166.68,168.98,169.71,168.89,168.35,164.33,164.4,168.4,169.35,163.32,158.58,154.17,150.58,146.64,141.46,88.47,163.66,137.19,182.03,14.04,149.46,176.95,8.42,163.66,144.54,9.39,23.86,5.71,19.12,13.23
2024-11-14,178.29,175.89,178.98,174.57,-2.73,2.47,1.0257,1.24,17925760.0,3152961926.4,179.14,174.12,169.01,166.75,164.57,164.35,166.51,168.96,169.72,169.01,168.35,164.33,164.4,168.4,169.35,163.32,158.58,154.17,150.58,146.64,141.46,80.72,163.83,137.4,182.03,13.97,149.67,177.16,8.41,163.83,144.54,7.36,21.69,3.86,19.29,13.35
2024-11-15,174.18,172.43,174.42,171.28,-3.35,1.78,1.2391,1.48,21708764.0,3743242176.52,177.94,174.58,169.19,167.1,164.72,164.37,166.36,168.94,169.69,169.13,170.23,166.52,164.78,167.93,169.97,163.93,159.39,154.89,151.27,147.49,142.41,72.66,163.98,137.62,182.03,13.89,149.88,176.95,8.28,163.98,145.21,5.15,18.75,1.29,18.77,12.93
2024-11-18,173.5,175.34,175.45,172.96,-2.86,1.44,1.0643,1.17,18725411.0,3283313564.74,176.91,175.14,169.61,167.49,164.88,164.49,166.25,168.93,169.69,169.27,170.23,166.52,164.78,167.93,169.97,163.93,159.39,154.89,151.27,147.49,142.41,79.67,164.13,137.62,182.03,13.89,150.09,176.95,8.21,164.13,145.21,6.83,20.75,3.0,18.92,13.03
2024-11-19,173.78,178.12,178.71,173.66,-2.06,2.88,0.8721,0.89,15392864.0,2741776935.68,176.16,175.7,170.07,167.92,165.07,164.74,166.16,168.93,169.74,169.43,170.23,166.52,164.78,167.93,169.97,163.93,159.39,154.89,151.27,147.49,142.41,87.03,164.27,137.83,182.03,13.82,150.3,177.16,8.2,164.27,145.21,8.43,22.66,4.64,19.06,13.13
2024-11-20,177.37,175.87,177.65,173.87,-1.77,2.12,0.8895,0.9,15729304.0,2766312694.48,175.53,175.78,170.54,168.29,165.26,164.97,166.07,168.9,169.77,169.56,170.23,166.52,164.78,167.93,169.97,163.93,159.39,154.89,151.27,147.49,142.41,80.24,164.4,137.83,182.03,13.82,150.3,176.95,8.14,164.4,145.21,6.98,21.11,3.31,19.19,13.22
2024-11-21,174.0,167.78,174.12,163.85,-4.61,5.84,2.1485,2.17,38839358.0,6516467485.24,173.91,175.55,170.75,168.42,165.34,165.08,165.92,168.75,169.73,169.66,170.23,166.52,164.78,167.93,169.97,163.93,159.39,154.89,151.27,147.49,142.41,58.71,164.51,138.04,182.03,13.74,150.52,176.95,8.07,164.51,145.21,1.99,15.54,-1.44,19.3,13.29
2024-11-22,165.7,165.11,166.8,164.25,-4.25,1.52,1.3459,1.11,24496752.0,4044658722.72,172.44,175.15,170.81,168.46,165.4,165.12,165.79,168.57,169.67,169.72,170.53,167.34,164.87,166.67,169.75,164.56,160.0,155.47,151.94,148.1,143.22,48.55,164.55,138.25,181.81,13.61,150.94,176.74,7.87,164.55,145.94,0.34,13.14,-3.18,18.61,12.75
2024-11-25,166.53,167.97,169.0,165.94,-4.2,1.85,1.1724,0.95,21395652.0,3593827666.44,170.97,175.06,170.92,168.61,165.47,165.18,165.68,168.4,169.61,169.78,170.53,167.34,164.87,166.67,169.75,164.56,160.0,155.47,151.94,148.1,143.22,59.85,164.61,138.46,181.81,13.54,151.15,176.74,7.8,164.61,145.94,2.04,15.1,-1.5,18.67,12.79
2024-11-26,168.03,169.16,170.04,167.97,-5.03,1.23,0.8273,0.64,14937048.0,2526751039.68,169.18,175.01,171.04,168.76,165.68,165.27,165.54,168.28,169.55,169.85,170.53,167.34,164.87,166.67,169.75,164.56,160.0,155.47,151.94,148.1,143.22,63.16,164.67,138.67,181.81,13.46,151.57,176.74,7.67,164.67,145.94,2.73,15.91,-0.8,18.73,12.83
2024-11-27,169.22,169.36,169.68,168.21,-3.7,0.87,0.6918,0.54,12433365.0,2105714696.4,167.88,174.51,171.18,168.93,165.9,165.34,165.4,168.16,169.51,169.94,170.53,167.34,164.87,166.67,169.75,164.56,160.0,155.47,151.94,148.1,143.22,64.16,164.75,139.1,181.81,13.31,151.78,176.74,7.6,164.75,145.94,2.8,16.05,-0.69,18.81,12.89
2024-11-29,168.6,169.03,169.41,167.29,0.75,1.25,0.5013,0.4,8965687.0,1515470073.61,168.13,173.72,171.38,169.08,166.1,165.45,165.36,168.0,169.46,169.92,171.23,167.93,165.27,165.87,169.81,165.2,160.74,156.01,152.48,148.7,144.11,62.19,164.81,139.31,181.81,13.24,152.0,176.74,7.53,164.81,146.26,2.56,15.57,-1.29,18.55,12.68
2024-12-02,168.86,171.52,172.14,168.81,3.88,1.97,0.935,1.01,16593422.0,2846103741.44,169.41,173.27,171.64,169.25,166.45,165.59,165.4,167.87,169.41,169.96,171.23,167.93,165.27,165.87,169.81,165.2,160.74,156.01,152.48,148.7,144.11,70.08,164.9,139.52,181.81,13.16,152.21,176.74,7.46,164.9,146.26,4.01,17.27,0.17,18.64,12.74
2024-12-03,171.66,171.56,172.86,171.05,2.14,1.06,0.8963,1.06,15721483.0,2697177623.48,170.13,172.67,171.88,169.38,166.84,165.7,165.45,167.69,169.36,170.01,171.23,167.93,165.27,165.87,169.81,165.2,160.74,156.01,152.48,148.7,144.11,69.64,165.0,139.73,181.81,13.09,152.63,176.53,7.26,165.0,146.26,3.98,17.3,0.19,18.74,12.81
2024-12-04,171.32,174.63,174.97,171.29,3.23,2.15,1.042,1.33,18239744.0,3185206494.72,171.22,172.19,172.19,169.55,167.27,165.81,165.51,167.56,169.36,170.09,171.23,167.93,165.27,165.87,169.81,165.2,160.74,156.01,152.48,148.7,144.11,78.02,165.12,139.94,181.81,13.01,152.84,176.53,7.19,165.12,146.26,5.76,19.4,1.98,18.86,12.89
2024-12-05,175.86,172.85,176.25,172.55,2.06,2.12,0.9249,1.12,16145283.0,2790712166.55,171.92,171.77,172.52,169.71,167.64,165.88,165.54,167.4,169.33,170.13,171.23,167.93,165.27,165.87,169.81,165.2,160.74,156.01,152.48,148.7,144.11,72.4,165.26,140.15,181.6,12.88,153.05,176.53,7.12,165.26,146.26,4.59,18.18,0.94,19.0,12.99
2024-12-06,172.42,175.03,175.38,172.09,3.55,1.9,0.7686,0.88,13319358.0,2331287230.74,173.12,171.72,172.92,169.92,167.99,166.0,165.58,167.25,169.31,170.18,172.0,169.05,165.89,165.73,170.03,166.17,161.43,156.65,153.17,149.34,144.93,78.84,165.37,140.37,181.6,12.81,153.27,176.53,7.05,165.37,146.79,5.84,19.24,1.76,18.58,12.66
2024-12-09,174.46,175.84,176.78,174.14,2.52,1.51,1.1442,1.24,19887083.0,3496944674.72,173.98,171.94,173.26,170.11,168.31,166.16,165.63,167.16,169.32,170.23,172.0,169.05,165.89,165.73,170.03,166.17,161.43,156.65,153.17,149.34,144.93,82.05,165.53,140.58,181.6,12.73,153.69,176.53,6.92,165.53,146.79,6.23,19.79,2.23,18.74,12.77
2024-12-10,183.28,185.27,186.77,181.41,7.99,3.05,1.9369,2.06,34317308.0,6357967653.16,176.72,172.61,173.87,170.61,168.77,166.42,165.84,167.16,169.39,170.33,172.0,169.05,165.89,165.73,170.03,166.17,161.43,156.65,153.17,149.34,144.93,97.54,165.97,140.79,183.08,13.06,153.9,177.16,7.03,165.97,146.79,11.63,26.21,7.72,19.18,13.07
2024-12-11,185.44,195.45,195.63,185.0,11.92,5.74,2.2879,2.04,41664348.0,8143296816.6,180.89,173.76,174.73,171.3,169.38,166.81,166.25,167.24,169.53,170.5,172.0,169.05,165.89,165.73,170.03,166.17,161.43,156.65,153.17,149.34,144.93,99.96,166.66,141.0,185.2,13.55,154.53,178.43,7.18,166.66,146.79,17.27,33.15,13.63,19.87,13.54
2024-12-12,195.04,192.37,195.45,192.02,11.29,1.75,1.3731,1.01,25197668.0,4847275393.16,184.79,174.86,175.32,171.98,169.93,167.18,166.62,167.33,169.64,170.65,172.0,169.05,165.89,165.73,170.03,166.17,161.43,156.65,153.17,149.34,144.93,97.3,167.1,141.21,186.89,13.92,154.96,179.06,7.22,167.1,146.79,15.12,31.05,11.84,20.31,13.84
2024-12-13,191.45,190.12,193.08,190.0,8.62,1.6,1.0277,0.7,18883013.0,3590038431.56,187.81,176.35,175.95,172.61,170.4,167.54,166.96,167.41,169.7,170.8,174.34,171.35,167.67,166.89,170.52,167.56,162.45,157.57,154.05,150.18,145.89,95.38,167.45,141.42,189.64,14.56,155.38,179.49,7.2,167.45,147.96,13.54,28.49,9.05,19.49,13.17
2024-12-16,193.1,196.9,199.38,192.85,11.98,3.43,1.7779,1.15,32248209.0,6349672352.1,192.02,178.47,176.81,173.37,170.97,168.01,167.35,167.6,169.81,170.98,174.34,171.35,167.67,166.89,170.52,167.56,162.45,157.57,154.05,150.18,145.89,99.28,168.05,141.63,191.75,15.03,155.8,180.33,7.3,168.05,147.96,17.17,33.08,12.94,20.09,13.58
2024-12-17,197.27,195.86,201.62,195.43,5.72,3.14,1.32,0.79,24129470.0,4725997994.2,194.14,180.33,177.7,174.05,171.54,168.44,167.7,167.77,169.9,171.16,174.34,171.35,167.67,166.89,170.52,167.56,162.45,157.57,154.05,150.18,145.89,97.41,168.5,141.85,193.23,15.34,156.23,181.39,7.45,168.5,147.96,16.24,32.37,12.34,20.54,13.88
2024-12-18,195.57,188.89,197.43,188.02,-3.36,4.8,1.4998,0.97,27638276.0,5220593953.64,192.83,181.65,178.33,174.58,171.98,168.87,168.0,167.84,169.95,171.27,174.34,171.35,167.67,166.89,170.52,167.56,162.45,157.57,154.05,150.18,145.89,90.09,168.92,142.27,193.44,15.24,156.44,182.45,7.68,168.92,147.96,11.82,27.66,8.34,20.96,14.17
2024-12-19,192.02,188.44,193.34,188.26,-2.04,2.69,1.4467,1.05,26980953.0,5084290783.32,192.04,182.92,178.71,175.09,172.43,169.3,168.27,167.9,170.0,171.37,174.34,171.35,167.67,166.89,170.52,167.56,162.45,157.57,154.05,150.18,145.89,88.42,169.27,142.48,193.44,15.17,156.65,183.72,7.95,169.27,147.96,11.33,27.36,8.09,21.31,14.4
2024-12-20,185.75,191.7,192.88,185.11,0.83,4.12,2.3725,1.74,45319326.0,8687714794.2,192.36,184.43,179.08,175.73,172.92,169.76,168.62,168.08,170.06,171.48,178.2,174.21,170.41,168.14,171.1,168.84,163.57,158.74,154.99,151.06,146.88,92.63,169.83,142.9,193.23,14.97,157.07,185.83,8.39,169.83,149.3,12.88,28.4,7.58,20.53,13.75
2024-12-23,192.77,194.73,195.23,190.37,-1.1,2.54,0.7965,0.49,15235918.0,2966890312.14,191.92,185.98,179.62,176.42,173.43,170.35,168.99,168.34,170.13,171.6,178.2,174.21,170.41,168.14,171.1,168.84,163.57,158.74,154.99,151.06,146.88,96.58,170.05,143.11,193.66,15.01,157.07,187.1,8.73,170.05,149.3,14.51,30.43,9.28,20.75,13.9
2024-12-24,194.91,196.31,196.41,193.94,0.23,1.27,0.337,0.23,6403241.0,1257020240.71,192.01,187.63,180.15,177.13,173.94,171.0,169.36,168.62,170.18,171.72,178.2,174.21,170.41,168.14,171.1,168.84,163.57,158.74,154.99,151.06,146.88,97.92,170.16,143.33,193.87,14.99,157.07,187.74,8.89,170.16,149.3,15.37,31.49,10.16,20.86,13.97
2024-12-26,195.48,195.84,196.9,194.61,3.68,1.17,0.4207,0.33,7918190.0,1550698329.6,193.4,189.04,180.61,177.81,174.43,171.63,169.68,168.87,170.24,171.85,178.2,174.21,170.41,168.14,171.1,168.84,163.57,158.74,154.99,151.06,146.88,97.23,170.29,143.33,194.29,15.1,157.28,188.37,8.99,170.29,149.3,15.0,31.17,9.9,20.99,14.06
2024-12-27,195.21,192.78,195.54,190.71,2.3,2.47,0.7793,0.72,14692994.0,2832515383.32,194.27,190.37,181.07,178.47,174.87,172.19,169.96,169.09,170.27,171.98,183.73,177.13,172.81,169.59,171.79,169.92,164.58,159.81,155.9,151.94,147.84,92.5,170.5,143.54,194.29,15.02,157.28,188.79,9.1,170.5,149.76,13.07,28.73,4.92,20.74,13.85
2024-12-30,189.6,191.43,192.52,189.1,-0.14,1.77,0.6468,0.68,12209156.0,2337198733.08,194.22,191.46,181.59,179.1,175.3,172.69,170.24,169.28,170.28,172.1,183.73,177.13,172.81,169.59,171.79,169.92,164.58,159.81,155.9,151.94,147.84,89.85,170.68,143.96,194.29,14.88,157.49,189.22,9.15,170.68,149.76,12.16,27.82,4.19,20.92,13.97
2024-12-31,191.18,189.18,191.99,188.32,-2.85,1.92,0.7586,1.27,14355157.0,2715708601.26,193.11,192.35,182.15,179.62,175.67,173.12,170.53,169.45,170.31,172.18,183.73,177.13,172.81,169.59,171.79,169.92,164.58,159.81,155.9,151.94,147.84,84.37,170.86,144.17,194.29,14.81,157.49,189.43,9.2,170.86,149.76,10.72,26.32,2.97,21.1,14.09
2025-01-02,190.22,189.37,191.94,187.45,-3.54,2.37,0.9243,1.58,17545120.0,3322519374.4,191.72,192.62,182.62,180.12,176.11,173.54,170.79,169.67,170.34,172.27,183.73,177.13,172.81,169.59,171.79,169.92,164.58,159.81,155.9,151.94,147.84,84.37,171.07,144.81,194.08,14.54,157.71,189.64,9.19,171.07,149.76,10.7,26.45,3.07,21.31,14.23
2025-01-03,191.46,191.87,193.24,190.09,-2.03,1.66,0.6776,0.96,12874937.0,2470314162.19,190.93,192.39,183.07,180.62,176.57,173.98,171.07,169.98,170.39,172.41,188.3,179.77,174.72,171.03,172.38,170.95,165.49,160.8,156.72,152.82,148.77,90.68,171.25,145.02,194.08,14.47,157.92,189.85,9.18,171.25,150.3,12.04,27.66,1.9,20.95,13.94
2025-01-06,193.89,196.7,198.3,193.8,2.03,2.35,1.0255,1.36,19483313.0,3832367667.1,191.71,192.67,183.77,181.11,177.16,174.48,171.43,170.34,170.49,172.57,188.3,179.77,174.72,171.03,172.38,170.95,165.49,160.8,156.72,152.82,148.77,98.0,171.55,145.44,194.93,14.54,158.13,190.27,9.23,171.55,150.3,14.66,30.87,4.46,21.25,14.14
2025-01-07,197.01,195.45,200.88,194.68,2.1,3.15,0.8899,1.11,16966736.0,3316148551.2,192.51,193.03,184.69,181.64,177.72,174.93,171.79,170.69,170.62,172.73,188.3,179.77,174.72,171.03,172.38,170.95,165.49,160.8,156.72,152.82,148.77,95.12,171.82,145.86,195.35,14.5,158.34,190.48,9.21,171.82,150.3,13.75,30.04,3.8,21.52,14.32
2025-01-08,192.69,194.13,196.38,192.49,2.62,1.99,0.7496,0.88,14334778.0,2782810453.14,193.5,192.85,185.66,182.15,178.24,175.34,172.15,170.99,170.75,172.86,188.3,179.77,174.72,171.03,172.38,170.95,165.49,160.8,156.72,152.82,148.77,92.68,172.03,146.07,195.35,14.43,158.34,190.7,9.27,172.03,150.3,12.85,29.16,3.1,21.73,14.46
2025-01-10,194.16,191.91,196.36,190.34,1.34,3.1,1.0752,1.28,20753736.0,3982849475.76,194.01,192.58,186.46,182.66,178.69,175.75,172.47,171.26,170.87,172.98,191.68,181.84,176.59,172.33,172.88,171.95,166.29,161.75,157.52,153.73,149.75,87.29,172.29,146.5,195.35,14.29,158.55,191.12,9.31,172.29,151.05,11.39,27.05,0.12,21.24,14.06
2025-01-13,190.09,191.03,191.23,187.4,-0.44,2.0,0.6832,0.78,13169036.0,2515680947.08,193.84,192.72,187.18,183.13,179.11,176.13,172.85,171.53,170.95,173.07,191.68,181.84,176.59,172.33,172.88,171.95,166.29,161.75,157.52,153.73,149.75,84.86,172.44,146.71,195.35,14.22,158.76,191.12,9.25,172.44,151.05,10.78,26.47,-0.34,21.39,14.16
2025-01-14,191.24,189.79,192.01,188.38,-3.51,1.9,0.706,0.81,13651183.0,2590858021.57,192.46,192.81,187.87,183.41,179.52,176.51,173.22,171.78,171.01,173.18,191.68,181.84,176.59,172.33,172.88,171.95,166.29,161.75,157.52,153.73,149.75,80.67,172.6,146.92,195.35,14.15,158.76,191.12,9.25,172.6,151.05,9.96,25.65,-0.98,21.55,14.27
2025-01-15,193.09,195.72,196.54,192.07,0.14,2.36,0.6682,0.82,12894819.0,2523773974.68,192.52,193.08,188.76,183.75,180.07,176.95,173.65,172.11,171.21,173.32,191.68,181.84,176.59,172.33,172.88,171.95,166.29,161.75,157.52,153.73,149.75,95.46,172.78,147.13,195.56,14.13,158.97,191.33,9.24,172.78,151.05,13.28,29.57,2.11,21.73,14.39
2025-01-16,194.56,193.15,195.72,193.04,-0.5,1.37,0.6967,0.9,13449461.0,2597763392.15,192.32,192.98,189.48,184.07,180.56,177.34,174.12,172.41,171.42,173.43,191.68,181.84,176.59,172.33,172.88,171.95,166.29,161.75,157.52,153.73,149.75,89.26,172.97,147.34,195.35,14.01,158.97,191.54,9.29,172.97,151.05,11.67,27.87,0.77,21.92,14.51
2025-01-17,196.79,196.29,197.55,194.05,2.28,1.81,1.1348,1.5,22109129.0,4339800931.41,193.2,192.98,190.3,184.42,181.09,177.75,174.66,172.73,171.66,173.55,192.91,183.63,178.54,173.98,173.47,172.92,167.38,162.75,158.38,154.71,150.75,96.52,173.28,147.77,195.77,13.97,159.19,191.75,9.28,173.28,151.78,13.28,29.33,1.75,21.5,14.17
2025-01-21,199.25,198.37,202.58,198.18,3.84,2.24,0.9696,1.26,19005197.0,3770060928.89,194.66,193.14,191.09,184.79,181.64,178.17,175.21,173.03,171.9,173.7,192.91,183.63,178.54,173.98,173.47,172.92,167.38,162.75,158.38,154.71,150.75,98.42,173.59,147.98,196.19,14.01,159.4,192.18,9.32,173.59,151.78,14.28,30.7,2.83,21.81,14.37
2025-01-22,199.29,198.77,200.86,197.94,4.73,1.47,0.7878,0.95,15477357.0,3076434250.89,196.46,193.54,191.96,185.23,182.24,178.61,175.75,173.33,172.14,173.85,192.91,183.63,178.54,173.98,173.47,172.92,167.38,162.75,158.38,154.71,150.75,98.24,173.82,148.19,196.41,13.99,159.61,192.39,9.31,173.82,151.78,14.35,30.96,3.04,22.04,14.52
2025-01-23,198.72,198.32,200.68,195.56,1.33,2.58,0.7706,0.91,15170725.0,3008658182.0,196.98,194.0,192.73,185.73,182.82,179.04,176.24,173.64,172.37,173.99,192.91,183.63,178.54,173.98,173.47,172.92,167.38,162.75,158.38,154.71,150.75,97.31,174.05,148.19,196.83,14.1,159.61,192.81,9.42,174.05,151.78,13.94,30.66,2.8,22.27,14.67
2025-01-24,198.59,200.64,201.31,198.52,3.88,1.4,0.6478,0.75,12732376.0,2554623920.64,198.48,194.77,193.56,186.35,183.41,179.49,176.73,173.99,172.62,174.17,194.7,186.45,181.04,176.48,174.1,174.09,168.43,163.9,159.4,155.67,151.82,99.66,174.25,148.4,197.25,14.13,159.82,193.02,9.41,174.25,152.45,15.14,31.61,3.05,21.8,14.3
2025-01-27,192.93,192.51,197.41,191.44,-1.93,2.98,1.2659,1.48,24969932.0,4806961609.32,197.72,194.98,193.8,186.74,183.84,179.88,177.11,174.24,172.83,174.28,194.7,186.45,181.04,176.48,174.1,174.09,168.43,163.9,159.4,155.67,151.82,82.78,174.54,148.4,197.04,14.08,160.24,193.23,9.33,174.54,152.45,10.3,26.28,-1.12,22.09,14.49
2025-01-28,193.39,195.81,195.97,191.35,-1.29,2.4,0.817,0.91,15939134.0,3121041828.54,197.21,195.24,193.81,187.13,184.27,180.3,177.52,174.53,173.14,174.39,194.7,186.45,181.04,176.48,174.1,174.09,168.43,163.9,159.4,155.67,151.82,92.1,174.74,148.4,197.04,14.08,160.46,193.44,9.32,174.74,152.45,12.06,28.44,0.57,22.29,14.62
2025-01-29,196.11,195.92,197.2,193.93,-1.43,1.67,0.6506,0.73,12286567.0,2407184206.64,196.64,195.19,193.93,187.57,184.63,180.76,177.93,174.82,173.45,174.5,194.7,186.45,181.04,176.48,174.1,174.09,168.43,163.9,159.4,155.67,151.82,91.85,174.91,148.4,197.04,14.08,160.67,193.66,9.31,174.91,152.45,12.01,28.51,0.63,22.46,14.73
2025-01-30,198.5,201.37,201.98,198.21,1.54,1.92,0.7842,0.9,14571454.0,2934253691.98,197.25,195.58,194.31,188.32,185.13,181.29,178.37,175.19,173.8,174.62,194.7,186.45,181.04,176.48,174.1,174.09,168.43,163.9,159.4,155.67,151.82,99.78,175.2,148.82,197.67,14.1,161.09,194.08,9.29,175.2,152.45,14.94,32.09,3.43,22.75,14.92
2025-01-31,202.46,204.34,205.82,202.32,1.84,1.74,0.9235,1.06,17087330.0,3491625012.2,197.99,196.26,194.55,189.19,185.68,181.84,178.83,175.6,174.15,174.76,197.01,190.37,183.76,178.86,174.57,174.9,169.72,165.06,160.46,156.74,152.8,99.57,175.53,149.04,198.52,14.24,161.3,194.29,9.28,175.53,153.36,16.41,33.24,3.72,22.17,14.46
2025-02-03,200.96,201.38,203.96,200.4,4.61,1.74,0.9032,0.99,16719145.0,3366901420.1,199.76,196.89,194.74,189.94,186.22,182.33,179.27,175.96,174.46,174.86,197.01,190.37,183.76,178.86,174.57,174.9,169.72,165.06,160.46,156.74,152.8,98.07,175.85,149.25,198.94,14.27,161.51,194.5,9.27,175.85,153.36,14.52,31.31,2.22,22.49,14.66
2025-02-04,203.24,206.45,207.44,203.0,5.43,2.2,1.5066,1.85,28285313.0,5839502868.85,201.89,197.92,195.32,190.76,186.83,182.87,179.76,176.43,174.83,175.03,197.01,190.37,183.76,178.86,174.57,174.9,169.72,165.06,160.46,156.74,152.8,99.63,176.38,149.46,200.21,14.51,161.51,195.14,9.43,176.38,153.36,17.05,34.62,4.79,23.02,15.01
2025-02-05,191.84,192.04,193.29,188.65,-1.98,2.25,2.2947,2.46,43719589.0,8395909871.56,201.12,198.07,195.44,191.27,187.08,183.23,180.1,176.77,175.06,175.09,197.01,190.37,183.76,178.86,174.57,174.9,169.72,165.06,160.46,156.74,152.8,76.49,176.79,149.88,200.0,14.32,161.72,194.93,9.31,176.79,153.36,8.63,25.22,-2.52,23.43,15.28
2025-02-06,189.73,192.05,192.57,189.23,-4.63,1.74,1.0887,0.86,20816582.0,3997824573.1,199.25,197.83,195.46,191.78,187.27,183.62,180.43,177.1,175.33,175.14,197.01,190.37,183.76,178.86,174.57,174.9,169.72,165.06,160.46,156.74,152.8,76.58,176.99,150.09,200.0,14.26,161.94,194.93,9.24,176.99,153.36,8.51,25.23,-2.52,23.63,15.41
2025-02-07,191.48,185.88,191.76,183.84,-9.03,4.12,1.5269,1.17,29565500.0,5495635140.0,195.56,197.34,195.16,192.1,187.39,183.92,180.68,177.44,175.53,175.14,195.81,192.06,185.11,179.99,174.6,175.37,170.57,165.96,161.16,157.43,153.52,62.45,177.18,150.3,200.0,14.19,161.94,194.71,9.19,177.18,154.61,4.91,20.23,-5.07,22.57,14.6
2025-02-10,187.8,186.94,188.73,186.35,-7.17,1.28,0.8546,0.6,16606020.0,3104329378.8,192.67,196.72,194.85,192.44,187.5,184.22,180.91,177.81,175.73,175.12,195.81,192.06,185.11,179.99,174.6,175.37,170.57,165.96,161.16,157.43,153.52,63.02,177.31,150.3,200.0,14.19,162.15,194.71,9.13,177.31,154.61,5.43,20.91,-4.53,22.7,14.68
2025-02-11,185.58,185.81,187.54,184.82,-10.0,1.46,0.6711,0.47,13028022.0,2420736767.82,188.54,195.88,194.51,192.69,187.56,184.49,181.12,178.17,175.89,175.1,195.81,192.06,185.11,179.99,174.6,175.37,170.57,165.96,161.16,157.43,153.52,61.34,177.39,150.52,199.79,14.07,162.15,194.71,9.13,177.39,154.61,4.75,20.18,-5.11,22.78,14.73
2025-02-12,183.97,184.17,185.57,182.37,-4.1,1.72,0.9054,0.71,17632314.0,3247343269.38,186.97,194.91,194.23,192.94,187.65,184.77,181.32,178.49,176.03,175.06,195.81,192.06,185.11,179.99,174.6,175.37,170.57,165.96,161.16,157.43,153.52,59.54,177.48,150.73,199.79,14.0,162.15,194.71,9.13,177.48,154.61,3.77,19.12,-5.95,22.87,14.79
2025-02-13,184.67,186.62,186.73,183.62,-2.83,1.69,0.6565,0.65,12729328.0,2375547191.36,185.88,194.13,194.07,193.2,187.83,185.09,181.56,178.8,176.2,175.04,195.81,192.06,185.11,179.99,174.6,175.37,170.57,165.96,161.16,157.43,153.52,63.1,177.56,150.94,199.79,13.93,162.36,194.71,9.06,177.56,154.61,5.1,20.7,-4.69,22.95,14.84
2025-02-14,185.57,185.61,186.89,184.85,-0.15,1.09,0.6609,0.71,12714138.0,2359871154.18,185.83,193.13,193.95,193.42,188.05,185.35,181.76,179.07,176.38,175.04,194.55,193.11,186.08,181.08,174.86,175.8,171.56,166.71,161.86,158.16,154.2,60.88,177.66,151.36,199.79,13.79,162.36,194.5,9.01,177.66,155.13,4.47,19.65,-4.6,22.53,14.52
2025-02-18,186.18,184.54,186.52,182.32,-1.28,2.26,1.028,1.36,19795426.0,3653047914.04,185.35,192.6,193.79,193.4,188.2,185.59,182.0,179.33,176.54,175.03,194.55,193.11,186.08,181.08,174.86,175.8,171.56,166.71,161.86,158.16,154.2,58.78,177.77,151.78,199.79,13.65,162.36,194.5,9.01,177.77,155.13,3.81,18.96,-5.15,22.64,14.59
2025-02-19,184.92,185.87,186.1,184.24,0.03,1.01,0.6827,0.86,13120458.0,2438699528.46,185.36,191.93,193.59,193.19,188.33,185.8,182.24,179.58,176.7,175.03,194.55,193.11,186.08,181.08,174.86,175.8,171.56,166.71,161.86,158.16,154.2,62.52,177.86,152.21,199.79,13.52,162.57,194.5,8.94,177.86,155.13,4.5,19.82,-4.46,22.73,14.65
2025-02-20,185.24,185.38,185.86,183.34,0.66,1.36,0.6297,0.79,12063454.0,2236323102.52,185.6,191.23,193.21,193.03,188.49,185.95,182.51,179.83,176.87,175.04,194.55,193.11,186.08,181.08,174.86,175.8,171.56,166.71,161.86,158.16,154.2,60.45,177.93,152.42,199.79,13.45,162.57,194.5,8.94,177.93,155.13,4.19,19.5,-4.71,22.8,14.7
2025-02-21,186.03,180.32,186.21,179.87,-3.38,3.42,1.0364,1.39,19520761.0,3519983623.52,184.34,189.83,192.7,192.81,188.7,186.07,182.71,180.01,177.02,175.03,191.36,192.13,186.2,181.74,175.3,175.92,172.47,167.39,162.51,158.81,154.84,52.7,178.01,152.84,199.58,13.26,162.57,194.5,8.94,178.01,155.56,1.3,15.92,-6.15,22.45,14.43
2025-02-24,182.54,179.93,183.83,179.62,-3.06,2.33,0.9997,1.21,18733628.0,3370741686.04,183.21,188.2,192.23,192.44,188.94,186.18,182.9,180.17,177.17,175.05,191.36,192.13,186.2,181.74,175.3,175.92,172.47,167.39,162.51,158.81,154.84,51.93,178.07,153.05,199.58,13.19,162.57,194.29,8.89,178.07,155.56,1.04,15.67,-6.35,22.51,14.47
2025-02-25,178.9,176.11,179.5,175.51,-4.57,2.22,1.1123,1.25,20832353.0,3668785686.83,181.52,186.51,191.7,192.0,189.08,186.28,183.03,180.31,177.28,175.04,191.36,192.13,186.2,181.74,175.3,175.92,172.47,167.39,162.51,158.81,154.84,46.16,178.11,153.48,199.58,13.06,162.78,194.29,8.82,178.11,155.56,-1.12,13.21,-8.34,22.55,14.5
2025-02-26,175.68,173.44,176.82,172.33,-6.69,2.55,1.2552,1.41,23693102.0,4109331610.88,179.04,184.31,191.12,191.65,189.15,186.32,183.11,180.41,177.41,174.98,191.36,192.13,186.2,181.74,175.3,175.92,172.47,167.39,162.51,158.81,154.84,39.06,178.09,153.69,199.58,12.99,162.78,194.29,8.82,178.09,155.56,-2.61,11.49,-9.73,22.53,14.48
2025-02-27,174.68,168.95,175.33,168.49,-8.86,3.94,1.3576,1.37,25930485.0,4380955440.75,175.75,182.77,190.42,191.22,189.14,186.22,183.16,180.48,177.52,174.9,191.36,192.13,186.2,181.74,175.3,175.92,172.47,167.39,162.51,158.81,154.84,29.76,178.04,153.9,199.37,12.87,162.99,194.08,8.71,178.04,155.56,-5.11,8.61,-12.07,22.48,14.45
2025-02-28,169.04,170.96,171.24,167.13,-5.19,2.43,1.5448,1.38,30049764.0,5137307653.44,173.88,181.37,189.6,190.76,189.18,186.09,183.24,180.57,177.64,174.88,185.42,190.06,186.11,182.14,175.44,175.84,173.09,167.98,163.21,159.37,155.39,35.05,177.96,154.32,199.37,12.74,162.99,194.08,8.71,177.96,156.1,-3.93,9.52,-10.05,21.86,14.0
2025-03-03,172.47,167.4,173.74,166.38,-6.96,4.31,1.2321,1.01,24121927.0,4038010579.8,171.37,180.14,188.74,190.15,189.11,185.94,183.29,180.6,177.78,174.88,185.42,190.06,186.11,182.14,175.44,175.84,173.09,167.98,163.21,159.37,155.39,25.61,177.89,154.75,199.37,12.6,163.2,193.87,8.59,177.89,156.1,-5.9,7.24,-11.92,21.79,13.96
2025-03-04,166.68,171.35,173.9,166.28,-2.7,4.55,1.5489,1.23,30710815.0,5262298150.25,170.42,179.1,187.91,189.6,189.1,185.82,183.36,180.65,177.97,174.91,185.42,190.06,186.11,182.14,175.44,175.84,173.09,167.98,163.21,159.37,155.39,36.98,177.84,155.38,199.37,12.4,163.2,193.87,8.59,177.84,156.1,-3.65,9.77,-9.84,21.74,13.93
2025-03-05,171.06,173.73,174.49,169.67,0.17,2.81,0.9501,0.7,18848016.0,3274465819.68,170.48,178.29,187.09,189.11,189.09,185.71,183.46,180.72,178.18,174.94,185.42,190.06,186.11,182.14,175.44,175.84,173.09,167.98,163.21,159.37,155.39,43.13,177.84,155.59,199.15,12.28,163.42,193.87,8.52,177.84,156.1,-2.31,11.29,-8.59,21.74,13.93
2025-03-06,171.29,172.95,175.47,171.25,2.37,2.43,0.9595,0.74,19082048.0,3300240201.6,171.28,177.54,186.23,188.67,189.09,185.63,183.57,180.78,178.37,174.96,185.42,190.06,186.11,182.14,175.44,175.84,173.09,167.98,163.21,159.37,155.39,41.36,177.84,155.8,199.15,12.21,163.42,193.66,8.47,177.84,156.1,-2.75,10.79,-9.0,21.74,13.93
2025-03-07,171.98,174.49,175.64,170.99,2.06,2.69,0.8223,0.67,16395235.0,2860804555.15,171.98,176.74,185.43,188.29,189.08,185.61,183.69,180.87,178.54,174.98,179.45,188.23,186.73,182.68,175.8,175.9,173.58,168.52,163.87,159.94,155.97,45.9,177.84,156.01,199.15,12.15,163.63,193.66,8.4,177.84,156.47,-1.88,11.52,-7.3,21.37,13.66
2025-03-10,169.1,166.75,169.39,164.5,-0.39,2.8,1.443,1.33,28989848.0,4834057154.0,171.85,175.48,184.3,187.79,188.93,185.53,183.71,180.86,178.62,174.95,179.45,188.23,186.73,182.68,175.8,175.9,173.58,168.52,163.87,159.94,155.97,23.11,177.71,156.44,199.15,12.01,163.63,193.66,8.4,177.71,156.47,-6.17,6.57,-11.41,21.24,13.57
2025-03-11,165.62,164.92,167.6,162.18,-3.75,3.25,1.1904,1.04,23704945.0,3909419529.4,170.57,174.17,183.38,187.25,188.59,185.39,183.69,180.88,178.68,174.94,179.45,188.23,186.73,182.68,175.8,175.9,173.58,168.52,163.87,159.94,155.97,18.45,177.59,156.65,199.15,11.95,163.63,193.44,8.35,177.59,156.47,-7.13,5.4,-12.38,21.12,13.5
2025-03-12,167.41,167.94,168.47,164.42,-3.33,2.46,1.0169,0.93,19879852.0,3338622344.88,169.41,172.97,182.45,186.72,188.13,185.26,183.67,180.92,178.76,175.0,179.45,188.23,186.73,182.68,175.8,175.9,173.58,168.52,163.87,159.94,155.97,27.93,177.5,156.65,198.94,11.89,163.84,193.44,8.29,177.5,156.47,-5.39,7.33,-10.78,21.03,13.44
2025-03-13,166.92,163.67,167.06,163.01,-5.37,2.41,0.7845,0.7,15206009.0,2488767493.03,167.55,171.53,181.38,185.98,187.65,185.1,183.54,180.94,178.79,175.03,179.45,188.23,186.73,182.68,175.8,175.9,173.58,168.52,163.87,159.94,155.97,14.75,177.42,156.86,198.94,11.83,163.84,193.44,8.29,177.42,156.47,-7.75,4.6,-13.05,20.95,13.39
2025-03-14,164.26,166.56,167.19,163.45,-4.54,2.29,0.9604,0.89,18611094.0,3099863816.64,165.97,170.61,180.22,185.34,187.26,185.08,183.49,180.98,178.83,175.08,175.59,185.7,186.57,182.73,175.92,175.71,173.9,168.86,164.36,160.34,156.48,24.42,177.35,157.07,198.94,11.76,163.84,193.23,8.23,177.35,156.7,-6.08,6.29,-10.72,20.65,13.18
2025-03-17,166.26,165.51,167.4,164.75,-0.74,1.59,0.9321,0.84,17839139.0,2952555895.89,165.72,169.65,178.92,184.7,186.74,185.09,183.43,181.01,178.85,175.1,175.59,185.7,186.57,182.73,175.92,175.71,173.9,168.86,164.36,160.34,156.48,20.14,177.29,157.28,198.94,11.69,164.05,193.23,8.17,177.29,156.7,-6.64,5.62,-11.29,20.59,13.14
2025-03-18,164.9,161.61,165.38,157.74,-2.01,4.62,1.2857,1.29,24616242.0,3978230869.62,165.06,168.68,177.6,184.03,186.17,185.0,183.34,180.98,178.85,175.09,175.59,185.7,186.57,182.73,175.92,175.71,173.9,168.86,164.36,160.34,156.48,9.05,177.13,157.49,198.94,11.63,163.63,193.23,8.3,177.13,156.7,-8.76,3.13,-13.38,20.43,13.04
2025-03-19,162.85,165.22,167.07,161.99,-1.62,3.15,1.3065,1.3,24955717.0,4123183562.74,164.51,168.13,176.22,183.46,185.77,184.95,183.29,180.97,178.88,175.11,175.59,185.7,186.57,182.73,175.92,175.71,173.9,168.86,164.36,160.34,156.48,20.65,176.98,157.71,198.73,11.51,163.63,193.02,8.24,176.98,156.7,-6.64,5.44,-11.44,20.28,12.94
2025-03-20,162.76,163.99,165.97,162.08,0.2,2.35,1.0525,0.99,19981192.0,3276715676.08,164.58,167.8,175.29,182.88,185.37,184.88,183.15,180.96,178.9,175.11,175.59,185.7,186.57,182.73,175.92,175.71,173.9,168.86,164.36,160.34,156.48,16.05,176.85,157.92,198.73,11.44,163.63,193.02,8.24,176.85,156.7,-7.27,4.65,-12.1,20.15,12.86
2025-03-21,162.32,165.19,165.41,161.97,-0.82,2.1,1.5956,1.41,29881343.0,4936099050.17,164.3,167.42,174.39,182.2,184.92,184.83,182.98,180.98,178.92,175.14,171.5,183.03,185.91,182.43,175.9,175.42,174.16,169.08,164.79,160.71,156.99,22.64,176.65,158.13,198.73,11.38,163.63,192.81,8.19,176.65,156.87,-6.49,5.3,-11.15,19.78,12.61
2025-03-24,168.2,168.87,169.44,166.38,2.03,1.85,0.9977,0.8,18742838.0,3165103053.06,164.98,167.52,173.83,181.67,184.49,184.79,182.87,181.03,178.96,175.19,171.5,183.03,185.91,182.43,175.9,175.42,174.16,169.08,164.79,160.71,156.99,35.96,176.58,158.34,198.73,11.31,163.63,192.81,8.19,176.58,156.87,-4.37,7.65,-9.17,19.71,12.56
2025-03-25,170.12,171.73,171.85,169.49,6.26,1.4,0.7319,0.59,13841221.0,2376952882.33,167.0,167.54,173.32,181.12,184.08,184.79,182.77,181.1,179.01,175.25,171.5,183.03,185.91,182.43,175.9,175.42,174.16,169.08,164.79,160.71,156.99,45.07,176.55,158.34,198.52,11.26,163.63,192.81,8.19,176.55,156.87,-2.73,9.47,-7.63,19.68,12.55
2025-03-26,170.24,166.08,170.88,165.8,0.52,2.96,1.1775,1.05,22553897.0,3745751213.76,167.17,167.03,172.66,180.4,183.59,184.68,182.6,181.11,179.01,175.24,171.5,183.03,185.91,182.43,175.9,175.42,174.16,169.08,164.79,160.71,156.99,26.07,176.46,158.55,198.52,11.19,163.84,192.6,8.07,176.46,156.87,-5.88,5.87,-10.67,19.59,12.49
2025-03-27,165.65,163.02,166.38,162.79,-0.59,2.16,1.1195,1.03,21571122.0,3516524308.44,166.98,166.37,171.96,179.61,183.09,184.55,182.42,181.11,178.98,175.21,171.5,183.03,185.91,182.43,175.9,175.42,174.16,169.08,164.79,160.71,156.99,12.17,176.32,158.76,198.52,11.13,163.63,192.6,8.13,176.32,156.87,-7.54,3.92,-12.31,19.45,12.4
2025-03-28,161.3,155.0,162.75,154.28,-6.17,5.2,1.7747,1.64,34866284.0,5404274020.0,164.94,165.07,170.9,178.64,182.48,184.28,182.19,181.03,178.89,175.14,166.44,178.9,183.57,181.26,175.62,174.83,174.12,169.3,165.06,160.94,157.4,2.61,175.98,157.49,198.52,11.52,163.42,192.39,8.14,175.98,157.04,-11.92,-1.3,-15.56,18.94,12.06
2025-03-31,153.75,155.17,156.07,151.15,-8.11,3.17,1.6823,1.51,33591355.0,5212370555.35,162.2,164.3,169.89,177.63,181.92,184.0,181.99,180.93,178.79,175.08,166.44,178.9,183.57,181.26,175.62,174.83,174.12,169.3,165.06,160.94,157.4,4.21,175.6,156.01,198.31,11.94,162.99,192.39,8.27,175.6,157.04,-11.63,-1.19,-15.47,18.56,11.82
2025-04-01,154.24,157.82,159.02,154.2,-8.1,3.11,1.0051,0.8,20111171.0,3173945007.22,159.42,163.83,169.0,176.86,181.39,183.64,181.8,180.85,178.75,175.03,166.44,178.9,183.57,181.26,175.62,174.83,174.12,169.3,165.06,160.94,157.4,7.7,175.41,155.8,198.31,12.0,162.78,192.18,8.28,175.41,157.04,-10.03,0.5,-14.03,18.37,11.7
2025-04-02,155.9,157.8,159.22,155.47,-4.99,2.37,0.8522,0.64,17113220.0,2700466116.0,157.76,163.15,168.06,176.02,180.82,183.14,181.57,180.74,178.7,174.97,166.44,178.9,183.57,181.26,175.62,174.83,174.12,169.3,165.06,160.94,157.4,8.15,175.26,156.01,198.31,11.94,162.57,192.18,8.35,175.26,157.04,-9.96,0.48,-14.04,18.22,11.6
2025-04-03,151.78,151.57,153.63,151.12,-7.02,1.59,1.4047,1.12,28415079.0,4306873524.03,155.47,162.34,166.94,175.03,180.07,182.59,181.3,180.52,178.61,174.89,166.44,178.9,183.57,181.26,175.62,174.83,174.12,169.3,165.06,160.94,157.4,1.19,174.93,154.96,198.1,12.22,162.15,192.18,8.48,174.93,157.04,-13.35,-3.48,-17.43,17.89,11.39
2025-04-04,148.84,146.68,152.03,146.48,-5.37,3.66,1.9326,1.49,39832118.0,5842575068.24,153.81,161.02,165.81,173.82,179.26,182.01,181.07,180.28,178.49,174.78,161.58,173.5,180.57,179.98,175.49,173.95,173.97,169.28,165.27,161.16,157.65,0.01,174.38,153.05,197.89,12.77,161.09,191.96,8.75,174.38,156.91,-15.88,-6.52,-18.77,17.47,11.13
2025-04-07,142.33,148.18,153.87,141.6,-4.5,8.37,2.2591,1.72,47822463.0,7086332567.34,152.41,159.86,164.76,172.57,178.49,181.36,180.88,180.06,178.36,174.69,161.58,173.5,180.57,179.98,175.49,173.95,173.97,169.28,165.27,161.16,157.65,2.34,173.74,150.94,197.67,13.41,158.97,191.96,9.4,173.74,156.91,-14.71,-5.56,-17.94,16.83,10.73
2025-04-08,152.51,145.52,153.38,144.15,-7.79,6.23,1.6489,1.15,35304377.0,5137492941.04,149.95,158.79,163.74,171.33,177.72,180.69,180.63,179.84,178.2,174.57,161.58,173.5,180.57,179.98,175.49,173.95,173.97,169.28,165.27,161.16,157.65,0.74,173.29,149.25,197.67,13.96,157.92,191.75,9.68,173.29,156.91,-16.03,-7.26,-19.41,16.38,10.44
2025-04-09,145.27,160.0,160.81,144.75,1.39,11.04,2.116,1.38,46479532.0,7436725120.0,150.39,158.44,163.29,170.3,177.2,180.31,180.53,179.74,178.16,174.59,161.58,173.5,180.57,179.98,175.49,173.95,173.97,169.28,165.27,161.16,157.65,19.23,172.89,149.25,197.46,13.91,157.28,191.75,9.88,172.89,156.91,-7.46,1.97,-11.39,15.98,10.18
2025-04-10,157.7,154.31,158.97,151.14,1.81,4.89,1.5798,0.89,35270425.0,5442579281.75,150.94,157.8,162.8,169.46,176.61,179.85,180.36,179.53,178.07,174.58,161.58,173.5,180.57,179.98,175.49,173.95,173.97,169.28,165.27,161.16,157.65,11.09,172.59,149.25,197.25,13.85,156.65,191.54,10.02,172.59,156.91,-10.59,-1.66,-14.54,15.68,9.99
2025-04-11,154.52,158.34,158.8,154.52,7.95,2.77,1.0042,0.55,22581989.0,3575632138.26,153.27,157.34,162.38,168.71,175.99,179.41,180.24,179.31,178.03,174.59,158.35,168.9,178.27,179.64,175.54,173.15,173.7,169.58,165.61,161.51,158.09,18.94,172.43,149.25,197.25,13.85,156.44,191.54,10.09,172.43,156.76,-8.17,1.01,-11.86,15.67,10.0
2025-04-14,161.25,160.41,162.97,158.86,8.25,2.6,0.8089,0.49,18255345.0,2928339891.45,155.72,156.78,162.15,168.14,175.44,178.95,180.12,179.14,178.0,174.65,158.35,168.9,178.27,179.64,175.54,173.15,173.7,169.58,165.61,161.51,158.09,21.82,172.34,149.46,197.25,13.78,156.65,191.54,10.02,172.34,156.76,-6.92,2.33,-10.7,15.58,9.94
2025-04-15,160.51,157.62,160.99,156.58,8.32,2.75,0.6986,0.5,15690687.0,2473166084.94,158.14,155.83,161.69,167.49,174.8,178.43,179.97,178.92,177.94,174.72,158.35,168.9,178.27,179.64,175.54,173.15,173.7,169.58,165.61,161.51,158.09,17.29,172.24,149.46,197.25,13.78,156.65,191.33,9.97,172.24,156.76,-8.49,0.55,-12.26,15.48,9.87
2025-04-16,154.41,154.44,157.12,152.85,-3.48,2.71,0.7545,0.61,16920705.0,2613233680.2,157.02,155.06,161.05,166.79,174.07,177.88,179.74,178.66,177.85,174.75,158.35,168.9,178.27,179.64,175.54,173.15,173.7,169.58,165.61,161.51,158.09,11.27,172.11,149.46,197.04,13.73,156.44,191.33,10.03,172.11,156.76,-10.27,-1.48,-14.03,15.35,9.79
2025-04-17,155.55,152.3,156.01,149.84,-1.3,4.0,0.8675,0.9,19513408.0,2971892038.4,156.62,154.34,160.36,166.09,173.29,177.34,179.51,178.41,177.76,174.77,158.35,168.9,178.27,179.64,175.54,173.15,173.7,169.58,165.61,161.51,158.09,8.55,171.94,149.46,197.04,13.73,156.01,191.33,10.17,171.94,156.76,-11.42,-2.85,-15.22,15.18,9.68
2025-04-21,149.9,148.8,150.0,147.34,-6.03,1.75,0.7173,0.87,16145730.0,2402484624.0,154.71,153.93,159.5,165.25,172.47,176.77,179.22,178.15,177.65,174.73,155.5,165.54,175.63,178.8,175.18,172.33,173.41,169.73,165.9,161.71,158.33,4.44,171.77,149.04,197.04,13.87,155.59,191.33,10.3,171.77,156.75,-13.37,-5.07,-16.78,15.02,9.58
2025-04-22,150.01,152.84,153.55,149.81,-4.72,2.51,0.7051,0.92,15910045.0,2431691277.8,153.2,153.78,159.04,164.52,171.67,176.29,178.97,177.96,177.54,174.7,155.5,165.54,175.63,178.8,175.18,172.33,173.41,169.73,165.9,161.71,158.33,10.47,171.63,149.04,197.04,13.87,155.38,191.12,10.31,171.63,156.75,-10.95,-2.49,-14.52,14.88,9.49
2025-04-23,156.85,156.66,158.96,155.29,-0.61,2.4,0.8272,1.1,18575729.0,2910073705.14,153.01,153.7,158.76,163.9,171.07,175.85,178.65,177.79,177.45,174.7,155.5,165.54,175.63,178.8,175.18,172.33,173.41,169.73,165.9,161.71,158.33,17.96,171.51,149.04,197.04,13.87,155.38,191.12,10.31,171.51,156.75,-8.66,-0.06,-12.38,14.76,9.42
2025-04-24,157.46,160.41,160.65,157.03,3.87,2.31,1.356,1.77,30787101.0,4938558871.41,154.2,153.87,158.51,163.33,170.48,175.43,178.26,177.62,177.38,174.71,155.5,165.54,175.63,178.8,175.18,172.33,173.41,169.73,165.9,161.71,158.33,26.23,171.34,149.04,196.83,13.82,155.38,191.12,10.31,171.34,156.75,-6.38,2.33,-10.29,14.59,9.31
2025-04-25,166.04,162.79,167.18,161.94,6.89,3.27,1.5226,1.74,35148053.0,5721751547.87,156.3,154.62,158.48,162.83,169.93,174.98,177.93,177.49,177.28,174.73,155.02,163.26,173.69,178.19,175.14,171.96,173.29,170.17,166.22,162.03,158.73,30.56,171.24,149.25,196.83,13.75,155.59,190.91,10.19,171.24,156.77,-4.93,3.84,-8.64,14.47,9.23
2025-04-28,163.2,161.36,163.89,159.32,8.44,2.81,0.9,0.9,20871122.0,3367764245.92,158.81,155.6,158.31,162.41,169.26,174.53,177.61,177.43,177.2,174.73,155.02,163.26,173.69,178.19,175.14,171.96,173.29,170.17,166.22,162.03,158.73,27.36,171.14,149.25,196.83,13.75,155.59,190.91,10.19,171.14,156.77,-5.71,2.93,-9.44,14.37,9.17
2025-04-29,160.99,161.0,161.62,158.33,5.34,2.04,0.6886,0.66,15955215.0,2568789615.0,160.44,156.45,158.16,161.99,168.54,174.09,177.21,177.39,177.11,174.71,155.02,163.26,173.69,178.19,175.14,171.96,173.29,170.17,166.22,162.03,158.73,27.1,171.06,149.25,196.83,13.75,155.8,190.91,10.13,171.06,156.77,-5.88,2.7,-9.65,14.29,9.12
2025-04-30,158.8,159.83,160.31,156.1,2.02,2.62,0.8883,0.85,20639520.0,3298814481.6,161.08,157.41,158.1,161.63,167.85,173.66,176.81,177.31,177.03,174.7,155.02,163.26,173.69,178.19,175.14,171.96,173.29,170.17,166.22,162.03,158.73,25.44,170.95,149.25,196.62,13.7,155.8,190.7,10.07,170.95,156.77,-6.5,1.95,-10.3,14.18,9.05
2025-05-01,161.46,161.73,162.88,159.87,0.82,1.88,0.9469,0.89,21902443.0,3542282106.39,161.34,157.52,157.98,161.37,167.1,173.27,176.51,177.24,176.96,174.7,155.02,163.26,173.69,178.19,175.14,171.96,173.29,170.17,166.22,162.03,158.73,29.97,170.86,149.25,196.62,13.7,155.8,190.7,10.07,170.86,156.77,-5.34,3.16,-9.24,14.09,8.99
2025-05-02,163.9,164.75,165.64,162.6,1.2,1.88,0.7427,0.74,16844823.0,2775184589.25,161.73,158.22,158.01,161.27,166.65,172.93,176.25,177.2,176.86,174.72,156.97,161.71,171.59,176.92,175.06,171.9,173.08,170.68,166.58,162.41,159.14,40.93,170.81,149.25,196.62,13.7,156.01,190.7,10.0,170.81,156.85,-3.55,5.04,-6.88,13.96,8.9
2025-05-05,163.46,164.99,166.04,163.41,2.25,1.6,0.6777,0.8,15309321.0,2525884871.79,162.46,158.66,158.0,161.14,166.2,172.52,175.95,177.16,176.73,174.74,156.97,161.71,171.59,176.92,175.06,171.9,173.08,170.68,166.58,162.41,159.14,42.08,170.77,149.25,196.62,13.7,156.01,190.7,10.0,170.77,156.85,-3.38,5.19,-6.74,13.92,8.87
2025-05-06,162.9,164.14,165.68,162.07,1.95,2.19,0.48,0.59,10691663.0,1754929564.82,163.09,158.91,157.84,161.07,165.83,172.14,175.61,177.09,176.61,174.74,156.97,161.71,171.59,176.92,175.06,171.9,173.08,170.68,166.58,162.41,159.14,38.12,170.74,149.25,196.62,13.7,156.01,190.48,9.95,170.74,156.85,-3.87,4.65,-7.22,13.89,8.86
2025-05-07,165.01,151.74,165.93,148.43,-5.06,10.66,3.3843,4.62,78900399.0,11972346544.26,161.47,158.52,157.18,160.63,165.25,171.54,175.11,176.9,176.37,174.65,156.97,161.71,171.59,176.92,175.06,171.9,173.08,170.68,166.58,162.41,159.14,8.02,170.17,149.46,196.41,13.57,155.17,190.27,10.16,170.17,156.85,-10.83,-3.26,-14.23,13.32,8.49
2025-05-08,154.86,154.69,156.35,153.04,-4.35,2.18,1.6172,1.34,38386883.0,5938066931.27,160.06,158.54,156.8,160.21,164.73,170.96,174.66,176.71,176.15,174.56,156.97,161.71,171.59,176.92,175.06,171.9,173.08,170.68,166.58,162.41,159.14,14.4,169.9,149.46,196.41,13.57,154.75,190.06,10.24,169.9,156.85,-8.95,-1.38,-12.57,13.05,8.32
2025-05-09,154.49,153.32,155.37,152.77,-6.94,1.68,0.96,0.71,22871025.0,3506585553.0,157.78,158.6,156.47,159.77,164.22,170.35,174.22,176.53,175.93,174.48,158.3,159.94,168.44,175.0,174.74,171.57,172.66,170.9,166.84,162.8,159.44,11.55,169.74,149.46,196.41,13.57,154.53,190.06,10.31,169.74,156.84,-9.67,-2.24,-12.39,12.9,8.22
2025-05-12,158.04,158.52,159.38,156.83,-3.92,1.66,1.3207,0.96,31884685.0,5054360266.2,156.48,159.25,156.59,159.42,163.75,169.82,173.85,176.37,175.79,174.43,158.3,159.94,168.44,175.0,174.74,171.57,172.66,170.9,166.84,162.8,159.44,25.88,169.57,149.67,196.19,13.45,154.75,189.85,10.19,169.57,156.84,-6.52,1.07,-9.42,12.73,8.12
2025-05-13,158.86,159.83,161.0,156.52,-2.63,2.83,1.0245,0.68,24944093.0,3986814384.19,155.62,159.72,156.75,159.26,163.32,169.28,173.53,176.22,175.68,174.38,158.3,159.94,168.44,175.0,174.74,171.57,172.66,170.9,166.84,162.8,159.44,30.63,169.46,149.67,196.19,13.45,154.75,189.85,10.19,169.46,156.84,-5.68,1.91,-8.67,12.62,8.05
2025-05-14,160.25,165.75,167.28,159.87,9.23,4.64,1.2943,0.81,31769208.0,5265746226.0,158.42,160.32,157.01,159.28,163.0,168.92,173.26,176.03,175.6,174.4,158.3,159.94,168.44,175.0,174.74,171.57,172.66,170.9,166.84,162.8,159.44,51.6,169.39,149.67,196.19,13.45,154.75,189.64,10.13,169.39,156.84,-2.15,5.68,-5.29,12.55,8.0
2025-05-15,166.08,164.34,166.45,162.78,6.24,2.21,0.9195,0.76,22717554.0,3733402824.36,160.35,160.59,157.23,159.2,162.65,168.5,172.96,175.73,175.49,174.4,158.3,159.94,168.44,175.0,174.74,171.57,172.66,170.9,166.84,162.8,159.44,44.62,169.34,149.67,196.19,13.45,154.75,189.64,10.13,169.34,156.84,-2.95,4.78,-6.09,12.5,7.97
2025-05-16,167.87,166.37,169.59,165.89,8.51,2.25,1.4445,1.35,36271279.0,6034452687.23,162.96,160.82,157.72,159.26,162.33,168.11,172.62,175.49,175.41,174.44,159.91,159.13,165.9,173.68,174.83,171.63,172.54,171.17,167.18,163.28,159.85,52.84,169.3,149.88,196.19,13.38,154.96,189.43,10.01,169.3,157.0,-1.73,5.97,-4.84,12.3,7.83
2025-05-19,164.66,166.81,166.89,164.36,5.23,1.52,0.8502,0.72,21374688.0,3565511705.28,164.62,161.19,158.39,159.27,162.1,167.65,172.3,175.26,175.4,174.47,159.91,159.13,165.9,173.68,174.83,171.63,172.54,171.17,167.18,163.28,159.85,55.53,169.27,149.88,195.98,13.33,154.96,189.43,10.01,169.27,157.0,-1.45,6.25,-4.59,12.27,7.82
2025-05-20,166.7,164.26,168.62,163.2,2.77,3.25,1.322,1.22,33563193.0,5513090082.18,165.51,161.4,158.93,159.24,161.84,167.11,171.97,174.95,175.39,174.48,159.91,159.13,165.9,173.68,174.83,171.63,172.54,171.17,167.18,163.28,159.85,42.14,169.21,149.88,195.98,13.33,154.96,189.22,9.95,169.21,157.0,-2.93,4.62,-6.05,12.21,7.78
2025-05-21,163.89,169.0,173.47,163.83,1.96,5.87,1.7662,1.56,45567474.0,7700903106.0,166.16,162.02,159.71,159.4,161.72,166.68,171.72,174.7,175.4,174.5,159.91,159.13,165.9,173.68,174.83,171.63,172.54,171.17,167.18,163.28,159.85,61.32,169.2,150.09,195.98,13.26,155.17,189.0,9.83,169.2,157.0,-0.12,7.64,-3.34,12.2,7.77
2025-05-22,172.29,170.92,177.07,170.82,4.0,3.7,1.7214,1.41,45024081.0,7695515924.52,167.47,162.63,160.08,159.53,161.68,166.21,171.49,174.53,175.42,174.54,159.91,159.13,165.9,173.68,174.83,171.63,172.54,171.17,167.18,163.28,159.85,64.24,169.26,150.09,195.77,13.21,155.17,188.58,9.72,169.26,157.0,0.98,8.87,-2.24,12.26,7.81
2025-05-23,169.22,168.53,170.14,168.2,1.3,1.14,0.955,0.69,24962869.0,4206992312.57,167.9,162.88,160.55,159.63,161.67,165.89,171.26,174.34,175.41,174.56,163.15,159.33,164.75,172.51,174.93,171.77,172.43,171.47,167.5,163.73,160.23,58.74,169.26,150.09,195.77,13.21,155.17,188.58,9.72,169.26,157.37,-0.43,7.09,-3.66,11.89,7.56
2025-05-27,170.24,172.92,173.23,170.15,3.66,1.83,0.9346,0.71,24341131.0,4209068372.52,169.13,163.41,161.04,159.8,161.71,165.64,171.0,174.16,175.44,174.63,163.15,159.33,164.75,172.51,174.93,171.77,172.43,171.47,167.5,163.73,160.23,69.1,169.28,150.3,195.77,13.14,155.38,188.37,9.6,169.28,157.37,2.15,9.88,-1.15,11.91,7.57
2025-05-28,172.92,172.32,175.42,171.95,4.91,2.0,0.9971,0.75,25999075.0,4480160604.0,170.74,163.95,161.43,159.88,161.79,165.46,170.77,173.94,175.45,174.69,163.15,159.33,164.75,172.51,174.93,171.77,172.43,171.47,167.5,163.73,160.23,67.48,169.32,150.3,195.77,13.14,155.38,187.95,9.49,169.32,157.37,1.77,9.5,-1.49,11.95,7.59
2025-05-29,173.94,171.9,174.34,170.72,1.72,2.1,0.8193,0.64,21233525.0,3650042947.5,171.32,165.3,161.91,159.88,161.8,165.26,170.5,173.71,175.45,174.74,163.15,159.33,164.75,172.51,174.93,171.77,172.43,171.47,167.5,163.73,160.23,66.05,169.34,150.3,195.77,13.14,155.38,187.74,9.43,169.34,157.37,1.51,9.23,-1.73,11.97,7.61
2025-05-30,171.35,171.79,172.38,167.46,0.51,2.86,1.3835,1.28,36258251.0,6228804939.29,171.49,166.44,162.49,160.01,161.77,165.07,170.21,173.48,175.43,174.78,164.95,159.99,163.83,171.51,174.95,171.92,172.33,171.8,167.78,164.19,160.63,65.78,169.36,150.3,195.77,13.14,155.59,187.31,9.25,169.36,157.63,1.43,8.98,-1.81,11.73,7.44
2025-06-02,167.95,169.31,170.0,167.59,0.46,1.4,0.9407,0.93,24742863.0,4189214134.53,171.65,167.5,163.05,160.15,161.71,164.87,169.88,173.26,175.4,174.82,164.95,159.99,163.83,171.51,174.95,171.92,172.33,171.8,167.78,164.19,160.63,58.76,169.35,150.52,195.56,13.02,155.59,187.1,9.19,169.35,157.63,-0.02,7.41,-3.22,11.72,7.44
2025-06-03,167.8,166.65,168.74,165.62,-3.63,1.84,0.9597,0.96,25386637.0,4230683056.05,170.39,168.05,163.65,160.41,161.57,164.61,169.53,173.02,175.33,174.85,164.95,159.99,163.83,171.51,174.95,171.92,172.33,171.8,167.78,164.19,160.63,50.17,169.33,150.52,195.56,13.02,155.59,186.89,9.14,169.33,157.63,-1.58,5.72,-4.74,11.7,7.42
2025-06-04,167.22,168.33,168.52,166.74,-2.32,1.07,0.7044,0.69,18508732.0,3115574857.56,169.6,168.61,164.17,160.7,161.6,164.38,169.17,172.83,175.27,174.86,164.95,159.99,163.83,171.51,174.95,171.92,172.33,171.8,167.78,164.19,160.63,56.14,169.31,150.52,195.56,13.02,155.8,186.68,9.02,169.31,157.63,-0.58,6.79,-3.78,11.68,7.41
2025-06-05,170.56,168.75,171.3,168.29,-1.83,1.79,0.9664,1.01,25422557.0,4290056493.75,168.97,168.81,164.57,160.94,161.67,164.17,168.9,172.63,175.13,174.88,164.95,159.99,163.83,171.51,174.95,171.92,172.33,171.8,167.78,164.19,160.63,57.45,169.31,150.52,195.56,13.02,155.8,186.47,8.96,169.31,157.63,-0.33,7.05,-3.54,11.68,7.41
2025-06-06,171.24,173.86,174.77,171.24,1.2,2.09,0.8448,0.85,22258065.0,3869787180.9,169.38,169.45,165.02,161.3,161.76,164.01,168.66,172.46,174.95,174.91,166.77,161.87,163.4,170.39,174.8,172.18,172.24,172.08,168.24,164.66,161.05,73.25,169.35,150.52,195.56,13.02,155.8,186.25,8.9,169.35,157.87,2.66,10.13,-0.54,11.48,7.27
2025-06-09,175.02,176.78,177.06,174.81,4.41,1.3,0.7126,0.81,18817530.0,3326562953.4,170.87,170.14,165.48,161.86,161.98,163.89,168.45,172.27,174.82,174.92,166.77,161.87,163.4,170.39,174.8,172.18,172.24,172.08,168.24,164.66,161.05,77.89,169.4,150.73,195.56,12.95,156.01,186.25,8.84,169.4,157.87,4.36,11.98,1.13,11.53,7.3
2025-06-10,176.91,179.16,181.6,175.62,7.51,3.38,1.2351,1.49,32907990.0,5895795488.4,173.38,170.97,166.08,162.58,162.19,163.88,168.2,172.11,174.73,174.97,166.77,161.87,163.4,170.39,174.8,172.18,172.24,172.08,168.24,164.66,161.05,79.04,169.52,150.73,195.35,12.89,156.01,186.04,8.78,169.52,157.87,5.69,13.49,2.49,11.65,7.38
2025-06-11,180.38,177.94,180.9,177.15,5.71,2.09,0.7124,0.81,18994278.0,3379841827.32,175.3,171.88,166.64,163.25,162.4,163.85,167.91,171.96,174.57,175.02,166.77,161.87,163.4,170.39,174.8,172.18,172.24,172.08,168.24,164.66,161.05,77.38,169.58,150.73,195.35,12.89,156.23,185.83,8.66,169.58,157.87,4.93,12.71,1.8,11.71,7.42
2025-06-12,176.63,176.12,177.28,175.26,4.37,1.14,0.6535,0.73,17345864.0,3054953567.68,176.77,172.35,167.18,163.93,162.64,163.85,167.63,171.81,174.4,175.06,166.77,161.87,163.4,170.39,174.8,172.18,172.24,172.08,168.24,164.66,161.05,75.16,169.62,150.73,195.35,12.89,156.23,185.83,8.66,169.62,157.87,3.83,11.56,0.76,11.75,7.44
2025-06-13,172.73,175.03,177.49,172.72,0.67,2.71,0.7884,0.95,20873142.0,3653426044.26,177.01,172.63,167.63,164.26,162.8,163.87,167.28,171.66,174.29,175.1,171.12,164.71,163.67,169.11,174.89,172.8,172.1,172.43,168.62,165.2,161.55,72.64,169.67,150.73,195.35,12.89,156.23,185.83,8.66,169.67,158.21,3.16,10.63,0.08,11.46,7.24
2025-06-16,175.06,177.09,177.4,174.97,0.18,1.39,0.6857,0.83,18131506.0,3210908397.54,177.07,173.2,168.04,164.77,163.02,163.98,167.11,171.53,174.19,175.1,171.12,164.71,163.67,169.11,174.89,172.8,172.1,172.43,168.62,165.2,161.55,77.0,169.71,150.94,195.35,12.82,156.23,185.62,8.6,169.71,158.21,4.35,11.93,1.26,11.5,7.27
2025-06-17,176.15,176.38,177.86,175.09,-1.55,1.57,0.6729,0.82,17656111.0,3114184858.18,176.51,173.43,168.42,165.17,163.21,164.05,166.94,171.35,174.07,175.07,171.12,164.71,163.67,169.11,174.89,172.8,172.1,172.43,168.62,165.2,161.55,75.34,169.76,150.94,195.35,12.82,156.44,185.62,8.53,169.76,158.21,3.9,11.48,0.85,11.55,7.3
2025-06-18,176.43,173.13,176.97,171.99,-2.7,2.83,1.229,1.75,32531752.0,5632222223.76,175.55,173.48,168.72,165.45,163.28,164.13,166.8,171.16,173.89,175.03,171.12,164.71,163.67,169.11,174.89,172.8,172.1,172.43,168.62,165.2,161.55,66.55,169.81,150.94,195.14,12.77,156.44,185.41,8.48,169.81,158.21,1.96,9.43,-1.0,11.6,7.33
2025-06-20,174.02,166.88,174.52,165.42,-5.25,5.25,2.0397,2.6,55402500.0,9245569200.0,173.7,173.15,169.22,165.65,163.2,164.07,166.57,170.88,173.64,174.94,171.22,165.56,163.16,167.23,174.95,173.04,171.64,172.35,169.01,165.61,161.96,45.96,169.79,151.15,195.14,12.7,156.65,185.2,8.35,169.79,158.49,-1.71,5.29,-4.61,11.3,7.13
2025-06-23,166.47,165.16,167.63,162.48,-5.64,3.09,1.3494,1.28,36975570.0,6106885141.2,171.73,172.7,169.57,165.89,163.18,163.95,166.34,170.56,173.39,174.83,171.22,165.56,163.16,167.23,174.95,173.04,171.64,172.35,169.01,165.61,161.96,38.96,169.7,151.15,195.14,12.7,156.86,185.2,8.28,169.7,158.49,-2.68,4.21,-5.59,11.21,7.07
2025-06-24,166.84,166.89,168.4,166.06,-5.76,1.42,0.9932,0.85,27310266.0,4557810292.74,169.69,172.54,170.02,166.22,163.25,163.87,166.15,170.26,173.17,174.75,171.22,165.56,163.16,167.23,174.95,173.04,171.64,172.35,169.01,165.61,161.96,46.72,169.66,151.15,194.93,12.65,156.86,184.99,8.23,169.66,158.49,-1.63,5.3,-4.6,11.17,7.05
2025-06-25,167.8,170.64,172.51,167.71,-3.25,2.88,0.8651,0.7,23627253.0,4031754451.92,168.54,172.81,170.43,166.7,163.51,163.82,165.97,170.0,173.0,174.72,171.22,165.56,163.16,167.23,174.95,173.04,171.64,172.35,169.01,165.61,161.96,60.96,169.66,151.36,194.93,12.58,156.86,184.99,8.23,169.66,158.49,0.58,7.67,-2.46,11.17,7.05
2025-06-26,172.54,173.58,173.8,170.01,0.26,2.22,0.9531,0.74,25908738.0,4497238742.04,168.63,173.16,170.89,167.16,163.82,163.91,165.84,169.74,172.87,174.72,171.22,165.56,163.16,167.23,174.95,173.04,171.64,172.35,169.01,165.61,161.96,70.95,169.68,151.36,194.93,12.58,157.07,184.77,8.1,169.68,158.49,2.3,9.52,-0.78,11.19,7.06
2025-06-27,173.78,177.42,177.99,171.86,6.32,3.53,2.6371,2.19,74053108.0,13138502421.36,170.74,173.74,171.28,167.62,164.14,164.08,165.76,169.59,172.77,174.74,173.0,168.07,163.88,166.81,175.22,173.4,171.48,172.52,169.49,166.17,162.42,80.03,169.85,151.36,194.71,12.53,157.28,184.14,7.87,169.85,158.85,4.46,11.69,1.25,11.0,6.92
2025-06-30,179.94,176.54,180.73,174.65,6.89,3.43,1.541,1.17,43964515.0,7761495478.1,173.01,173.92,171.68,167.98,164.46,164.19,165.66,169.41,172.64,174.73,173.0,168.07,163.88,166.81,175.22,173.4,171.48,172.52,169.49,166.17,162.42,77.21,169.96,151.57,194.71,12.46,157.28,183.72,7.75,169.96,158.85,3.87,11.14,0.75,11.11,6.99
2025-07-01,175.96,176.06,176.37,173.81,5.49,1.45,0.905,0.66,25778458.0,4538555315.48,174.85,173.87,172.0,168.28,164.86,164.36,165.55,169.22,172.47,174.73,173.0,168.07,163.88,166.81,175.22,173.4,171.48,172.52,169.49,166.17,162.42,74.76,170.01,151.57,194.71,12.46,157.28,183.51,7.69,170.01,158.85,3.56,10.83,0.48,11.16,7.03
2025-07-02,175.7,178.91,179.08,175.24,4.85,2.18,0.6867,0.5,19325770.0,3457573510.7,176.5,173.85,172.41,168.67,165.4,164.52,165.54,169.01,172.33,174.8,173.0,168.07,163.88,166.81,175.22,173.4,171.48,172.52,169.49,166.17,162.42,82.19,170.06,151.57,194.71,12.46,157.49,183.08,7.51,170.06,158.85,5.2,12.63,2.1,11.21,7.06
2025-07-03,178.97,179.7,179.92,177.34,3.53,1.44,0.4772,0.35,13155006.0,2363954578.2,177.73,173.97,172.92,169.08,165.93,164.71,165.54,168.77,172.21,174.9,173.0,168.07,163.88,166.81,175.22,173.4,171.48,172.52,169.49,166.17,162.42,83.22,170.1,151.57,194.5,12.4,157.49,182.87,7.46,170.1,158.85,5.64,13.13,2.55,11.25,7.08
2025-07-07,179.28,176.71,179.49,175.79,-0.4,2.06,0.7681,0.6,20991269.0,3709367144.99,177.58,174.01,173.18,169.46,166.45,164.91,165.54,168.54,172.08,174.96,174.58,169.76,164.85,166.51,175.38,173.8,171.52,172.71,170.12,166.66,162.89,76.24,170.15,151.57,194.5,12.4,157.49,182.24,7.28,170.15,159.14,3.86,11.04,0.76,11.01,6.92
2025-07-08,177.93,174.31,177.94,173.07,-1.26,2.76,0.8944,0.98,24108580.0,4202366579.8,177.14,173.96,173.29,169.74,166.68,165.04,165.55,168.23,171.94,174.99,174.58,169.76,164.85,166.51,175.38,173.8,171.52,172.71,170.12,166.66,162.89,67.66,170.18,151.57,194.5,12.4,157.49,181.81,7.17,170.18,159.14,2.43,9.53,-0.61,11.04,6.94
2025-07-09,175.26,176.81,179.43,173.03,0.43,3.67,1.1636,1.51,31287839.0,5532002813.59,177.29,173.94,173.57,170.01,167.06,165.21,165.64,168.09,171.84,175.04,174.58,169.76,164.85,166.51,175.38,173.8,171.52,172.71,170.12,166.66,162.89,77.17,170.26,151.57,194.5,12.4,157.71,181.39,6.98,170.26,159.14,3.85,11.1,0.81,11.12,6.99
2025-07-10,175.82,177.85,178.74,174.89,-0.59,2.18,0.9172,1.13,24693596.0,4391756048.6,177.08,174.04,173.73,170.29,167.38,165.38,165.72,167.95,171.69,175.1,174.58,169.76,164.85,166.51,175.38,173.8,171.52,172.71,170.12,166.66,162.89,80.54,170.31,151.78,194.29,12.28,157.71,180.97,6.87,170.31,159.14,4.43,11.76,1.41,11.17,7.02
2025-07-11,177.06,180.46,181.76,176.69,0.42,2.85,0.8874,1.05,23975684.0,4326651934.64,177.23,174.53,174.0,170.65,167.72,165.53,165.86,167.9,171.58,175.16,175.9,171.34,166.55,166.52,175.06,174.13,171.79,172.79,170.77,167.18,163.4,84.6,170.39,151.78,194.29,12.28,157.71,180.76,6.81,170.39,159.51,5.91,13.13,2.59,10.88,6.82
2025-07-14,181.22,181.96,183.88,179.86,2.97,2.23,0.7744,0.84,20990321.0,3819398809.16,178.28,175.53,174.34,171.33,168.12,165.67,165.98,167.85,171.46,175.23,175.9,171.34,166.55,166.52,175.06,174.13,171.79,172.79,170.77,167.18,163.4,85.37,170.48,151.78,194.29,12.28,157.71,181.39,6.98,170.48,159.51,6.73,14.07,3.45,10.97,6.88
2025-07-15,183.09,182.25,184.56,181.54,4.56,1.66,0.8783,0.96,23911542.0,4357878529.5,179.87,176.67,174.69,171.94,168.59,165.88,166.07,167.82,171.33,175.28,175.9,171.34,166.55,166.52,175.06,174.13,171.79,172.79,170.77,167.18,163.4,85.21,170.59,151.78,194.29,12.28,157.92,182.24,7.15,170.59,159.51,6.84,14.26,3.61,11.08,6.95
2025-07-16,183.47,182.92,184.49,182.23,3.46,1.24,0.7762,0.85,21152371.0,3869191703.32,181.09,177.74,175.14,172.6,169.1,166.15,166.18,167.81,171.19,175.35,175.9,171.34,166.55,166.52,175.06,174.13,171.79,172.79,170.77,167.18,163.4,85.52,170.68,151.78,194.08,12.23,157.92,182.66,7.26,170.68,159.51,7.17,14.68,3.99,11.17,7.0
2025-07-17,182.26,183.85,184.34,180.65,3.37,2.02,0.792,0.94,21654370.0,3981155924.5,182.29,178.62,175.72,173.16,169.68,166.53,166.29,167.78,171.07,175.41,175.9,171.34,166.55,166.52,175.06,174.13,171.79,172.79,170.77,167.18,163.4,86.6,170.78,151.78,194.08,12.23,157.92,182.87,7.32,170.78,159.51,7.65,15.26,4.52,11.27,7.07
2025-07-18,185.77,185.09,186.51,183.88,2.57,1.43,0.7669,0.94,21033211.0,3893037023.99,183.21,179.39,176.27,173.72,170.22,166.93,166.49,167.78,170.94,175.47,177.91,174.51,169.11,167.23,174.84,174.68,172.16,172.97,171.41,167.8,164.11,87.39,170.89,151.78,194.08,12.23,157.92,183.29,7.44,170.89,159.93,8.31,15.73,4.04,10.96,6.85
2025-07-21,186.25,190.3,190.41,186.2,4.58,2.27,0.8959,1.13,24664828.0,4693716768.4,184.88,180.25,176.99,174.27,170.78,167.36,166.77,167.83,170.93,175.5,177.91,174.51,169.11,167.23,174.84,174.68,172.16,172.97,171.41,167.8,164.11,91.35,171.06,152.0,194.08,12.16,158.13,183.72,7.49,171.06,159.93,11.25,18.99,6.96,11.13,6.96
2025-07-22,191.57,191.26,192.51,187.64,4.94,2.56,0.9548,1.17,26212864.0,5013472368.64,186.68,181.23,177.57,174.86,171.29,167.81,167.03,167.88,170.89,175.47,177.91,174.51,169.11,167.23,174.84,174.68,172.16,172.97,171.41,167.8,164.11,92.09,171.26,152.0,193.87,12.11,158.13,184.56,7.71,171.26,159.93,11.68,19.59,7.5,11.33,7.08
2025-07-23,191.51,190.66,192.51,189.33,4.23,1.66,1.2418,1.48,34068002.0,6495405261.32,188.23,182.2,178.04,175.4,171.76,168.33,167.33,167.93,170.84,175.46,177.91,174.51,169.11,167.23,174.84,174.68,172.16,172.97,171.41,167.8,164.11,90.41,171.51,152.0,193.87,12.11,158.13,185.41,7.94,171.51,159.93,11.17,19.21,7.17,11.58,7.24
2025-07-24,197.26,192.35,198.12,191.1,4.62,3.68,1.6253,1.77,45252043.0,8704230471.05,189.93,183.1,178.48,175.97,172.28,168.94,167.62,168.05,170.77,175.48,177.91,174.51,169.11,167.23,174.84,174.68,172.16,172.97,171.41,167.8,164.11,92.3,171.89,152.0,194.5,12.27,158.34,187.31,8.38,171.89,159.93,11.9,20.27,8.12,11.96,7.48
2025-07-25,192.08,193.23,194.42,191.28,4.4,1.64,1.1071,1.03,31101751.0,6009791345.73,191.56,184.0,178.98,176.62,172.81,169.54,167.93,168.17,170.68,175.45,183.18,177.2,171.43,168.16,174.85,175.42,172.75,173.32,172.03,168.43,164.82,92.98,172.15,152.21,194.5,12.2,158.34,189.0,8.83,172.15,160.76,12.25,20.2,5.49,11.39,7.09
2025-07-28,193.56,192.57,193.97,191.0,1.19,1.53,0.9069,0.79,25553405.0,4920819200.85,192.01,185.06,179.53,177.14,173.36,170.17,168.27,168.33,170.6,175.43,183.18,177.2,171.43,168.16,174.85,175.42,172.75,173.32,172.03,168.43,164.82,91.38,172.35,152.21,194.5,12.2,158.34,189.64,8.99,172.35,160.76,11.73,19.79,5.13,11.59,7.21
2025-07-29,192.45,195.58,195.81,192.14,2.26,1.91,1.1252,0.98,31891490.0,6237337614.2,192.88,186.48,180.22,177.69,173.92,170.64,168.61,168.54,170.51,175.47,183.18,177.2,171.43,168.16,174.85,175.42,172.75,173.32,172.03,168.43,164.82,96.37,172.62,152.21,194.93,12.31,158.55,190.27,9.09,172.62,160.76,13.3,21.66,6.77,11.86,7.38
2025-07-30,195.45,196.59,197.63,194.71,3.11,1.49,0.7444,0.63,21150502.0,4157977188.18,194.06,187.79,180.87,178.31,174.45,171.21,168.97,168.8,170.55,175.53,183.18,177.2,171.43,168.16,174.85,175.42,172.75,173.32,172.03,168.43,164.82,96.9,172.81,152.21,195.35,12.41,158.55,190.48,9.15,172.81,160.76,13.76,22.29,7.32,12.05,7.5
2025-07-31,195.75,192.01,195.98,191.23,-0.18,2.42,0.973,0.9,27851662.0,5347797620.62,194.0,188.74,181.39,178.74,174.9,171.66,169.27,169.0,170.55,175.53,183.18,177.2,171.43,168.16,174.85,175.42,172.75,173.32,172.03,168.43,164.82,87.72,173.03,152.21,195.35,12.41,158.55,190.91,9.26,173.03,160.76,10.97,19.44,4.82,12.27,7.63
2025-08-01,188.93,189.1,190.77,187.85,-2.14,1.52,0.7374,0.77,21236548.0,4015831226.8,193.17,189.31,181.92,179.11,175.32,172.04,169.49,169.21,170.58,175.49,185.52,179.26,173.89,169.29,174.76,176.01,173.27,173.57,172.58,168.97,165.46,81.42,173.16,152.21,195.35,12.41,158.76,190.91,9.19,173.16,161.39,9.21,17.17,1.93,11.77,7.29
2025-08-04,190.32,194.9,195.23,190.07,1.21,2.73,0.839,0.92,23385823.0,4557896902.7,193.64,190.18,182.86,179.62,176.04,172.53,169.75,169.44,170.64,175.48,185.52,179.26,173.89,169.29,174.76,176.01,173.27,173.57,172.58,168.97,165.46,94.18,173.34,152.42,195.14,12.29,158.76,191.33,9.3,173.34,161.39,12.44,20.76,5.06,11.95,7.4
2025-08-05,194.7,194.47,197.85,193.82,-0.57,2.07,0.69,0.76,19009879.0,3696851169.13,193.41,190.99,183.83,180.12,176.7,173.07,170.07,169.63,170.72,175.48,185.52,179.26,173.89,169.29,174.76,176.01,173.27,173.57,172.58,168.97,165.46,92.74,173.53,152.42,195.35,12.34,158.76,191.54,9.36,173.53,161.39,12.07,20.5,4.83,12.14,7.52
2025-08-06,194.4,196.07,196.53,193.62,-0.26,1.5,0.5609,0.68,15383678.0,3016277745.46,193.31,191.87,184.8,180.72,177.41,173.65,170.43,169.85,170.81,175.5,185.52,179.26,173.89,169.29,174.76,176.01,173.27,173.57,172.58,168.97,165.46,96.21,173.68,152.42,195.56,12.4,158.97,191.75,9.35,173.68,161.39,12.89,21.49,5.69,12.29,7.62
2025-08-07,196.86,196.43,197.52,194.37,2.3,1.61,0.5402,0.69,14660353.0,2879733139.79,194.19,192.71,185.66,181.38,178.05,174.29,170.89,170.06,170.9,175.53,185.52,179.26,173.89,169.29,174.76,176.01,173.27,173.57,172.58,168.97,165.46,96.76,173.83,152.42,195.77,12.45,158.97,191.96,9.4,173.83,161.39,13.0,21.71,5.88,12.44,7.71
2025-08-08,197.13,201.24,202.58,197.05,6.42,2.82,0.8987,1.3,24379859.0,4906202825.16,196.62,193.78,186.59,182.11,178.74,174.93,171.41,170.39,171.03,175.61,189.82,182.2,176.45,171.09,175.07,176.76,173.98,173.98,173.29,169.58,166.19,98.82,174.09,152.42,196.19,12.56,158.97,192.18,9.45,174.09,161.94,15.6,24.27,6.01,12.15,7.5
2025-08-11,200.7,200.78,201.31,198.95,3.02,1.17,0.621,0.86,16690057.0,3351029644.46,197.8,194.48,187.37,182.82,179.32,175.52,171.88,170.73,171.16,175.69,189.82,182.2,176.45,171.09,175.07,176.76,173.98,173.98,173.29,169.58,166.19,98.4,174.27,152.42,196.41,12.61,159.19,192.39,9.44,174.27,161.94,15.21,23.98,5.77,12.33,7.61
2025-08-12,201.24,203.31,204.28,200.55,4.55,1.86,0.7406,1.1,19871614.0,4040097842.34,199.57,195.29,188.26,183.48,179.97,176.09,172.39,171.07,171.31,175.76,189.82,182.2,176.45,171.09,175.07,176.76,173.98,173.98,173.29,169.58,166.19,99.17,174.51,152.42,196.83,12.72,159.19,192.6,9.5,174.51,161.94,16.5,25.55,7.1,12.57,7.76
2025-08-13,204.13,202.18,204.58,197.79,3.12,3.34,0.7372,1.08,19573039.0,3957277025.02,200.79,196.05,189.13,184.04,180.57,176.62,172.95,171.44,171.45,175.8,189.82,182.2,176.45,171.09,175.07,176.76,173.98,173.98,173.29,169.58,166.19,98.43,174.73,152.63,198.31,13.02,159.19,192.81,9.55,174.73,161.94,15.71,24.85,6.51,12.79,7.9
2025-08-14,201.71,202.97,204.57,201.47,3.33,1.53,0.671,0.93,17777012.0,3608200125.64,202.1,196.76,189.93,184.57,181.17,177.17,173.58,171.78,171.64,175.85,189.82,182.2,176.45,171.09,175.07,176.76,173.98,173.98,173.29,169.58,166.19,98.63,174.95,152.63,199.37,13.28,159.4,193.02,9.54,174.95,161.94,16.02,25.34,6.93,13.01,8.03
2025-08-15,203.87,204.06,206.48,201.24,1.4,2.58,0.8032,1.07,21111275.0,4307966776.5,202.66,197.48,190.74,185.15,181.83,177.75,174.2,172.15,171.84,175.92,194.54,185.22,179.07,173.55,175.33,177.4,174.79,174.4,173.95,170.36,166.94,99.1,175.21,152.63,200.21,13.49,159.4,193.44,9.65,175.21,162.58,16.47,25.51,4.89,12.63,7.77
2025-08-18,204.22,203.44,205.29,202.56,1.32,1.34,0.505,0.68,12999190.0,2644555213.6,203.19,198.21,191.63,185.76,182.41,178.33,174.84,172.55,172.07,175.99,194.54,185.22,179.07,173.55,175.33,177.4,174.79,174.4,173.95,170.36,166.94,98.15,175.37,152.63,200.64,13.59,159.4,193.66,9.7,175.37,162.58,16.01,25.13,4.57,12.79,7.87
2025-08-19,203.06,201.64,203.44,200.08,-0.82,1.65,0.5344,0.74,13476407.0,2717382707.48,202.86,198.61,192.54,186.35,182.92,178.86,175.3,172.9,172.3,176.06,194.54,185.22,179.07,173.55,175.33,177.4,174.79,174.4,173.95,170.36,166.94,95.58,175.53,152.63,201.06,13.69,159.61,193.87,9.69,175.53,162.58,14.87,24.03,3.65,12.95,7.97
2025-08-20,200.83,199.34,201.32,196.61,-1.4,2.34,0.5581,0.82,13971683.0,2785115289.22,202.29,198.8,193.3,186.84,183.43,179.32,175.8,173.23,172.55,176.13,194.54,185.22,179.07,173.55,175.33,177.4,174.79,174.4,173.95,170.36,166.94,92.77,175.68,152.63,201.06,13.69,159.61,194.08,9.75,175.68,162.58,13.47,22.61,2.47,13.1,8.06
2025-08-21,199.87,199.77,202.51,199.55,-1.58,1.48,0.4741,0.74,11768850.0,2351063164.5,201.65,199.31,194.03,187.36,183.88,179.79,176.26,173.56,172.79,176.15,194.54,185.22,179.07,173.55,175.33,177.4,174.79,174.4,173.95,170.36,166.94,92.72,175.81,152.63,201.06,13.69,159.61,194.29,9.8,175.81,162.58,13.63,22.87,2.69,13.23,8.14
2025-08-22,203.11,205.87,208.38,201.28,0.89,3.55,1.0365,1.75,25723637.0,5295725149.19,202.01,200.43,194.87,188.09,184.44,180.34,176.77,173.91,173.11,176.24,198.7,188.3,182.58,176.51,175.51,178.24,175.9,174.8,174.7,171.08,167.77,99.38,176.15,152.84,201.9,13.83,159.82,194.71,9.84,176.15,163.13,16.87,26.2,3.61,13.02,7.98
2025-08-25,206.15,208.31,210.24,205.1,2.39,2.5,0.9172,1.46,22788598.0,4747092849.38,202.99,201.33,195.75,189.01,185.05,181.1,177.33,174.26,173.42,176.32,198.7,188.3,182.58,176.51,175.51,178.24,175.9,174.8,174.7,171.08,167.77,99.64,176.47,152.84,202.75,14.04,159.82,194.93,9.9,176.47,163.13,18.04,27.7,4.84,13.34,8.18
2025-08-26,207.52,207.1,207.61,205.6,2.71,0.96,0.9361,1.31,23050616.0,4773782573.6,204.08,202.17,196.58,189.94,185.63,181.8,177.92,174.65,173.7,176.38,198.7,188.3,182.58,176.51,175.51,178.24,175.9,174.8,174.7,171.08,167.77,98.88,176.78,152.84,203.38,14.19,160.03,195.35,9.94,176.78,163.13,17.15,26.95,4.23,13.65,8.37
2025-08-27,205.61,207.36,208.72,205.54,4.02,1.54,0.6233,0.78,15248887.0,3162009208.32,205.68,202.92,197.39,190.84,186.27,182.52,178.53,175.08,173.99,176.43,198.7,188.3,182.58,176.51,175.51,178.24,175.9,174.8,174.7,171.08,167.77,98.83,176.99,152.84,203.81,14.29,160.03,195.56,9.99,176.99,163.13,17.16,27.11,4.36,13.86,8.5
2025-08-28,206.99,211.52,212.05,206.75,5.88,2.56,0.8575,1.06,20915373.0,4424019696.96,208.03,203.93,198.32,191.75,187.02,183.22,179.23,175.61,174.3,176.52,198.7,188.3,182.58,176.51,175.51,178.24,175.9,174.8,174.7,171.08,167.77,99.91,177.31,152.84,204.44,14.44,160.03,195.98,10.1,177.31,163.13,19.29,29.66,6.45,14.18,8.69
2025-08-29,210.42,212.68,214.49,210.12,3.31,2.07,1.0076,1.15,24682180.0,5249406042.4,209.39,204.69,199.24,192.62,187.76,183.93,179.89,176.16,174.68,176.6,202.59,192.88,185.66,179.22,175.78,179.43,177.01,175.18,175.28,171.99,168.64,99.5,177.7,153.05,205.92,14.73,160.24,196.62,10.19,177.7,164.03,19.68,29.66,4.98,13.67,8.33
2025-09-02,208.14,211.14,211.52,206.11,1.36,2.54,1.1771,1.35,28900043.0,6101955079.02,209.96,205.38,199.93,193.37,188.46,184.53,180.5,176.67,175.06,176.73,202.59,192.88,185.66,179.22,175.78,179.43,177.01,175.18,175.28,171.99,168.64,98.69,178.12,153.05,206.98,14.98,160.46,197.89,10.45,178.12,164.03,18.54,28.72,4.22,14.09,8.59
2025-09-03,225.63,230.25,230.95,224.27,11.18,3.16,2.8461,3.2,72250269.0,16635624437.25,214.59,207.18,201.23,194.56,189.4,185.41,181.27,177.36,175.58,176.96,202.59,192.88,185.66,179.22,175.78,179.43,177.01,175.18,175.28,171.99,168.64,99.76,179.69,153.05,210.36,15.77,160.88,200.64,11.0,179.69,164.03,28.14,40.37,13.65,15.66,9.55
2025-09-04,229.3,231.83,231.92,225.91,11.8,2.61,1.2572,0.99,32195517.0,7463886706.11,219.48,209.15,202.6,195.8,190.32,186.28,182.04,178.12,176.15,177.2,202.59,192.88,185.66,179.22,175.78,179.43,177.01,175.18,175.28,171.99,168.64,100.0,180.39,153.27,212.27,16.14,161.09,201.48,11.14,180.39,164.03,28.52,41.33,14.43,16.36,9.97
2025-09-05,231.81,234.32,235.28,231.53,10.78,1.62,1.0248,0.73,26127737.0,6122251333.84,224.04,211.24,204.0,197.03,191.24,187.18,182.85,178.96,176.72,177.42,211.63,198.58,190.05,183.32,177.4,181.06,178.44,176.0,176.24,173.13,169.77,99.74,180.99,153.27,226.65,19.32,161.51,202.33,11.22,180.99,165.68,29.47,41.43,10.72,15.31,9.24
2025-09-08,235.15,233.52,237.76,233.09,9.8,1.99,0.9047,0.63,23128729.0,5401020796.08,228.21,213.21,205.34,198.23,192.16,188.11,183.66,179.77,177.28,177.61,211.63,198.58,190.05,183.32,177.4,181.06,178.44,176.0,176.24,173.13,169.77,98.43,181.55,153.27,228.34,19.67,161.72,202.96,11.31,181.55,165.68,28.63,40.95,10.34,15.87,9.58
2025-09-09,233.55,239.3,239.95,232.74,13.34,3.09,0.8908,0.63,22854622.0,5469111044.6,233.84,215.6,206.9,199.62,193.22,189.04,184.54,180.66,177.93,177.86,211.63,198.58,190.05,183.32,177.4,181.06,178.44,176.0,176.24,173.13,169.77,99.89,182.13,153.48,229.18,19.78,161.94,203.6,11.4,182.13,165.68,31.39,44.44,13.07,16.45,9.93
2025-09-10,238.61,238.92,241.44,237.47,3.77,1.66,0.7796,0.57,19990049.0,4776022507.08,235.58,218.08,208.35,201.06,194.28,189.95,185.4,181.42,178.54,178.08,211.63,198.58,190.05,183.32,177.4,181.06,178.44,176.0,176.24,173.13,169.77,99.35,182.64,153.69,230.03,19.9,162.15,204.23,11.49,182.64,165.68,30.81,44.21,12.89,16.96,10.24
2025-09-11,239.5,240.14,241.93,235.94,3.58,2.51,0.8293,0.86,21307916.0,5116882948.24,237.24,220.8,209.8,202.46,195.33,190.91,186.24,182.23,179.18,178.4,211.63,198.58,190.05,183.32,177.4,181.06,178.44,176.0,176.24,173.13,169.77,99.56,183.17,153.69,231.09,20.12,162.36,205.29,11.68,183.17,165.68,31.1,44.94,13.47,17.49,10.56
2025-09-12,240.16,240.74,241.78,237.86,2.74,1.63,0.5669,0.64,14536432.0,3499500639.68,238.52,223.53,211.42,203.86,196.41,191.81,187.08,183.02,179.81,178.72,219.53,204.68,194.65,187.22,179.24,182.71,179.97,177.05,177.27,174.44,170.88,99.66,183.55,153.9,233.2,20.49,162.36,206.13,11.88,183.55,166.94,31.16,44.21,9.66,16.61,9.95
2025-09-15,244.5,251.12,252.11,244.34,7.54,3.23,1.1693,1.47,29934734.0,7517210402.08,242.04,226.55,213.49,205.43,197.71,192.86,188.04,183.88,180.49,179.16,219.53,204.68,194.65,187.22,179.24,182.71,179.97,177.05,177.27,174.44,170.88,99.82,184.4,153.9,234.68,20.79,162.57,206.98,12.02,184.4,166.94,36.18,50.43,14.39,17.46,10.46
2025-09-16,251.69,250.78,252.59,249.08,4.8,1.4,0.9764,1.13,24493512.0,6142482939.36,244.34,229.38,215.35,206.96,199.1,193.91,189.14,184.77,181.15,179.59,219.53,204.68,194.65,187.22,179.24,182.71,179.97,177.05,177.27,174.44,170.88,99.26,185.11,153.9,237.43,21.35,162.78,207.61,12.1,185.11,166.94,35.48,50.22,14.23,18.17,10.88
2025-09-17,250.82,249.21,251.31,245.94,4.31,2.14,0.8259,0.93,20490997.0,5106561362.37,246.4,232.19,217.18,208.45,200.51,194.95,190.19,185.67,181.84,180.01,219.53,204.68,194.65,187.22,179.24,182.71,179.97,177.05,177.27,174.44,170.88,97.9,185.7,153.9,238.91,21.64,162.99,208.67,12.29,185.7,166.94,34.2,49.28,13.52,18.76,11.24
2025-09-18,251.22,251.69,253.5,249.47,4.81,1.62,0.8567,0.96,21166359.0,5327360896.71,248.71,235.14,219.03,209.98,201.92,196.04,191.29,186.62,182.58,180.46,219.53,204.68,194.65,187.22,179.24,182.71,179.97,177.05,177.27,174.44,170.88,99.44,186.33,153.9,239.76,21.81,162.99,210.15,12.64,186.33,166.94,35.08,50.77,14.65,19.39,11.61
2025-09-19,252.76,254.6,256.06,251.43,5.76,1.84,1.6642,1.88,41616803.0,10595638043.8,251.48,238.02,220.97,211.55,203.32,197.22,192.35,187.63,183.41,180.91,229.64,212.09,200.03,191.71,181.71,184.32,181.72,178.51,178.4,175.94,172.17,99.49,187.56,154.11,248.64,23.47,163.2,213.11,13.26,187.56,168.98,35.74,50.67,10.87,18.58,11.0
2025-09-22,254.14,252.24,255.67,250.17,0.45,2.16,0.806,0.73,20078680.0,5064646243.2,251.7,240.65,222.67,213.04,204.63,198.33,193.38,188.57,184.22,181.36,229.64,212.09,200.03,191.71,181.71,184.32,181.72,178.51,178.4,175.94,172.17,97.63,188.18,154.11,249.91,23.71,163.42,226.86,16.26,188.18,168.98,34.04,49.27,9.84,19.2,11.36
2025-09-23,253.02,251.7,254.13,250.45,0.37,1.46,0.731,0.69,17520609.0,4409937285.3,251.89,243.36,224.37,214.41,205.87,199.44,194.34,189.48,185.0,181.8,229.64,212.09,200.03,191.71,181.71,184.32,181.72,178.51,178.4,175.94,172.17,96.49,188.7,154.11,250.75,23.87,163.42,228.13,16.53,188.7,168.98,33.39,48.95,9.61,19.72,11.67
2025-09-24,251.51,247.19,252.32,246.58,-0.81,2.28,0.7211,0.7,16958508.0,4191973592.52,251.48,244.49,225.83,215.65,207.04,200.42,195.26,190.3,185.75,182.21,229.64,212.09,200.03,191.71,181.71,184.32,181.72,178.51,178.4,175.94,172.17,92.28,189.19,154.11,250.75,23.87,163.63,228.97,16.64,189.19,168.98,30.66,46.28,7.64,20.21,11.96
2025-09-25,244.2,245.93,246.68,241.01,-2.29,2.29,0.7434,0.74,17379688.0,4274186669.84,250.33,245.43,227.29,216.88,208.21,201.34,196.14,191.1,186.54,182.62,229.64,212.09,200.03,191.71,181.71,184.32,181.72,178.51,178.4,175.94,172.17,91.93,189.66,154.11,250.75,23.87,163.63,229.82,16.82,189.66,168.98,29.67,45.54,7.09,20.68,12.24
2025-09-26,247.14,246.54,249.48,246.0,-3.17,1.42,0.7112,0.73,16594574.0,4091226273.96,248.72,246.24,228.74,218.08,209.34,202.24,197.03,191.91,187.37,183.06,237.78,218.24,204.8,196.38,184.23,185.69,183.39,179.84,179.43,177.27,173.4,91.54,190.12,154.11,250.75,23.87,163.84,230.45,16.89,190.12,170.29,29.68,44.78,3.69,19.83,11.64
2025-09-29,247.64,243.72,251.01,242.56,-3.38,3.43,0.9855,1.31,23157079.0,5643843293.88,247.02,246.92,230.06,219.2,210.4,203.12,197.91,192.69,188.16,183.48,237.78,218.24,204.8,196.38,184.23,185.69,183.39,179.84,179.43,177.27,173.4,89.81,190.73,154.32,250.54,23.77,163.84,233.2,17.47,190.73,170.29,27.78,43.12,2.5,20.44,12.0
2025-09-30,242.42,242.91,243.04,238.93,-3.49,1.68,0.9582,1.23,22540870.0,5475402731.7,245.26,247.16,231.38,220.32,211.51,204.01,198.73,193.49,188.98,183.93,237.78,218.24,204.8,196.38,184.23,185.69,183.39,179.84,179.43,177.27,173.4,89.59,191.27,154.32,250.54,23.77,164.05,234.47,17.67,191.27,170.29,27.0,42.64,2.16,20.98,12.32
2025-10-01,240.54,244.9,246.51,238.56,-0.93,3.27,1.0189,1.24,23967374.0,5869609892.6,244.8,247.56,232.82,221.42,212.68,204.94,199.55,194.28,189.68,184.4,237.78,218.24,204.8,196.38,184.23,185.69,183.39,179.84,179.43,177.27,173.4,90.33,191.87,154.32,250.54,23.77,164.05,237.01,18.19,191.87,170.29,27.64,43.81,3.0,21.58,12.67
2025-10-02,245.0,245.79,247.0,242.46,-0.06,1.85,0.8849,1.0,20657284.0,5077353834.36,244.77,247.94,234.37,222.51,213.83,205.85,200.41,195.05,190.45,184.92,237.78,218.24,204.8,196.38,184.23,185.69,183.39,179.84,179.43,177.27,173.4,90.72,192.39,154.32,250.54,23.77,164.05,238.7,18.54,192.39,170.29,27.76,44.34,3.37,22.1,12.98
2025-10-03,244.59,245.81,246.48,241.83,-0.3,1.89,0.8571,0.93,19940971.0,4901690081.51,244.63,248.28,235.9,223.71,214.97,206.78,201.22,195.82,191.17,185.42,244.4,223.5,210.06,200.35,186.61,187.01,185.04,181.21,180.49,178.46,174.55,90.66,192.89,154.32,250.54,23.77,164.26,239.76,18.69,192.89,171.85,27.44,43.04,0.58,21.04,12.24
2025-10-06,245.14,250.87,251.56,245.05,2.93,2.65,0.7902,0.83,18309030.0,4593186356.1,246.06,248.26,237.4,225.08,216.14,207.82,202.09,196.65,191.93,185.97,244.4,223.5,210.06,200.35,186.61,187.01,185.04,181.21,180.49,178.46,174.55,95.43,193.38,154.53,250.54,23.7,164.26,240.6,18.86,193.38,171.85,29.73,45.98,2.65,21.53,12.53
2025-10-07,248.29,246.49,250.91,246.17,1.47,1.89,0.5991,0.66,13810833.0,3404232226.17,246.77,247.97,238.68,226.23,217.21,208.88,202.92,197.55,192.67,186.47,244.4,223.5,210.06,200.35,186.61,187.01,185.04,181.21,180.49,178.46,174.55,90.09,193.75,154.53,250.54,23.7,164.26,241.24,18.98,193.75,171.85,27.22,43.43,0.85,21.9,12.74
2025-10-08,245.56,244.82,246.62,244.45,-0.03,0.88,0.6176,0.73,14136494.0,3460896461.08,246.76,247.68,239.93,227.35,218.26,209.94,203.73,198.41,193.42,186.95,244.4,223.5,210.06,200.35,186.61,187.01,185.04,181.21,180.49,178.46,174.55,87.34,194.11,154.53,250.54,23.7,164.26,242.3,19.19,194.11,171.85,26.12,42.46,0.17,22.26,12.95
2025-10-09,244.42,241.57,244.92,239.04,-1.72,2.4,0.8476,1.12,19375633.0,4680571663.81,245.91,247.01,241.07,228.36,219.23,210.94,204.54,199.25,194.17,187.4,244.4,223.5,210.06,200.35,186.61,187.01,185.04,181.21,180.49,178.46,174.55,84.22,194.58,154.53,250.54,23.7,164.47,242.51,19.17,194.58,171.85,24.15,40.57,-1.16,22.73,13.23
2025-10-10,241.52,236.85,244.2,236.04,-3.65,3.38,0.9815,1.31,22448619.0,5316955410.15,244.12,245.82,241.92,229.25,220.12,211.82,205.32,199.99,194.9,187.82,244.91,228.27,214.02,203.76,188.95,188.14,186.46,182.43,181.38,179.55,175.56,80.01,195.07,154.53,250.54,23.7,164.47,242.3,19.13,195.07,173.07,21.42,36.85,-3.29,22.0,12.71
2025-10-13,240.39,244.0,244.35,240.11,-2.74,1.79,0.5484,0.71,12464857.0,3041425108.0,242.75,245.27,242.96,230.2,221.1,212.76,206.16,200.79,195.66,188.34,244.91,228.27,214.02,203.76,188.95,188.14,186.46,182.43,181.38,179.55,175.56,86.81,195.37,154.53,250.54,23.7,164.68,242.72,19.15,195.37,173.07,24.89,40.98,-0.37,22.3,12.88
2025-10-14,241.12,245.55,247.38,240.54,-0.38,2.81,0.7829,1.08,17705297.0,4347535678.35,242.56,244.86,244.11,231.2,222.02,213.67,207.01,201.55,196.4,188.87,244.91,228.27,214.02,203.76,188.95,188.14,186.46,182.43,181.38,179.55,175.56,89.01,195.8,154.75,250.54,23.64,164.68,243.14,19.24,195.8,173.07,25.41,41.88,0.26,22.73,13.13
2025-10-15,247.44,251.07,252.12,246.15,2.55,2.43,0.715,0.93,16047907.0,4029148010.49,243.81,245.12,244.8,232.26,223.02,214.66,207.87,202.38,197.16,189.43,244.91,228.27,214.02,203.76,188.95,188.14,186.46,182.43,181.38,179.55,175.56,95.85,196.23,154.75,250.54,23.64,164.68,243.56,19.32,196.23,173.07,27.95,45.07,2.52,23.16,13.38
2025-10-16,251.82,251.24,256.94,250.03,4.0,2.75,0.8537,1.08,18945675.0,4759911387.0,245.74,245.48,245.45,233.35,224.03,215.66,208.7,203.19,197.89,190.01,244.91,228.27,214.02,203.76,188.95,188.14,186.46,182.43,181.38,179.55,175.56,95.5,196.77,154.75,250.97,23.72,164.68,244.2,19.45,196.77,173.07,27.68,45.17,2.59,23.7,13.69
2025-10-17,250.71,253.15,254.24,247.95,6.88,2.5,0.8123,1.01,17653756.0,4469048331.4,249.0,245.92,246.08,234.47,225.04,216.65,209.52,204.01,198.66,190.59,247.39,233.46,218.92,207.83,191.88,189.67,188.1,183.89,182.48,180.81,176.68,98.0,197.27,154.75,251.39,23.8,164.9,244.62,19.47,197.27,174.32,28.33,45.22,2.33,22.95,13.17
2025-10-20,254.59,256.38,257.24,253.96,5.07,1.3,0.6402,0.83,13726831.0,3519284931.78,251.48,246.76,246.84,235.63,226.09,217.67,210.39,204.89,199.45,191.19,247.39,233.46,218.92,207.83,191.88,189.67,188.1,183.89,182.48,180.81,176.68,99.8,197.7,154.75,251.6,23.84,164.9,245.04,19.55,197.7,174.32,29.68,47.07,3.63,23.38,13.41
2025-10-21,254.61,250.7,254.74,244.03,2.1,4.18,1.2959,1.66,27836294.0,6978558905.8,252.51,247.28,247.22,236.68,227.06,218.66,211.22,205.67,200.21,191.79,247.39,233.46,218.92,207.83,191.88,189.67,188.1,183.89,182.48,180.81,176.68,92.51,198.45,154.96,251.81,23.81,165.11,245.68,19.61,198.45,174.32,26.33,43.82,1.34,24.13,13.84
2025-10-22,254.37,251.89,256.54,249.81,0.33,2.68,0.9236,1.04,19650201.0,4949689129.89,252.67,247.75,247.65,237.8,228.0,219.7,212.07,206.44,200.96,192.37,247.39,233.46,218.92,207.83,191.88,189.67,188.1,183.89,182.48,180.81,176.68,94.69,199.01,154.96,252.02,23.85,165.11,246.1,19.7,199.01,174.32,26.57,44.5,1.82,24.69,14.16
2025-10-23,253.06,253.09,255.22,252.13,0.74,1.23,0.6262,0.68,13241223.0,3351221129.07,253.04,248.23,248.08,238.99,228.94,220.71,212.92,207.24,201.7,192.96,247.39,233.46,218.92,207.83,191.88,189.67,188.1,183.89,182.48,180.81,176.68,96.54,199.4,154.96,252.45,23.93,165.11,246.52,19.78,199.4,174.32,26.93,45.19,2.3,25.08,14.39
2025-10-24,256.66,259.87,261.87,255.46,2.65,2.53,0.877,1.0,18405966.0,4783158384.42,254.39,249.17,248.72,240.33,230.07,221.81,213.84,208.07,202.49,193.59,248.44,239.04,224.21,212.13,195.38,191.26,189.73,185.5,183.64,182.09,178.0,99.73,199.98,154.96,252.87,24.01,165.32,247.16,19.84,199.98,175.86,29.95,47.77,4.6,24.12,13.72
2025-10-27,264.72,269.29,270.16,264.3,5.04,2.25,1.0938,1.24,22987425.0,6190283678.25,256.97,250.4,249.33,241.74,231.41,222.99,214.91,208.99,203.36,194.26,248.44,239.04,224.21,212.13,195.38,191.26,189.73,185.5,183.64,182.09,178.0,99.81,200.81,154.96,253.5,24.13,165.32,248.0,20.01,200.81,175.86,34.1,53.13,8.39,24.95,14.19
2025-10-28,269.56,267.79,270.74,266.53,6.82,1.56,0.9589,0.98,20101066.0,5382864464.14,260.39,251.82,249.9,243.06,232.62,224.13,216.03,209.91,204.33,194.9,248.44,239.04,224.21,212.13,195.38,191.26,189.73,185.5,183.64,182.09,178.0,98.58,201.54,155.17,254.14,24.18,165.53,248.64,20.07,201.54,175.86,32.87,52.27,7.79,25.68,14.6
2025-10-29,267.97,274.53,275.33,267.79,8.99,2.82,1.2469,1.39,26287850.0,7216803460.5,264.91,253.8,250.74,244.56,233.96,225.37,217.25,210.89,205.33,195.62,248.44,239.04,224.21,212.13,195.38,191.26,189.73,185.5,183.64,182.09,178.0,99.86,202.55,155.17,255.62,24.45,165.53,249.49,20.23,202.55,175.86,35.54,56.11,10.5,26.69,15.18
2025-10-30,291.08,281.26,291.29,279.81,11.13,4.18,2.2448,2.4,48570032.0,13660807200.32,270.55,256.44,251.72,246.2,235.38,226.68,218.52,211.95,206.4,196.41,248.44,239.04,224.21,212.13,195.38,191.26,189.73,185.5,183.64,182.09,178.0,97.9,204.58,155.17,267.88,26.64,165.74,250.75,20.41,204.58,175.86,37.48,59.93,13.21,28.72,16.33
2025-10-31,282.56,281.18,285.64,276.88,8.2,3.12,1.3674,1.1,29932694.0,8416474898.92,274.81,259.4,252.61,247.75,236.79,227.97,219.75,213.04,207.42,197.25,255.37,246.57,230.62,217.44,199.86,193.27,191.91,187.68,185.06,183.68,179.47,97.07,205.77,155.38,270.42,27.02,165.95,251.39,20.47,205.77,178.86,36.65,57.21,10.11,26.91,15.05
2025-11-03,281.78,283.48,285.3,279.73,5.27,1.98,0.9028,0.67,19691737.0,5582213604.76,277.65,262.03,253.65,249.32,238.16,229.29,220.97,214.14,208.45,198.11,255.37,246.57,230.62,217.44,199.86,193.27,191.91,187.68,185.06,183.68,179.47,98.2,206.56,155.38,274.44,27.7,165.95,251.6,20.51,206.56,178.86,37.24,58.49,11.01,27.7,15.49
2025-11-04,276.42,277.42,281.19,276.23,3.6,1.75,0.83,0.63,18123610.0,5027851886.2,279.57,264.16,254.51,250.79,239.44,230.45,222.08,215.17,209.38,198.91,255.37,246.57,230.62,217.44,199.86,193.27,191.91,187.68,185.06,183.68,179.47,94.59,207.23,155.38,278.46,28.37,166.16,252.02,20.53,207.23,178.86,33.87,55.1,8.63,28.37,15.86
2025-11-05,278.74,284.11,286.06,277.24,3.49,3.18,0.9186,0.7,20062843.0,5700054324.73,281.49,266.36,255.74,251.99,240.79,231.69,223.28,216.22,210.38,199.75,255.37,246.57,230.62,217.44,199.86,193.27,191.91,187.68,185.06,183.68,179.47,98.47,208.0,155.59,280.57,28.65,166.16,252.66,20.65,208.0,178.86,36.59,58.84,11.25,29.14,16.29
2025-11-06,285.1,284.7,288.17,280.98,1.22,2.53,1.055,0.85,23103441.0,6577549652.7,282.18,268.59,257.03,253.16,242.16,232.94,224.48,217.25,211.36,200.64,255.37,246.57,230.62,217.44,199.86,193.27,191.91,187.68,185.06,183.68,179.47,98.4,208.91,155.59,281.63,28.83,166.38,253.08,20.67,208.91,178.86,36.28,59.17,11.48,30.05,16.8
2025-11-07,283.57,279.06,283.86,275.1,-0.75,3.08,1.001,0.99,21990834.0,6136762136.04,281.75,270.32,258.12,254.16,243.43,234.1,225.6,218.2,212.3,201.52,262.02,253.21,236.34,223.05,203.89,195.14,194.19,189.71,186.33,185.02,181.02,92.64,209.7,155.59,281.63,28.83,166.38,253.71,20.79,209.7,181.01,33.08,54.17,6.5,28.69,15.85
2025-11-10,284.62,289.95,290.82,282.9,2.28,2.84,0.8891,0.95,19508145.0,5656386642.75,283.05,272.55,259.66,255.41,244.86,235.39,226.82,219.27,213.35,202.46,262.02,253.21,236.34,223.05,203.89,195.14,194.19,189.71,186.33,185.02,181.02,99.87,210.47,155.8,282.48,28.9,166.38,254.56,20.95,210.47,181.01,37.76,60.18,10.66,29.46,16.28
2025-11-11,287.56,291.1,291.7,287.24,4.93,1.54,0.6446,0.69,14156331.0,4120907954.1,285.78,275.25,261.26,256.56,246.32,236.7,228.09,220.37,214.36,203.43,262.02,253.21,236.34,223.05,203.89,195.14,194.19,189.71,186.33,185.02,181.02,99.89,211.04,155.8,283.11,29.01,166.59,255.2,21.01,211.04,181.01,37.94,60.82,11.1,30.03,16.59
2025-11-12,291.44,286.79,291.72,283.74,0.94,2.74,0.772,0.86,16998821.0,4875091874.59,286.32,277.57,262.66,257.63,247.74,237.92,229.34,221.43,215.33,204.28,262.02,253.21,236.34,223.05,203.89,195.14,194.19,189.71,186.33,185.02,181.02,97.64,211.7,155.8,283.74,29.11,166.59,256.68,21.28,211.7,181.01,35.47,58.44,9.45,30.69,16.95
2025-11-13,282.35,278.48,282.87,277.36,-2.18,1.92,0.8176,0.94,18059918.0,5029325964.64,285.08,279.27,263.75,258.48,249.06,239.01,230.47,222.4,216.25,205.11,262.02,253.21,236.34,223.05,203.89,195.14,194.19,189.71,186.33,185.02,181.02,89.47,212.32,156.01,283.74,29.05,166.59,260.69,22.02,212.32,181.01,31.16,53.85,6.28,31.31,17.3
2025-11-14,271.26,276.34,278.51,270.77,-0.97,2.78,0.8258,1.01,18330322.0,5065401181.48,284.53,280.37,264.77,259.27,250.34,240.13,231.57,223.35,217.11,205.89,269.92,257.41,242.15,227.99,208.02,197.4,196.33,191.6,187.63,186.39,182.49,88.09,212.92,156.01,283.74,29.05,166.8,267.67,23.22,212.92,182.79,29.79,51.18,2.38,30.13,16.48
2025-11-17,285.76,284.96,293.88,283.59,-1.72,3.72,1.5347,1.97,34286027.0,9770146253.92,283.53,281.41,265.9,260.02,251.65,241.41,232.73,224.41,218.05,206.72,269.92,257.41,242.15,227.99,208.02,197.4,196.33,191.6,187.63,186.39,182.49,94.93,214.2,156.23,285.01,29.19,166.8,270.84,23.77,214.2,182.79,33.03,55.89,5.57,31.41,17.18
2025-11-18,287.85,284.32,288.8,278.37,-2.33,3.66,1.3227,1.46,29702164.0,8444919268.48,282.18,282.51,267.16,260.77,252.92,242.6,233.86,225.53,218.98,207.57,269.92,257.41,242.15,227.99,208.02,197.4,196.33,191.6,187.63,186.39,182.49,93.6,215.23,156.23,285.22,29.22,167.01,274.86,24.41,215.23,182.79,32.1,55.54,5.33,32.44,17.75
2025-11-19,287.04,292.35,303.61,287.03,1.94,5.83,1.8922,1.84,43123343.0,12607109326.05,283.29,283.7,268.75,261.73,254.34,243.91,235.09,226.74,219.99,208.49,269.92,257.41,242.15,227.99,208.02,197.4,196.33,191.6,187.63,186.39,182.49,98.56,216.87,156.44,287.13,29.46,167.22,278.67,24.99,216.87,182.79,34.8,59.94,8.31,34.08,18.64
2025-11-20,304.1,289.34,306.25,288.53,3.9,6.06,1.5055,1.21,34801246.0,10069392517.64,285.46,284.24,270.34,262.56,255.71,245.15,236.27,227.91,220.99,209.4,269.92,257.41,242.15,227.99,208.02,197.4,196.33,191.6,187.63,186.39,182.49,95.33,218.17,156.65,289.03,29.7,167.22,280.15,25.24,218.17,182.79,32.62,58.29,7.19,35.38,19.36
2025-11-21,296.23,299.01,303.32,293.72,8.2,3.32,1.8587,1.36,43670518.0,13057921587.18,290.0,285.43,272.41,263.55,257.17,246.52,237.55,229.13,222.09,210.4,279.09,263.24,248.67,233.96,212.56,200.24,198.81,193.85,189.36,188.02,184.3,98.63,219.87,156.86,291.15,29.97,167.43,281.63,25.43,219.87,186.01,35.99,60.75,7.14,33.86,18.2
2025-11-24,310.37,317.83,319.16,308.76,11.53,3.48,2.3041,1.49,55311610.0,17579689006.3,296.57,287.72,274.87,265.01,258.92,248.07,239.02,230.51,223.34,211.5,279.09,263.24,248.67,233.96,212.56,200.24,198.81,193.85,189.36,188.02,184.3,99.71,222.3,157.07,296.86,30.79,167.86,283.32,25.59,222.3,186.01,42.97,70.87,13.88,36.29,19.51
2025-11-25,326.16,323.0,328.03,317.18,13.6,3.41,2.0884,1.23,50899299.0,16440473577.0,304.31,290.76,277.46,266.59,260.78,249.7,240.5,231.89,224.62,212.61,279.09,263.24,248.67,233.96,212.56,200.24,198.81,193.85,189.36,188.02,184.3,98.94,224.61,157.07,301.51,31.5,168.28,284.8,25.72,224.61,186.01,43.8,73.65,15.73,38.6,20.75
2025-11-26,320.14,319.64,324.35,316.56,9.33,2.41,1.2609,0.65,29839485.0,9537892985.4,309.76,293.12,279.74,268.2,262.27,251.25,241.93,233.25,225.84,213.67,279.09,263.24,248.67,233.96,212.56,200.24,198.81,193.85,189.36,188.02,184.3,97.14,225.95,157.28,315.04,33.4,168.49,285.86,25.83,225.95,186.01,41.46,71.84,14.53,39.94,21.47
2025-11-28,322.79,319.48,326.24,316.3,10.42,3.11,0.8339,0.46,19558057.0,6248408050.36,315.79,295.44,282.02,269.84,263.73,252.82,243.36,234.62,227.03,214.72,291.01,269.73,256.37,240.91,217.72,203.72,201.4,196.39,191.54,189.82,186.36,96.43,226.83,157.28,317.16,33.7,168.49,286.7,25.97,226.83,189.82,40.85,68.31,9.78,37.01,19.5
2025-12-01,316.83,314.48,318.99,313.34,5.17,1.77,1.2139,0.72,28520496.0,8969125582.08,318.89,297.8,284.06,271.35,265.07,254.3,244.71,235.91,228.15,215.74,291.01,269.73,256.37,240.91,217.72,203.72,201.4,196.39,191.54,189.82,186.36,93.05,228.02,157.49,317.37,33.67,168.7,288.18,26.15,228.02,189.82,37.92,65.67,8.06,38.2,20.12
2025-12-02,316.26,315.38,317.96,313.58,-0.77,1.39,1.0488,0.67,24668159.0,7779843985.42,318.4,299.5,286.03,272.94,266.43,255.79,246.07,237.2,229.3,216.77,291.01,269.73,256.37,240.91,217.72,203.72,201.4,196.39,191.54,189.82,186.36,93.05,229.05,157.49,317.37,33.67,168.7,289.45,26.36,229.05,189.82,37.69,66.15,8.37,39.23,20.67
2025-12-03,315.39,319.98,321.4,313.64,-0.93,2.46,1.3635,1.05,32284863.0,10330510462.74,317.79,301.43,288.34,274.65,267.78,257.34,247.49,238.57,230.5,217.84,291.01,269.73,256.37,240.91,217.72,203.72,201.4,196.39,191.54,189.82,186.36,96.72,230.4,157.49,318.21,33.79,168.91,291.15,26.57,230.4,189.82,38.88,68.57,9.95,40.58,21.38
2025-12-04,322.4,317.75,322.46,314.95,-0.59,2.35,0.8792,0.77,20829691.0,6618634315.25,317.41,303.49,290.53,276.27,269.09,258.89,248.84,239.93,231.69,218.88,291.01,269.73,256.37,240.91,217.72,203.72,201.4,196.39,191.54,189.82,186.36,93.85,231.28,157.71,318.64,33.78,169.13,293.05,26.81,231.28,189.82,37.39,67.4,9.19,41.46,21.84
2025-12-05,319.36,321.45,323.19,319.34,0.62,1.21,0.6661,0.62,15719720.0,5053103994.0,317.81,306.35,292.81,277.95,270.45,260.52,250.23,241.31,232.89,219.92,299.07,277.22,264.07,247.73,223.32,207.48,203.99,199.03,193.75,191.66,188.37,97.62,231.97,157.71,319.27,33.87,169.13,294.95,27.11,231.97,192.75,38.57,66.77,7.48,39.22,20.35
2025-12-08,320.6,314.02,320.8,311.48,-0.15,2.9,0.9276,0.9,22005899.0,6910292403.98,317.72,308.87,294.62,279.47,271.67,262.04,251.59,242.61,234.04,220.91,299.07,277.22,264.07,247.73,223.32,207.48,203.99,199.03,193.75,191.66,188.37,88.28,232.84,157.71,319.27,33.87,169.34,297.07,27.39,232.84,192.75,34.87,62.92,5.0,40.09,20.8
2025-12-09,312.67,317.32,318.28,312.19,0.62,1.94,0.6032,0.61,14150924.0,4490371203.68,318.1,311.02,296.22,280.94,272.77,263.53,253.01,243.91,235.24,221.93,299.07,277.22,264.07,247.73,223.32,207.48,203.99,199.03,193.75,191.66,188.37,92.42,233.43,157.71,319.27,33.87,169.34,298.34,27.58,233.43,192.75,35.94,64.63,6.1,40.68,21.11
2025-12-10,316.19,320.57,321.44,314.97,0.18,2.04,0.9715,1.08,22764018.0,7297461250.26,318.22,313.44,297.98,282.59,273.94,265.02,254.41,245.23,236.52,223.06,299.07,277.22,264.07,247.73,223.32,207.48,203.99,199.03,193.75,191.66,188.37,96.66,234.4,157.92,319.48,33.84,169.55,300.24,27.82,234.4,192.75,36.76,66.31,7.19,41.65,21.61
2025-12-11,320.67,313.27,321.56,309.45,-1.41,3.78,1.1016,1.36,25911785.0,8117384886.95,317.33,314.83,299.27,284.11,275.0,266.44,255.73,246.48,237.75,224.12,299.07,277.22,264.07,247.73,223.32,207.48,203.99,199.03,193.75,191.66,188.37,85.6,235.43,157.92,319.48,33.84,169.55,311.87,29.56,235.43,192.75,33.06,62.53,4.75,42.68,22.14
2025-12-12,314.36,310.09,315.71,306.53,-3.53,2.93,0.904,1.06,21264785.0,6593997180.65,315.05,316.22,300.23,285.63,275.98,267.81,257.0,247.69,238.95,225.16,305.27,283.65,270.57,253.57,228.11,210.87,206.34,201.47,195.84,193.38,190.15,84.2,236.21,157.92,319.48,33.84,169.76,312.29,29.57,236.21,195.17,31.28,58.88,1.58,41.04,21.03
2025-12-15,312.2,308.89,312.27,305.31,-1.63,2.24,0.9496,1.04,22028669.0,6804435567.41,314.03,316.88,301.15,287.23,276.88,269.11,258.24,248.88,240.1,226.17,305.27,283.65,270.57,253.57,228.11,210.87,206.34,201.47,195.84,193.38,190.15,83.56,237.0,157.92,319.48,33.84,169.97,311.87,29.45,237.0,195.17,30.33,58.27,1.18,41.83,21.43
2025-12-16,305.57,307.3,311.42,303.4,-3.16,2.59,0.9168,1.0,21285132.0,6540921063.6,312.02,316.17,301.95,288.64,277.8,270.37,259.42,250.05,241.21,227.15,305.27,283.65,270.57,253.57,228.11,210.87,206.34,201.47,195.84,193.38,190.15,82.73,237.75,158.13,319.48,33.78,170.18,311.66,29.36,237.75,195.17,29.25,57.45,0.66,42.58,21.82
2025-12-17,308.58,297.63,308.76,297.02,-7.16,3.82,1.2439,1.29,29120257.0,8667062090.91,307.44,314.48,302.62,289.8,278.56,271.52,260.5,251.07,242.22,228.03,305.27,283.65,270.57,253.57,228.11,210.87,206.34,201.47,195.84,193.38,190.15,79.18,238.65,158.13,319.48,33.78,170.39,311.24,29.24,238.65,195.17,24.71,52.5,-2.5,43.48,22.28
2025-12-18,302.63,303.32,304.83,300.2,-3.18,1.56,0.8962,0.88,21040496.0,6382003246.72,305.45,313.4,303.26,290.96,279.5,272.5,261.61,252.14,243.27,228.95,305.27,283.65,270.57,253.57,228.11,210.87,206.34,201.47,195.84,193.38,190.15,81.76,239.33,158.13,319.27,33.75,170.61,311.02,29.15,239.33,195.17,26.74,55.41,-0.64,44.16,22.63
2025-12-19,302.84,308.18,308.56,301.91,-0.62,2.19,1.8893,1.97,45234430.0,13940346637.4,305.06,312.64,304.04,292.22,280.54,273.52,262.79,253.25,244.37,229.9,311.64,290.78,275.49,259.53,232.77,214.41,208.67,203.85,197.91,195.06,191.9,83.68,240.75,158.34,319.27,33.69,171.03,310.39,28.95,240.75,198.02,28.01,55.63,-1.11,42.73,21.58
2025-12-22,310.8,310.9,311.27,306.16,0.65,1.66,0.5896,0.51,14091373.0,4381007865.7,305.47,312.4,305.1,293.51,281.61,274.54,263.99,254.38,245.47,230.86,311.64,290.78,275.49,259.53,232.77,214.41,208.67,203.85,197.91,195.06,191.9,85.3,241.29,158.34,319.27,33.69,171.03,310.6,28.98,241.29,198.02,28.85,57.0,-0.24,43.27,21.85
2025-12-23,310.7,315.25,315.87,310.32,2.59,1.79,0.5879,0.53,13961408.0,4401333872.0,307.06,312.39,305.95,294.82,282.8,275.63,265.22,255.55,246.6,231.87,311.64,290.78,275.49,259.53,232.77,214.41,208.67,203.85,197.91,195.06,191.9,88.64,241.78,158.34,319.27,33.69,171.24,311.24,29.02,241.78,198.02,30.39,59.2,1.16,43.76,22.1
2025-12-24,315.72,315.24,315.86,312.89,5.92,0.94,0.2577,0.24,6048113.0,1906607142.12,310.58,312.08,306.75,296.25,284.01,276.64,266.46,256.71,247.76,232.84,311.64,290.78,275.49,259.53,232.77,214.41,208.67,203.85,197.91,195.06,191.9,88.59,242.0,158.34,319.27,33.69,171.24,311.87,29.11,242.0,198.02,30.26,59.2,1.15,43.98,22.21
2025-12-26,315.49,314.53,316.13,313.29,3.7,0.9,0.2903,0.34,6730924.0,2117077525.72,312.82,311.86,307.68,297.64,285.17,277.65,267.72,257.85,248.93,233.8,314.75,296.92,280.41,265.19,237.53,218.14,211.12,206.24,200.04,196.78,193.71,87.29,242.24,158.34,319.27,33.69,171.24,312.29,29.17,242.24,198.89,29.84,58.14,-0.07,43.35,21.8
2025-12-29,312.39,313.96,314.54,311.47,1.88,0.98,0.5345,0.72,12317576.0,3867226160.96,313.98,311.36,308.86,299.0,286.3,278.63,268.99,258.96,250.07,234.77,314.75,296.92,280.41,265.19,237.53,218.14,211.12,206.24,200.04,196.78,193.71,86.18,242.69,158.55,319.27,33.64,171.45,312.93,29.21,242.69,198.89,29.37,57.86,-0.25,43.8,22.02
2025-12-30,312.98,314.12,317.27,312.82,1.04,1.42,0.4827,1.04,11052292.0,3471745963.04,314.62,311.37,310.12,300.2,287.44,279.61,270.26,260.13,251.2,235.71,314.75,296.92,280.41,265.19,237.53,218.14,211.12,206.24,200.04,196.78,193.71,86.25,243.09,158.55,319.27,33.64,171.45,313.35,29.27,243.09,198.89,29.22,57.94,-0.2,44.2,22.22
2025-12-31,312.94,313.37,314.96,311.77,-0.6,1.02,0.4752,1.08,10821374.0,3391093970.38,314.24,311.11,311.07,301.18,288.48,280.44,271.46,261.31,252.31,236.65,314.75,296.92,280.41,265.19,237.53,218.14,211.12,206.24,200.04,196.78,193.71,85.0,243.49,158.55,319.27,33.64,171.45,313.56,29.3,243.49,198.89,28.7,57.56,-0.44,44.6,22.42
2026-01-02,317.16,314.89,322.48,310.22,-0.11,3.91,0.9622,2.35,22043616.0,6941314242.24,314.17,310.73,312.08,302.23,289.62,281.29,272.64,262.45,253.42,237.6,313.83,302.42,284.43,270.73,242.23,222.14,213.49,208.51,202.2,198.48,195.46,87.57,244.29,158.55,319.27,33.64,171.66,313.77,29.27,244.29,200.17,28.9,57.31,0.34,44.12,22.04
2026-01-05,317.26,316.89,318.82,314.82,0.75,1.27,0.8664,1.58,19933408.0,6316697661.12,314.65,310.97,312.9,303.17,290.83,282.2,273.86,263.62,254.54,238.57,313.83,302.42,284.43,270.73,242.23,222.14,213.49,208.51,202.2,198.48,195.46,90.9,245.0,158.76,319.27,33.58,171.87,314.2,29.28,245.0,200.17,29.34,58.31,0.98,44.83,22.4
2026-01-06,316.88,314.12,321.13,311.91,0.05,2.91,0.8256,1.25,18989695.0,5965042993.4,314.68,311.24,313.73,303.9,292.03,283.03,275.05,264.74,255.63,239.54,313.83,302.42,284.43,270.73,242.23,222.14,213.49,208.51,202.2,198.48,195.46,84.22,245.67,158.76,319.27,33.58,172.09,314.41,29.25,245.67,200.17,27.86,56.93,0.09,45.5,22.73
2026-01-07,314.14,322.0,326.04,314.07,2.51,3.81,1.0714,1.49,24681719.0,7947513518.0,316.25,312.11,314.5,304.81,293.45,283.93,276.28,265.94,256.79,240.57,313.83,302.42,284.43,270.73,242.23,222.14,213.49,208.51,202.2,198.48,195.46,97.92,246.58,158.76,319.69,33.64,172.3,314.83,29.26,246.58,200.17,30.59,60.86,2.6,46.41,23.19
2026-01-08,328.84,325.58,330.11,321.56,3.9,2.66,0.9395,1.13,21789306.0,7094162247.48,318.7,313.33,314.75,305.74,294.81,284.91,277.53,267.12,257.96,241.62,313.83,302.42,284.43,270.73,242.23,222.14,213.49,208.51,202.2,198.48,195.46,99.23,247.42,158.97,320.33,33.66,172.3,315.25,29.32,247.42,200.17,31.59,62.65,3.74,47.25,23.6
2026-01-09,327.06,328.71,331.05,325.82,4.39,1.61,0.7724,0.83,17917731.0,5889737357.01,321.46,315.4,314.94,306.88,296.2,285.93,278.84,268.34,259.11,242.69,315.28,307.17,289.91,276.87,247.35,226.69,216.05,211.12,204.75,200.32,197.4,99.56,248.15,158.97,320.96,33.75,172.51,315.46,29.3,248.15,202.58,32.46,62.26,4.26,45.57,22.49
2026-01-12,326.07,332.3,334.01,325.08,4.86,2.72,1.0243,1.16,23893757.0,7939895451.1,324.54,317.34,315.37,307.95,297.55,287.07,279.97,269.57,260.29,243.74,315.28,307.17,289.91,276.87,247.35,226.69,216.05,211.12,204.75,200.32,197.4,99.78,249.09,159.19,321.81,33.81,172.72,315.89,29.3,249.09,202.58,33.41,64.03,5.4,46.51,22.96
2026-01-13,334.85,336.0,340.77,333.92,6.97,2.06,1.051,1.15,24616639.0,8271190704.0,328.92,319.19,315.92,309.09,298.97,288.27,281.13,270.85,261.5,244.8,315.28,307.17,289.91,276.87,247.35,226.69,216.05,211.12,204.75,200.32,197.4,99.24,250.13,159.19,323.29,34.01,172.93,316.31,29.31,250.13,202.58,34.33,65.86,6.57,47.55,23.47
2026-01-14,334.56,335.88,336.6,330.71,4.31,1.75,0.7615,0.79,17839329.0,5991873824.52,331.69,320.86,316.63,310.35,300.35,289.46,282.26,272.11,262.69,245.85,315.28,307.17,289.91,276.87,247.35,226.69,216.05,211.12,204.75,200.32,197.4,99.07,250.85,159.4,324.56,34.13,172.93,316.73,29.37,250.85,202.58,33.9,65.8,6.53,48.27,23.83
2026-01-15,337.62,332.73,337.7,330.86,2.2,2.04,0.6998,0.77,16424644.0,5464971798.12,333.12,322.02,317.21,311.31,301.62,290.65,283.36,273.34,263.86,246.88,315.28,307.17,289.91,276.87,247.35,226.69,216.05,211.12,204.75,200.32,197.4,97.49,251.51,159.4,326.25,34.36,173.14,316.95,29.34,251.51,202.58,32.29,64.25,5.53,48.93,24.15
2026-01-16,334.5,329.91,334.81,327.74,0.37,2.12,0.9357,1.09,21868538.0,7214649371.58,333.36,323.0,317.54,312.17,302.94,291.81,284.37,274.54,265.0,247.91,319.24,312.26,295.51,282.74,252.79,230.98,218.56,213.87,207.22,202.07,199.16,95.88,252.37,159.4,328.58,34.67,173.14,317.37,29.4,252.37,205.18,30.72,60.79,3.34,47.19,23.0
2026-01-20,320.81,321.73,327.66,320.46,-3.18,2.18,1.1564,1.3,27169772.0,8741330745.56,331.25,323.48,317.67,312.94,304.1,292.83,285.29,275.69,266.05,248.88,319.24,312.26,295.51,282.74,252.79,230.98,218.56,213.87,207.22,202.07,199.16,90.39,253.3,159.61,328.36,34.58,173.35,318.0,29.44,253.3,205.18,27.02,56.8,0.78,48.12,23.45
2026-01-21,320.67,327.95,332.3,319.11,-2.4,4.1,0.9635,1.06,22791445.0,7474454387.75,329.64,324.41,317.89,314.04,305.35,293.93,286.26,276.91,267.15,249.89,319.24,312.26,295.51,282.74,252.79,230.98,218.56,213.87,207.22,202.07,199.16,94.53,254.1,159.82,328.79,34.58,173.57,318.43,29.44,254.1,205.18,29.06,59.84,2.73,48.92,23.84
2026-01-22,333.84,330.41,334.78,328.45,-1.63,1.93,0.8405,0.94,19902110.0,6575856165.1,328.55,325.5,318.43,315.25,306.53,295.05,287.26,278.15,268.3,250.92,319.24,312.26,295.51,282.74,252.79,230.98,218.56,213.87,207.22,202.07,199.16,95.52,254.84,159.82,329.85,34.72,173.78,319.06,29.48,254.84,205.18,29.65,61.03,3.5,49.66,24.2
2026-01-23,332.22,328.0,333.6,327.54,-1.42,1.83,0.8092,0.88,19110081.0,6268106568.0,327.6,326.47,318.79,316.2,307.5,296.08,288.11,279.32,269.46,251.95,323.21,317.42,301.59,287.42,257.8,235.37,221.41,216.51,209.57,203.85,200.95,92.92,255.52,159.82,330.06,34.75,173.99,319.69,29.51,255.52,207.23,28.37,58.28,1.48,48.29,23.3
2026-01-26,327.77,333.16,335.92,327.06,0.99,2.7,0.7844,0.83,18502451.0,6164276575.16,328.25,327.69,319.21,317.29,308.59,297.24,289.03,280.51,270.61,253.06,323.21,317.42,301.59,287.42,257.8,235.37,221.41,216.51,209.57,203.85,200.95,97.37,256.24,160.03,330.69,34.78,173.99,320.12,29.57,256.24,207.23,30.02,60.77,3.08,49.01,23.65
2026-01-27,335.2,334.57,337.78,333.32,3.99,1.34,0.6867,0.75,16080531.0,5380063256.67,330.82,328.87,319.92,318.23,309.59,298.43,289.98,281.72,271.78,254.19,323.21,317.42,301.59,287.42,257.8,235.37,221.41,216.51,209.57,203.85,200.95,97.81,256.87,160.03,331.33,34.86,174.2,320.54,29.58,256.87,207.23,30.25,61.45,3.52,49.64,23.95
2026-01-28,336.18,335.85,337.2,331.7,2.41,1.64,0.7658,0.91,17538425.0,5890280036.25,332.4,330.32,320.78,319.26,310.5,299.69,290.91,282.94,272.94,255.31,323.21,317.42,301.59,287.42,257.8,235.37,221.41,216.51,209.57,203.85,200.95,98.68,257.55,160.03,332.17,34.97,174.41,321.17,29.61,257.55,207.23,30.4,62.07,3.91,50.32,24.28
2026-01-29,339.92,338.23,341.86,326.29,2.37,4.64,1.0761,1.35,24548142.0,8302918068.66,333.96,331.4,321.76,320.13,311.45,301.04,291.84,284.15,274.12,256.43,323.21,317.42,301.59,287.42,257.8,235.37,221.41,216.51,209.57,203.85,200.95,99.51,258.49,160.24,333.02,35.03,174.62,321.81,29.65,258.49,207.23,30.85,63.21,4.65,51.26,24.74
2026-01-30,334.03,338.1,339.86,332.21,3.08,2.26,0.9516,1.13,21740169.0,7350351138.9,335.98,332.24,322.78,320.58,312.36,302.3,292.79,285.35,275.26,257.53,327.92,321.33,307.25,292.29,263.08,239.75,224.46,219.23,212.06,205.86,202.83,99.31,259.34,160.24,334.07,35.17,174.84,322.66,29.71,259.34,209.65,30.37,61.27,3.1,49.69,23.7
2026-02-02,336.12,344.47,344.74,335.58,3.39,2.71,0.9935,1.16,22775185.0,7845367976.95,338.24,333.29,324.35,321.06,313.48,303.62,293.82,286.62,276.46,258.64,327.92,321.33,307.25,292.29,263.08,239.75,224.46,219.23,212.06,205.86,202.83,99.98,260.27,160.46,334.92,35.22,175.05,323.71,29.81,260.27,209.65,32.35,64.31,5.05,50.62,24.15
2026-02-03,348.08,340.27,349.72,338.16,1.7,3.36,1.1202,1.26,25785996.0,8774200858.92,339.38,333.82,325.58,321.52,314.42,304.81,294.86,287.66,277.6,259.73,327.92,321.33,307.25,292.29,263.08,239.75,224.46,219.23,212.06,205.86,202.83,98.19,261.34,160.67,335.77,35.27,175.26,325.19,29.96,261.34,209.65,30.2,62.3,3.77,51.69,24.66
2026-02-04,343.32,332.91,343.82,328.94,-0.88,4.37,1.591,1.65,36991076.0,12314699111.16,338.8,333.61,326.4,321.81,315.22,305.9,295.83,288.63,278.69,260.78,327.92,321.33,307.25,292.29,263.08,239.75,224.46,219.23,212.06,205.86,202.83,90.61,262.75,160.88,336.19,35.27,175.68,327.94,30.23,262.75,209.65,26.7,58.79,1.52,53.1,25.33
2026-02-05,312.77,330.9,332.21,306.49,-2.17,7.73,2.183,1.97,51841916.0,17154490004.4,337.33,333.28,327.07,322.18,316.09,306.93,296.76,289.55,279.76,261.79,327.92,321.33,307.25,292.29,263.08,239.75,224.46,219.23,212.06,205.86,202.83,88.24,264.24,161.3,335.98,35.13,175.89,328.15,30.21,264.24,209.65,25.23,57.83,0.91,54.59,26.04
2026-02-06,326.92,322.67,330.21,319.72,-4.56,3.17,1.4123,1.06,33876989.0,10931088040.63,334.24,332.61,327.31,322.34,316.63,307.82,297.64,290.39,280.75,262.75,329.48,321.65,311.44,295.69,267.82,243.7,227.3,221.44,214.29,207.8,204.47,79.87,265.25,161.51,335.98,35.07,176.1,328.15,30.15,265.25,213.21,21.65,51.34,-2.07,52.04,24.41
2026-02-09,320.81,323.97,327.31,317.27,-5.95,3.11,1.0792,0.76,26103227.0,8456662451.19,330.14,332.21,327.61,322.43,317.18,308.79,298.54,291.2,281.75,263.73,329.48,321.65,311.44,295.69,267.82,243.7,227.3,221.44,214.29,207.8,204.47,81.24,265.98,161.72,335.98,35.01,176.32,327.94,30.07,265.98,213.21,21.8,51.95,-1.67,52.77,24.75
2026-02-10,320.48,318.2,321.2,314.23,-6.49,2.15,1.0394,0.72,25281784.0,8044663668.8,325.73,331.98,327.73,322.44,317.7,309.68,299.36,291.96,282.72,264.69,329.48,321.65,311.44,295.69,267.82,243.7,227.3,221.44,214.29,207.8,204.47,72.27,266.61,161.94,335.98,34.95,176.32,327.73,30.04,266.61,213.21,19.35,49.24,-3.42,53.4,25.05
2026-02-11,318.53,310.9,320.62,309.7,-6.61,3.43,0.983,0.69,24008044.0,7464100879.6,321.33,330.84,327.63,322.21,318.24,310.45,300.08,292.63,283.65,265.58,329.48,321.65,311.44,295.69,267.82,243.7,227.3,221.44,214.29,207.8,204.47,60.48,267.17,162.15,335.98,34.9,176.53,327.52,29.96,267.17,213.21,16.37,45.82,-5.64,53.96,25.31
2026-02-12,311.92,308.94,316.05,307.72,-6.64,2.68,1.1466,0.87,28193722.0,8710168474.68,316.94,329.41,327.45,322.09,318.79,311.1,300.78,293.28,284.56,266.45,329.48,321.65,311.44,295.69,267.82,243.7,227.3,221.44,214.29,207.8,204.47,58.73,267.76,162.36,335.77,34.81,176.74,327.31,29.87,267.76,213.21,15.38,44.9,-6.23,54.55,25.59
2026-02-13,307.56,305.59,308.46,303.47,-5.29,1.62,0.8309,0.74,20235708.0,6183830007.72,313.52,327.92,327.19,321.83,319.13,311.59,301.39,293.8,285.39,267.29,324.85,320.07,313.07,298.64,271.84,247.51,230.0,223.34,216.32,209.54,205.93,56.19,268.15,162.57,335.77,34.75,176.74,327.1,29.84,268.15,215.5,13.96,41.81,-5.93,52.65,24.43
2026-02-17,300.21,302.39,304.46,296.47,-6.66,2.61,0.9792,0.96,23750637.0,7181955122.43,309.2,325.86,326.78,321.43,319.43,312.05,302.01,294.29,286.18,268.09,324.85,320.07,313.07,298.64,271.84,247.51,230.0,223.34,216.32,209.54,205.93,54.68,268.57,162.78,335.77,34.7,176.95,326.88,29.76,268.57,215.5,12.59,40.32,-6.92,53.07,24.63
2026-02-18,302.0,303.51,305.48,301.55,-4.62,1.3,0.6659,0.65,15847628.0,4809913574.28,306.27,323.79,326.33,321.21,319.62,312.43,302.66,294.81,286.98,268.9,324.85,320.07,313.07,298.64,271.84,247.51,230.0,223.34,216.32,209.54,205.93,55.3,268.86,162.78,335.77,34.7,177.16,326.88,29.7,268.86,215.5,12.89,40.84,-6.57,53.36,24.76
2026-02-19,302.09,303.13,305.6,300.24,-2.5,1.77,0.5736,0.6,13448615.0,4076678664.95,304.71,321.61,325.97,321.06,319.85,312.73,303.35,295.3,287.78,269.7,324.85,320.07,313.07,298.64,271.84,247.51,230.0,223.34,216.32,209.54,205.93,54.86,269.12,162.99,335.77,34.64,177.16,326.67,29.67,269.12,215.5,12.64,40.66,-6.69,53.62,24.88
2026-02-20,304.37,314.47,316.33,303.99,1.79,4.07,1.4462,1.66,33663138.0,10586047006.86,305.82,320.03,325.71,321.18,320.1,313.17,304.21,295.87,288.64,270.57,321.77,320.5,315.43,302.08,275.88,251.21,232.8,225.37,218.48,211.42,207.51,66.62,269.86,163.2,335.77,34.58,177.58,326.46,29.54,269.86,216.99,16.53,44.92,-2.27,52.87,24.37
2026-02-23,318.71,311.26,319.02,309.56,1.86,3.01,0.7789,0.82,17640927.0,5490914938.02,306.95,318.24,325.24,321.27,320.0,313.54,304.95,296.43,289.46,271.41,321.77,320.5,315.43,302.08,275.88,251.21,232.8,225.37,218.48,211.42,207.51,61.22,270.3,163.2,335.77,34.58,177.58,326.25,29.51,270.3,216.99,15.15,43.44,-3.27,53.31,24.57
2026-02-24,310.21,310.49,311.94,305.66,2.68,2.02,0.6821,0.72,15040654.0,4669972660.46,308.57,315.97,324.63,321.55,319.79,313.98,305.68,296.99,290.28,272.21,321.77,320.5,315.43,302.08,275.88,251.21,232.8,225.37,218.48,211.42,207.51,60.31,270.67,163.42,335.55,34.5,178.01,326.25,29.4,270.67,216.99,14.71,43.09,-3.5,53.68,24.74
2026-02-25,311.69,312.6,313.23,308.93,2.99,1.38,0.9231,1.06,20208371.0,6317136774.6,310.39,314.13,323.97,321.76,319.67,314.36,306.36,297.61,290.97,273.02,321.77,320.5,315.43,302.08,275.88,251.21,232.8,225.37,218.48,211.42,207.51,63.22,271.18,163.42,335.55,34.5,178.43,326.04,29.26,271.18,216.99,15.27,44.06,-2.85,54.19,24.97
2026-02-26,312.38,306.72,312.57,301.98,1.18,3.39,1.0201,1.12,22379967.0,6864383478.24,311.11,312.38,323.0,321.73,319.46,314.65,306.98,298.19,291.6,273.8,321.77,320.5,315.43,302.08,275.88,251.21,232.8,225.37,218.48,211.42,207.51,55.4,271.69,163.42,335.55,34.5,179.06,325.83,29.07,271.69,216.99,12.89,41.35,-4.68,54.7,25.21
2026-02-27,303.51,311.0,311.65,303.16,-1.1,2.77,1.5163,1.53,33388817.0,10383922087.0,310.41,311.06,322.17,321.73,319.4,315.08,307.62,298.8,292.23,274.59,318.37,320.79,317.74,305.78,279.95,254.77,235.68,227.35,220.56,213.27,209.03,61.28,272.42,163.63,335.55,34.44,180.76,325.62,28.61,272.42,219.04,14.16,41.98,-3.05,53.38,24.37
2026-03-02,302.54,305.93,307.71,300.63,-1.71,2.28,0.9946,1.01,21854241.0,6685867949.13,309.35,309.94,321.27,321.52,319.24,315.29,308.17,299.4,292.84,275.34,318.37,320.79,317.74,305.78,279.95,254.77,235.68,227.35,220.56,213.27,209.03,53.91,272.88,163.84,335.55,34.38,182.24,325.4,28.2,272.88,219.04,12.11,39.67,-4.63,53.84,24.58
2026-03-03,297.99,303.13,303.51,296.27,-2.37,2.37,0.9351,0.9,20361060.0,6172048117.8,307.88,308.55,320.38,321.25,318.96,315.45,308.75,299.97,293.37,276.08,318.37,320.79,317.74,305.78,279.95,254.77,235.68,227.35,220.56,213.27,209.03,50.89,273.29,163.84,335.34,34.36,183.08,325.19,27.96,273.29,219.04,10.92,38.39,-5.5,54.25,24.77
2026-03-04,302.26,303.02,305.03,300.37,-3.06,1.54,0.9198,0.85,20015312.0,6065039842.24,305.96,307.54,319.76,321.0,318.71,315.67,309.32,300.52,293.9,276.79,318.37,320.79,317.74,305.78,279.95,254.77,235.68,227.35,220.56,213.27,209.03,50.94,273.67,163.84,335.34,34.36,183.93,325.19,27.75,273.67,219.04,10.72,38.34,-5.54,54.63,24.94
2026-03-05,302.77,300.48,302.94,297.64,-2.03,1.75,1.0351,0.96,22643882.0,6804033663.36,304.71,306.84,318.84,320.7,318.37,315.96,309.85,301.04,294.41,277.49,318.37,320.79,317.74,305.78,279.95,254.77,235.68,227.35,220.56,213.27,209.03,47.71,274.05,164.05,335.34,34.3,187.31,324.98,26.87,274.05,219.04,9.64,37.18,-6.33,55.01,25.11
2026-03-06,295.64,297.87,299.9,294.82,-4.22,1.69,0.8072,0.74,17597939.0,5241898089.93,302.09,306.11,317.76,320.34,318.1,316.25,310.27,301.54,294.88,278.19,310.32,319.12,317.66,308.02,283.17,257.93,238.34,229.12,222.37,214.92,210.37,45.46,274.32,164.05,335.34,34.3,189.0,324.77,26.43,274.32,220.76,8.58,34.93,-6.66,53.56,24.26
2026-03-09,293.92,305.79,306.28,293.71,-0.05,4.22,0.8967,0.96,19632525.0,6003429819.75,302.06,306.12,317.02,320.17,317.9,316.53,310.67,302.06,295.34,278.97,310.32,319.12,317.66,308.02,283.17,257.93,238.34,229.12,222.37,214.92,210.37,55.92,274.72,164.05,335.34,34.3,190.06,324.56,26.14,274.72,220.76,11.31,38.52,-4.18,53.96,24.44
2026-03-10,305.65,306.71,308.93,305.09,1.18,1.26,0.6613,0.72,14386342.0,4412434954.82,302.77,306.41,316.14,319.99,317.67,316.83,311.11,302.64,295.8,279.71,310.32,319.12,317.66,308.02,283.17,257.93,238.34,229.12,222.37,214.92,210.37,56.92,275.06,164.26,335.34,34.24,190.7,324.56,25.98,275.06,220.76,11.51,38.93,-3.89,54.3,24.6
2026-03-11,306.08,308.2,310.85,305.62,1.71,1.7,0.6209,0.71,13376319.0,4122581515.8,303.81,306.72,315.26,319.79,317.59,317.04,311.48,303.24,296.3,280.47,310.32,319.12,317.66,308.02,283.17,257.93,238.34,229.12,222.37,214.92,210.37,59.2,275.38,164.26,335.13,34.22,191.33,324.56,25.82,275.38,220.76,11.92,39.61,-3.42,54.62,24.74
2026-03-12,305.99,302.99,308.42,300.62,0.84,2.53,0.7277,0.89,15609988.0,4729670264.12,304.31,306.71,314.16,319.55,317.47,317.22,311.72,303.83,296.72,281.19,310.32,319.12,317.66,308.02,283.17,257.93,238.34,229.12,222.37,214.92,210.37,50.86,275.68,164.26,335.13,34.22,191.75,324.35,25.69,275.68,220.76,9.91,37.25,-5.05,54.92,24.88
2026-03-13,306.44,301.24,307.04,299.56,1.13,2.47,0.789,1.05,16857186.0,5078058710.64,304.99,305.83,312.93,319.09,317.34,317.25,311.95,304.44,297.11,281.88,306.03,317.76,316.45,310.09,286.41,261.11,241.26,230.87,224.12,216.65,211.74,47.26,276.0,164.47,335.13,34.16,192.39,324.35,25.54,276.0,222.12,9.14,35.62,-5.2,53.88,24.26
2026-03-16,303.38,304.2,305.35,301.59,-0.52,1.25,0.6973,0.93,14822018.0,4508857875.6,304.67,305.36,311.8,318.61,317.29,317.07,312.18,305.01,297.54,282.57,306.03,317.76,316.45,310.09,286.41,261.11,241.26,230.87,224.12,216.65,211.74,53.07,276.29,164.47,335.13,34.16,192.6,324.14,25.46,276.29,222.12,10.1,36.95,-4.27,54.17,24.39
2026-03-17,304.45,309.19,309.83,304.13,0.81,1.87,0.6864,0.96,14423414.0,4459575374.66,305.16,305.27,310.62,318.18,317.48,316.88,312.53,305.62,298.02,283.29,306.03,317.76,316.45,310.09,286.41,261.11,241.26,230.87,224.12,216.65,211.74,61.88,276.66,164.68,335.13,34.1,193.02,324.14,25.35,276.66,222.12,11.76,39.2,-2.7,54.54,24.55
2026-03-18,307.68,306.08,310.53,305.32,-0.69,1.68,0.6628,0.92,13848271.0,4238678787.68,304.74,304.84,309.48,317.59,317.53,316.7,312.77,306.14,298.51,283.98,306.03,317.76,316.45,310.09,286.41,261.11,241.26,230.87,224.12,216.65,211.74,55.58,277.0,164.9,335.13,34.05,193.44,323.92,25.22,277.0,222.12,10.5,37.8,-3.67,54.88,24.71
2026-03-19,302.99,305.51,306.46,300.78,0.83,1.86,0.7551,1.02,15399549.0,4704716214.99,305.24,304.76,308.57,316.92,317.49,316.52,313.0,306.66,299.01,284.67,306.03,317.76,316.45,310.09,286.41,261.11,241.26,230.87,224.12,216.65,211.74,54.56,277.33,165.11,335.13,33.99,194.08,323.92,25.07,277.33,222.12,10.16,37.54,-3.85,55.21,24.86
2026-03-20,303.85,298.57,304.15,296.53,-0.89,2.49,1.6762,2.31,34763504.0,10379339389.28,304.71,303.93,307.49,316.09,317.28,316.3,313.22,307.09,299.44,285.3,304.63,314.74,314.92,310.96,289.5,264.2,244.3,232.5,225.92,218.5,213.04,42.45,277.89,165.53,334.92,33.85,194.93,323.71,24.83,277.89,223.74,7.44,33.45,-5.19,54.15,24.2
2026-03-23,300.31,298.8,303.15,297.81,-1.78,1.79,1.0636,1.19,22203951.0,6634540558.8,303.63,303.45,306.7,315.33,317.01,316.08,313.32,307.5,299.9,285.94,304.63,314.74,314.92,310.96,289.5,264.2,244.3,232.5,225.92,218.5,213.04,42.44,278.24,165.74,334.92,33.79,195.56,323.5,24.65,278.24,223.74,7.39,33.55,-5.12,54.5,24.36
2026-03-24,295.99,288.98,296.88,288.64,-6.54,2.76,1.291,1.36,27411194.0,7921286842.12,299.59,302.51,305.53,314.42,316.57,315.67,313.3,307.86,300.29,286.51,304.63,314.74,314.92,310.96,289.5,264.2,244.3,232.5,225.92,218.5,213.04,37.15,278.5,165.95,334.92,33.73,196.41,323.29,24.42,278.5,223.74,3.76,29.16,-8.24,54.76,24.47
2026-03-25,291.93,289.37,294.44,287.15,-5.46,2.52,1.0395,0.98,22342741.0,6465318963.17,296.25,301.6,304.57,313.7,316.15,315.29,313.32,308.22,300.66,287.09,304.63,314.74,314.92,310.96,289.5,264.2,244.3,232.5,225.92,218.5,213.04,37.32,278.74,166.16,334.71,33.65,198.94,323.08,23.78,278.74,223.74,3.81,29.33,-8.11,55.0,24.58
2026-03-26,285.97,280.52,286.3,278.83,-8.18,2.58,1.3447,1.2,29281126.0,8213941465.52,291.25,300.27,303.56,312.65,315.59,314.75,313.35,308.48,300.95,287.63,304.63,314.74,314.92,310.96,289.5,264.2,244.3,232.5,225.92,218.5,213.04,32.17,278.9,166.38,334.71,33.59,200.42,322.87,23.4,278.9,223.74,0.58,25.38,-10.92,55.16,24.65
2026-03-27,277.18,273.54,278.87,273.26,-8.38,2.0,1.1673,0.94,25702881.0,7030766068.74,286.24,298.65,302.38,311.39,314.91,314.21,313.32,308.61,301.18,288.12,296.44,309.1,312.48,310.68,291.53,266.87,246.6,233.65,227.47,219.95,213.96,29.7,279.04,166.8,334.71,33.48,201.48,322.87,23.15,279.04,225.41,-1.97,21.35,-12.46,53.63,23.79
2026-03-30,275.22,272.92,276.04,271.32,-8.66,1.73,1.024,0.9,22751925.0,6209455371.0,281.07,296.45,301.29,310.16,314.24,313.61,313.18,308.64,301.36,288.57,296.44,309.1,312.48,310.68,291.53,266.87,246.6,233.65,227.47,219.95,213.96,29.49,279.16,167.22,334.71,33.37,202.54,322.66,22.87,279.16,225.41,-2.24,21.08,-12.66,53.75,23.85
2026-03-31,277.32,286.64,286.83,276.54,-0.81,3.77,1.4132,1.24,31624960.0,9064978534.4,280.6,295.12,300.76,309.13,313.77,313.16,313.21,308.82,301.7,289.09,296.44,309.1,312.48,310.68,291.53,266.87,246.6,233.65,227.47,219.95,213.96,38.82,279.33,167.65,334.5,33.23,203.6,322.44,22.59,279.33,225.41,2.62,27.16,-8.27,53.92,23.92
2026-04-01,289.76,294.68,297.76,289.25,1.84,2.97,1.0869,0.93,24403342.0,7191176820.56,281.66,294.22,300.47,308.24,313.4,312.91,313.23,309.01,302.11,289.68,296.44,309.1,312.48,310.68,291.53,266.87,246.6,233.65,227.47,219.95,213.96,43.62,279.59,168.07,334.5,33.12,204.44,322.23,22.36,279.59,225.41,5.4,30.73,-5.7,54.18,24.04
2026-04-02,288.77,294.24,295.68,287.35,4.89,2.83,0.6008,0.5,13433366.0,3952633611.84,284.4,293.63,300.17,307.32,313.07,312.7,313.29,309.14,302.55,290.26,296.44,309.1,312.48,310.68,291.53,266.87,246.6,233.65,227.47,219.95,213.96,43.58,279.83,168.49,334.5,33.0,206.13,322.23,21.97,279.83,225.41,5.15,30.54,-5.84,54.42,24.14
2026-04-06,294.48,297.44,298.2,293.57,8.74,1.58,0.4576,0.43,10121588.0,3010565134.72,289.18,293.38,299.6,306.41,312.66,312.55,313.27,309.29,303.06,290.83,293.09,305.73,311.56,311.58,293.52,269.79,249.44,235.46,229.26,221.59,215.17,45.56,280.14,168.91,334.5,32.89,206.77,322.23,21.83,280.14,226.51,6.18,31.31,-4.54,53.63,23.68
2026-04-07,299.92,303.71,303.88,295.2,11.28,2.92,0.7856,0.85,17317527.0,5259506125.17,295.34,293.35,299.35,305.65,312.29,312.5,313.11,309.49,303.55,291.44,293.09,305.73,311.56,311.58,293.52,269.79,249.44,235.46,229.26,221.59,215.17,56.91,280.59,169.34,334.5,32.78,207.83,322.02,21.55,280.59,226.51,8.24,34.08,-2.52,54.08,23.88
2026-04-08,317.61,314.52,319.17,312.48,9.73,2.2,0.9454,1.08,20887425.0,6569512911.0,300.92,293.7,299.49,304.98,312.06,312.73,313.02,309.84,304.13,292.13,293.09,305.73,311.56,311.58,293.52,269.79,249.44,235.46,229.26,221.59,215.17,74.2,281.15,170.18,334.29,32.53,209.52,322.02,21.17,281.15,226.51,11.87,38.85,0.94,54.64,24.12
2026-04-09,312.97,316.15,317.21,309.25,7.29,2.53,0.6658,0.85,14606717.0,4617913579.55,305.21,294.37,299.6,304.45,311.79,312.9,312.98,310.14,304.67,292.7,293.09,305.73,311.56,311.58,293.52,269.79,249.44,235.46,229.26,221.59,215.17,77.5,281.63,171.03,334.29,32.31,211.21,322.02,20.78,281.63,226.51,12.26,39.57,1.47,55.12,24.33
2026-04-10,318.0,315.5,319.28,314.32,7.23,1.57,0.5522,0.79,11997454.0,3785196737.0,309.46,295.04,299.9,304.06,311.45,313.0,312.94,310.44,305.21,293.26,296.62,303.47,311.62,312.4,296.01,273.18,252.5,237.63,231.27,223.49,216.7,75.95,282.03,171.66,334.29,32.14,212.9,321.81,20.37,282.03,227.74,11.87,38.54,0.99,54.29,23.84
2026-04-13,315.2,318.99,319.21,313.47,7.25,1.82,0.5645,0.81,12212668.0,3895718965.32,313.77,296.4,300.16,303.79,311.17,313.1,312.99,310.82,305.76,293.82,296.62,303.47,311.62,312.4,296.01,273.18,252.5,237.63,231.27,223.49,216.7,81.89,282.36,171.87,334.29,32.09,226.65,321.81,17.35,282.36,227.74,12.97,40.07,2.11,54.62,23.98
2026-04-14,321.85,330.36,330.42,320.93,8.77,2.98,0.8564,1.2,18556990.0,6130487216.4,319.1,298.5,300.98,303.97,311.13,313.31,313.15,311.2,306.37,294.47,296.62,303.47,311.62,312.4,296.01,273.18,252.5,237.63,231.27,223.49,216.7,91.91,282.88,172.3,334.29,31.98,228.13,322.44,17.13,282.88,227.74,16.78,45.06,5.75,55.14,24.21
2026-04-15,330.34,334.25,334.78,328.44,6.27,1.92,0.7007,0.96,15104096.0,5048544088.0,323.05,301.52,302.02,304.19,311.2,313.56,313.31,311.61,307.07,295.1,296.62,303.47,311.62,312.4,296.01,273.18,252.5,237.63,231.27,223.49,216.7,94.92,283.34,172.51,334.29,31.92,228.97,323.08,17.05,283.34,227.74,17.97,46.77,6.99,55.6,24.41
2026-04-16,335.63,332.55,337.16,331.43,5.19,1.71,0.6538,0.96,13949583.0,4638933826.65,326.33,304.4,303.0,304.51,311.38,313.8,313.48,312.05,307.74,295.72,296.62,303.47,311.62,312.4,296.01,273.18,252.5,237.63,231.27,223.49,216.7,92.7,283.79,172.72,334.5,31.89,229.61,323.71,17.01,283.79,227.74,17.18,46.02,6.45,56.05,24.61
2026-04-17,334.21,339.18,339.76,333.07,7.51,2.01,0.9248,1.37,19683684.0,6676311939.12,331.07,308.31,304.29,305.14,311.57,314.14,313.67,312.63,308.46,296.38,304.21,305.12,313.24,313.39,298.83,277.15,255.99,240.27,233.4,225.64,218.62,98.39,284.44,173.14,335.13,31.87,230.45,324.77,16.99,284.44,229.41,19.24,47.85,8.23,55.03,23.99
2026-04-20,338.34,335.18,338.94,334.41,5.08,1.34,0.6093,0.81,12897138.0,4322862714.84,334.3,312.42,305.53,305.72,311.65,314.42,313.91,313.19,309.09,297.01,304.21,305.12,313.24,313.39,298.83,277.15,255.99,240.27,233.4,225.64,218.62,94.51,284.87,173.35,335.55,31.87,232.36,325.4,16.68,284.87,229.41,17.66,46.11,6.95,55.46,24.18
2026-04-21,335.36,330.25,336.95,329.41,-0.03,2.25,0.6933,0.91,14623730.0,4829486832.5,334.28,316.24,306.35,306.27,311.68,314.64,314.05,313.62,309.59,297.54,304.21,305.12,313.24,313.39,298.83,277.15,255.99,240.27,233.4,225.64,218.62,88.24,285.32,173.57,335.55,31.82,233.84,326.46,16.53,285.32,229.41,15.75,43.96,5.38,55.91,24.37
2026-04-22,334.66,337.51,337.81,332.74,0.98,1.54,0.6169,0.85,12954245.0,4372187229.95,334.93,319.63,307.38,307.05,311.76,314.94,314.24,314.13,310.17,298.12,304.21,305.12,313.24,313.39,298.83,277.15,255.99,240.27,233.4,225.64,218.62,97.16,285.76,173.78,335.77,31.79,234.68,327.31,16.48,285.76,229.41,18.11,47.12,7.7,56.35,24.56
2026-04-23,339.36,337.53,339.94,334.84,1.5,1.51,0.6414,0.91,13442125.0,4537120451.25,335.93,322.49,308.35,307.81,311.8,315.22,314.51,314.56,310.7,298.71,304.21,305.12,313.24,313.39,298.83,277.15,255.99,240.27,233.4,225.64,218.62,96.85,286.29,174.41,336.19,31.68,236.8,328.15,16.17,286.29,229.41,17.9,47.13,7.7,56.88,24.79
2026-04-24,337.5,342.1,343.47,333.83,0.86,2.86,0.8709,1.24,18260714.0,6246990259.4,336.51,325.68,309.66,308.67,311.91,315.59,314.87,315.06,311.21,299.31,312.91,308.77,314.13,314.42,302.02,281.07,259.76,243.13,235.54,227.88,220.56,99.11,286.98,174.84,336.82,31.66,238.49,329.0,15.95,286.98,231.05,19.21,48.06,8.8,55.93,24.21
2026-04-27,343.66,348.3,350.68,340.59,3.91,2.95,0.8366,1.21,17443019.0,6075403517.7,339.14,329.07,311.23,309.43,312.08,315.94,315.3,315.53,311.77,299.93,312.91,308.77,314.13,314.42,302.02,281.07,259.76,243.13,235.54,227.88,220.56,99.78,287.63,175.26,337.46,31.64,239.12,329.85,15.94,287.63,231.05,21.09,50.75,10.78,56.58,24.49
2026-04-28,346.7,347.28,349.68,344.06,5.16,1.61,0.8897,1.21,18502225.0,6425452698.0,342.54,331.98,312.66,310.23,312.23,316.23,315.75,315.81,312.3,300.57,312.91,308.77,314.13,314.42,302.02,281.07,259.76,243.13,235.54,227.88,220.56,99.17,288.29,175.47,338.3,31.69,239.97,330.48,15.87,288.29,231.05,20.46,50.31,10.45,57.24,24.77
2026-04-29,345.26,347.09,353.18,342.21,2.84,3.16,1.0695,1.38,22232105.0,7716541324.45,344.46,334.15,313.92,311.04,312.27,316.48,316.3,316.04,312.88,301.2,312.91,308.77,314.13,314.42,302.02,281.07,259.76,243.13,235.54,227.88,220.56,98.41,289.1,175.68,339.57,31.81,240.6,331.54,15.89,289.1,231.05,20.06,50.22,10.39,58.05,25.12
2026-04-30,371.04,381.72,382.41,362.87,13.09,5.63,2.1123,2.48,44569620.0,17013115346.4,353.3,338.52,316.45,312.58,312.96,317.13,317.17,316.63,313.69,302.1,312.91,308.77,314.13,314.42,302.02,281.07,259.76,243.13,235.54,227.88,220.56,99.93,291.21,176.1,344.86,32.39,242.08,333.23,15.84,291.21,231.05,31.08,65.21,21.4,60.16,26.04
2026-05-01,377.76,383.0,383.17,375.04,11.96,2.13,1.3387,1.16,28047833.0,10742320039.0,361.48,343.02,319.03,314.27,313.8,317.76,318.0,317.23,314.51,303.01,334.8,315.62,317.67,318.06,306.59,285.82,264.09,246.6,238.26,230.62,223.0,99.98,292.6,176.32,347.4,32.67,242.93,334.29,15.83,292.6,234.75,30.9,63.15,14.4,57.85,24.64
2026-05-04,382.1,379.42,383.96,376.55,8.93,1.93,0.8962,0.7,18275044.0,6933917194.48,367.7,347.05,321.72,315.79,314.61,318.34,318.76,317.85,315.35,303.9,334.8,315.62,317.67,318.06,306.59,285.82,264.09,246.6,238.26,230.62,223.0,97.81,293.54,176.53,349.3,32.86,243.56,334.92,15.79,293.54,234.75,29.26,61.63,13.33,58.79,25.04
2026-05-05,381.65,384.05,388.74,380.13,10.59,2.27,0.7684,0.59,15432404.0,5926814756.2,375.06,350.63,324.57,317.53,315.63,319.03,319.53,318.51,316.13,304.84,334.8,315.62,317.67,318.06,306.59,285.82,264.09,246.6,238.26,230.62,223.0,99.55,294.36,176.53,371.93,35.63,243.99,335.34,15.77,294.36,234.75,30.47,63.6,14.71,59.61,25.39
2026-05-06,389.37,394.92,396.16,386.88,13.78,2.42,1.1529,0.9,23097344.0,9121603092.48,384.62,354.67,328.1,319.57,316.81,319.89,320.41,319.22,317.0,305.85,334.8,315.62,317.67,318.06,306.59,285.82,264.09,246.6,238.26,230.62,223.0,99.82,296.05,177.16,378.06,36.18,245.04,336.19,15.68,296.05,234.75,33.4,68.23,17.96,61.3,26.11
2026-05-07,396.84,395.08,397.14,390.09,3.5,1.78,0.7628,0.59,15153605.0,5986886263.4,387.29,358.84,331.62,321.61,318.09,320.87,321.31,319.96,317.9,306.85,334.8,315.62,317.67,318.06,306.59,285.82,264.09,246.6,238.26,230.62,223.0,99.63,297.09,177.8,379.54,36.2,245.47,336.61,15.66,297.09,234.75,32.98,68.3,18.0,62.34,26.56
2026-05-08,394.05,396.83,398.15,393.45,3.61,1.19,0.6988,0.69,13762448.0,5461352239.84,390.06,362.68,335.5,323.75,319.53,321.79,322.23,320.67,318.88,307.86,355.32,324.21,322.26,322.5,311.92,291.01,268.66,250.44,241.19,233.51,225.6,99.76,297.98,178.01,380.6,36.27,245.89,337.25,15.67,297.98,237.68,33.17,66.96,11.68,60.3,25.37
2026-05-11,390.47,386.55,394.11,386.01,1.88,2.04,0.8368,0.95,16314945.0,6306541989.75,391.49,366.11,339.26,325.73,320.82,322.54,323.03,321.37,319.8,308.8,355.32,324.21,322.26,322.5,311.92,291.01,268.66,250.44,241.19,233.51,225.6,96.25,299.0,178.64,381.87,36.26,246.52,337.88,15.63,299.0,237.68,29.28,62.63,8.79,61.32,25.8
2026-05-12,384.78,383.6,386.22,379.5,-0.12,1.74,0.8796,1.02,17103901.0,6561056423.6,391.4,369.67,342.95,327.45,322.12,323.28,323.81,322.0,320.63,309.68,355.32,324.21,322.26,322.5,311.92,291.01,268.66,250.44,241.19,233.51,225.6,95.43,299.95,179.28,382.92,36.22,247.37,338.73,15.59,299.95,237.68,27.89,61.39,7.96,62.27,26.2
2026-05-13,381.68,398.82,399.71,381.36,0.99,4.78,0.9384,1.06,18160112.0,7242615867.84,392.18,373.75,346.69,329.5,323.73,324.15,324.74,322.74,321.58,310.7,355.32,324.21,322.26,322.5,311.92,291.01,268.66,250.44,241.19,233.51,225.6,99.96,301.08,180.76,385.04,36.11,248.0,340.42,15.71,301.08,237.68,32.46,67.8,12.24,63.4,26.67
2026-05-14,393.57,396.95,398.88,392.51,0.47,1.6,0.7147,0.86,13805339.0,5480029316.05,392.55,377.71,350.1,331.47,325.28,324.99,325.63,323.54,322.45,311.71,355.32,324.21,322.26,322.5,311.92,291.01,268.66,250.44,241.19,233.51,225.6,99.37,301.95,182.03,387.79,36.11,248.64,342.11,15.82,301.95,237.68,31.46,67.01,11.72,64.27,27.04
2026-05-15,393.0,393.1,395.66,389.54,-0.94,1.54,0.8164,1.0,15801942.0,6211743400.2,391.8,381.11,353.4,333.48,326.78,325.75,326.51,324.33,323.32,312.72,370.84,333.73,325.93,326.43,316.59,295.81,273.09,254.24,244.06,236.29,228.12,96.42,302.95,182.87,390.75,36.24,249.27,344.44,16.03,302.95,240.54,29.76,63.42,6.0,62.41,25.95
2026-05-18,391.9,392.89,404.25,390.68,1.64,3.45,0.9732,1.15,18592786.0,7304919691.54,393.07,384.09,356.58,335.51,328.09,326.48,327.3,325.13,324.1,313.76,370.84,333.73,325.93,326.43,316.59,295.81,273.09,254.24,244.06,236.29,228.12,95.41,304.06,183.72,392.44,36.23,249.91,346.76,16.23,304.06,240.54,29.21,63.34,5.95,63.52,26.41
2026-05-19,393.08,384.68,393.14,382.78,0.28,2.64,1.3286,1.53,25559377.0,9832181144.36,393.29,386.58,359.28,337.3,329.32,327.1,327.96,325.87,324.66,314.7,370.84,333.73,325.93,326.43,316.59,295.81,273.09,254.24,244.06,236.29,228.12,91.21,305.45,187.74,392.44,35.28,250.54,349.09,16.43,305.45,240.54,25.94,59.92,3.73,64.91,26.99
2026-05-20,384.82,384.68,390.48,379.78,-3.55,2.78,0.856,0.9,16488043.0,6342620381.24,390.46,389.09,361.62,338.98,330.55,327.64,328.58,326.7,325.17,315.63,370.84,333.73,325.93,326.43,316.59,295.81,273.09,254.24,244.06,236.29,228.12,90.78,306.44,189.85,392.44,34.79,251.18,371.93,19.38,306.44,240.54,25.53,59.92,3.73,65.9,27.4
2026-05-21,381.79,383.25,388.46,379.26,-3.45,2.39,0.8767,0.93,16837577.0,6453001385.25,387.72,389.19,363.85,340.69,331.73,328.21,329.14,327.46,325.7,316.51,370.84,333.73,325.93,326.43,316.59,295.81,273.09,254.24,244.06,236.29,228.12,89.21,307.41,190.91,392.23,34.52,251.6,377.43,20.0,307.41,240.54,24.67,59.33,3.35,66.87,27.8
2026-05-22,383.04,379.16,384.65,378.04,-3.55,1.72,0.7023,0.72,13382740.0,5074199698.4,384.93,388.93,365.98,342.33,332.94,328.83,329.62,328.13,326.2,317.36,378.84,341.52,329.69,329.64,320.57,300.19,277.19,257.97,246.68,238.8,230.52,85.28,308.11,191.54,392.23,34.38,252.02,378.91,20.11,308.11,243.69,23.06,55.59,0.08,64.42,26.44
2026-05-26,380.78,384.62,385.17,378.92,-2.1,1.65,0.8606,0.89,16150927.0,6211969542.74,383.28,389.28,368.16,344.24,334.16,329.54,330.16,328.84,326.78,318.24,378.84,341.52,329.69,329.64,320.57,300.19,277.19,257.97,246.68,238.8,230.52,90.66,308.95,192.18,392.23,34.23,252.45,379.75,20.14,308.95,243.69,24.49,57.83,1.53,65.26,26.78
2026-05-27,382.54,384.61,389.5,381.78,-0.02,2.01,0.9041,0.96,16893148.0,6497273652.28,383.26,389.32,369.97,346.15,335.47,330.37,330.74,329.5,327.36,319.09,378.84,341.52,329.69,329.64,320.57,300.19,277.19,257.97,246.68,238.8,230.52,89.83,309.84,192.6,392.02,34.11,252.87,380.81,20.19,309.84,243.69,24.13,57.83,1.52,66.15,27.15
2026-05-28,383.64,385.9,389.78,381.03,0.32,2.28,1.1125,1.3,20795318.0,8024913216.2,383.51,388.71,371.69,348.3,336.85,331.19,331.36,330.17,327.91,319.99,378.84,341.52,329.69,329.64,320.57,300.19,277.19,257.97,246.68,238.8,230.52,91.01,310.88,193.02,392.02,34.01,253.5,381.66,20.18,310.88,243.69,24.13,58.36,1.86,67.19,27.57
2026-05-29,381.0,376.21,381.43,374.08,-1.84,1.9,2.5063,2.86,48018561.0,18065062833.81,382.1,387.46,373.15,350.23,338.07,331.97,331.97,330.76,328.39,320.82,385.66,349.29,334.4,332.01,323.73,304.44,281.22,261.8,249.18,241.34,233.03,79.93,312.9,194.08,391.81,33.75,255.41,381.23,19.76,312.9,247.0,20.23,52.31,-2.45,65.9,26.68
2026-06-01,372.36,372.36,374.38,369.49,-1.79,1.3,0.9996,0.83,19091870.0,7109048713.2,380.74,385.83,374.25,352.27,339.27,332.79,332.46,331.31,328.82,321.62,385.66,349.29,334.4,332.01,323.73,304.44,281.22,261.8,249.18,241.34,233.03,78.42,313.69,194.71,391.81,33.6,259.0,381.23,19.09,313.69,247.0,18.7,50.75,-3.45,66.69,27.0
2026-06-02,362.94,358.17,369.57,354.78,-6.88,3.97,1.7875,1.43,34648611.0,12410093001.87,375.45,383.93,375.02,354.15,340.28,333.44,332.77,331.73,329.19,322.27,385.66,349.29,334.4,332.01,323.73,304.44,281.22,261.8,249.18,241.34,233.03,76.15,314.75,195.35,391.6,33.44,268.09,381.02,17.4,314.75,247.0,13.8,45.01,-7.13,67.75,27.43
2026-06-03,358.12,355.46,362.28,354.16,-7.58,2.27,2.1761,1.54,43030981.0,15295792506.26,369.62,382.06,375.86,355.99,341.1,334.11,333.08,332.13,329.5,322.85,385.66,349.29,334.4,332.01,323.73,304.44,281.22,261.8,249.18,241.34,233.03,74.35,315.87,196.19,391.38,33.22,272.11,380.6,16.62,315.87,247.0,12.53,43.91,-7.83,68.87,27.88
2026-06-04,355.22,369.05,369.64,354.58,-4.37,4.24,1.872,1.14,37746110.0,13930201895.5,366.25,380.07,376.91,357.82,342.14,335.0,333.47,332.65,329.91,323.52,385.66,349.29,334.4,332.01,323.73,304.44,281.22,261.8,249.18,241.34,233.03,78.74,317.0,198.52,391.17,32.67,273.17,380.39,16.41,317.0,247.0,16.42,49.41,-4.31,70.0,28.34
2026-06-05,363.16,365.54,368.98,361.41,-2.84,2.05,1.1515,0.64,23411519.0,8557846655.26,364.12,377.98,377.85,359.39,343.1,335.82,333.82,333.11,330.34,324.13,382.17,358.49,337.81,333.8,326.62,308.27,285.19,265.25,251.49,243.85,235.35,77.22,317.72,200.0,390.96,32.31,273.8,380.18,16.27,317.72,250.47,15.05,45.94,-4.35,67.25,26.85
2026-06-08,362.48,361.17,363.38,357.89,-3.01,1.5,0.9193,0.59,18738929.0,6767938986.93,361.88,375.85,378.48,360.88,344.07,336.6,334.1,333.56,330.77,324.66,382.17,358.49,337.81,333.8,326.62,308.27,285.19,265.25,251.49,243.85,235.35,75.06,318.25,200.64,390.96,32.17,274.02,379.96,16.2,318.25,250.47,13.49,44.2,-5.49,67.78,27.06
2026-06-09,364.88,362.29,369.69,354.72,1.15,4.15,0.9726,0.63,19873485.0,7199964880.65,362.7,373.81,378.95,362.32,345.09,337.24,334.37,333.94,331.21,325.2,382.17,358.49,337.81,333.8,326.62,308.27,285.19,265.25,251.49,243.85,235.35,75.44,318.89,201.69,390.75,31.91,274.65,379.96,16.09,318.89,250.47,13.61,44.64,-5.2,68.42,27.32
2026-06-10,361.05,353.32,366.31,352.81,-0.6,3.73,0.9689,0.7,19878631.0,7023517904.92,362.27,371.72,379.15,363.43,345.91,337.8,334.54,334.21,331.6,325.67,382.17,358.49,337.81,333.8,326.62,308.27,285.19,265.25,251.49,243.85,235.35,69.2,319.39,202.33,390.75,31.77,275.29,379.75,15.95,319.39,250.47,10.62,41.06,-7.55,68.92,27.52
2026-06-11,353.05,356.56,358.01,343.63,-3.38,4.07,1.3862,1.2,28771782.0,10258866589.92,359.78,369.84,379.47,364.36,346.7,338.41,334.67,334.47,332.09,326.2,382.17,358.49,337.81,333.8,326.62,308.27,285.19,265.25,251.49,243.85,235.35,71.03,319.98,203.17,390.54,31.56,276.34,379.54,15.73,319.98,250.47,11.43,42.36,-6.7,69.51,27.75
2026-06-12,361.1,358.16,364.77,353.34,-2.02,3.21,0.8481,0.8,17657597.0,6324244941.52,358.3,368.17,378.68,365.29,347.56,339.02,334.87,334.72,332.55,326.69,374.43,364.88,340.95,335.3,329.34,311.36,288.8,268.68,253.95,246.21,237.51,72.02,320.45,203.6,390.33,31.44,277.19,379.33,15.56,320.45,252.88,11.77,41.63,-4.35,67.57,26.72
2026-06-15,365.99,367.11,370.65,364.65,1.64,1.68,0.8282,0.82,17268633.0,6339487860.63,359.49,367.37,378.15,366.44,348.59,339.82,335.25,335.02,333.04,327.24,374.43,364.88,340.95,335.3,329.34,311.36,288.8,268.68,253.95,246.21,237.51,78.91,320.97,204.44,390.33,31.25,278.03,379.12,15.38,320.97,252.88,14.38,45.17,-1.96,68.09,26.93
2026-06-16,367.46,371.1,373.6,365.32,2.43,2.26,0.8027,0.8,16492777.0,6120469544.7,361.25,366.47,377.87,367.6,349.8,340.62,335.7,335.35,333.54,327.85,374.43,364.88,340.95,335.3,329.34,311.36,288.8,268.68,253.95,246.21,237.51,80.54,321.49,205.71,390.11,30.95,278.67,379.12,15.27,321.49,252.88,15.43,46.75,-0.89,68.61,27.13
2026-06-17,367.05,362.1,370.15,360.23,2.48,2.67,0.7828,0.8,16003466.0,5794855038.6,363.01,364.97,377.14,368.3,350.85,341.37,336.13,335.63,333.93,328.33,374.43,364.88,340.95,335.3,329.34,311.36,288.8,268.68,253.95,246.21,237.51,74.02,322.03,206.77,390.11,30.72,279.51,378.91,15.1,322.03,252.88,12.44,43.19,-3.29,69.15,27.34
2026-06-18,363.89,367.46,369.0,356.61,3.06,3.42,1.4329,1.52,29339116.0,10780951565.36,365.19,363.74,376.23,369.04,352.16,342.23,336.62,335.99,334.36,328.84,374.43,364.88,340.95,335.3,329.34,311.36,288.8,268.68,253.95,246.21,237.51,78.6,322.99,208.46,389.9,30.32,280.36,378.7,14.92,322.99,252.88,13.77,45.31,-1.86,70.11,27.72
2026-06-22,357.14,348.78,358.2,340.94,-2.62,4.7,1.5606,1.66,32211146.0,11234603501.88,363.31,361.91,374.68,369.4,353.15,342.84,336.96,336.25,334.65,329.26,369.31,370.07,345.59,336.77,331.63,314.53,292.56,272.09,256.55,248.62,239.78,63.94,323.64,210.57,389.69,29.84,280.99,378.48,14.78,323.64,254.82,7.77,36.87,-5.75,68.82,27.01
2026-06-23,340.1,346.08,348.72,339.72,-5.73,2.58,1.0636,0.98,21820944.0,7551792299.52,359.1,360.16,372.99,369.56,354.24,343.45,337.35,336.42,334.92,329.71,369.31,370.07,345.59,336.77,331.63,314.53,292.56,272.09,256.55,248.62,239.78,62.24,324.04,212.27,389.48,29.45,281.63,378.27,14.65,324.04,254.82,6.8,35.81,-6.48,69.22,27.16
2026-06-24,348.72,345.04,352.83,341.5,-7.02,3.27,1.1666,1.03,23898360.0,8245890134.4,353.89,359.28,371.61,369.77,355.44,344.08,337.75,336.56,335.18,330.16,369.31,370.07,345.59,336.77,331.63,314.53,292.56,272.09,256.55,248.62,239.78,61.09,324.45,226.65,389.27,26.4,282.05,378.06,14.54,324.45,254.82,6.35,35.41,-6.76,69.63,27.33
2026-06-25,336.92,342.19,343.19,335.9,-5.5,2.11,1.3462,1.12,27687525.0,9474394179.75,349.91,358.4,370.23,370.04,356.59,344.56,338.16,336.69,335.42,330.55,369.31,370.07,345.59,336.77,331.63,314.53,292.56,272.09,256.55,248.62,239.78,59.8,324.82,228.55,389.06,25.99,282.48,377.64,14.42,324.82,254.82,5.35,34.29,-7.53,70.0,27.47
2026-06-26,340.98,334.69,344.12,333.69,-8.92,3.05,3.8516,3.06,82484581.0,27606764414.89,343.36,356.11,368.09,369.98,357.39,344.94,338.51,336.71,335.58,330.88,360.41,369.63,347.82,337.37,332.13,316.53,295.64,274.93,258.75,250.42,241.64,51.54,325.72,233.62,388.63,24.91,284.17,376.79,14.01,325.72,257.46,2.75,30.0,-9.45,68.26,26.51
2026-06-29,339.95,351.28,351.97,338.81,0.72,3.93,1.1927,0.68,25565685.0,8980713826.8,343.86,355.16,366.57,370.28,358.33,345.51,339.05,336.87,335.87,331.27,360.41,369.63,347.82,337.37,332.13,316.53,295.64,274.93,258.75,250.42,241.64,67.83,326.21,235.74,388.42,24.46,284.8,376.58,13.88,326.21,257.46,7.69,36.44,-4.96,68.75,26.7
2026-06-30,350.96,353.33,355.39,348.11,2.09,2.07,0.9867,0.59,21278372.0,7518287178.76,345.31,354.63,365.24,370.53,359.32,346.18,339.6,337.03,336.19,331.7,360.41,369.63,347.82,337.37,332.13,316.53,295.64,274.93,258.75,250.42,241.64,68.55,326.62,237.64,388.42,24.08,285.44,376.37,13.74,326.62,257.46,8.18,37.24,-4.41,69.16,26.86
2026-07-01,354.62,357.89,359.56,353.23,3.72,1.79,0.8998,0.54,19546756.0,6995588504.84,347.88,354.34,364.07,370.75,360.33,346.94,340.09,337.22,336.49,332.09,360.41,369.63,347.82,337.37,332.13,316.53,295.64,274.93,258.75,250.42,241.64,72.11,327.01,238.7,388.21,23.85,285.86,376.16,13.64,327.01,257.46,9.44,39.01,-3.17,69.55,27.01
2026-07-02,356.15,356.18,360.99,350.32,4.09,2.98,0.717,0.44,15553221.0,5539746255.78,350.67,354.53,363.12,370.94,361.2,347.63,340.58,337.39,336.75,332.35,360.41,369.63,347.82,337.37,332.13,316.53,295.64,274.93,258.75,250.42,241.64,70.02,327.3,239.12,388.21,23.77,286.28,375.95,13.54,327.3,257.46,8.82,38.34,-3.64,69.84,27.13
2026-07-06,358.2,364.9,365.68,354.19,9.03,3.23,1.0428,0.69,22652626.0,8265943227.4,356.72,355.09,362.47,371.34,362.04,348.37,341.19,337.59,337.05,332.63,356.41,371.03,351.66,339.9,333.29,319.27,299.07,278.31,261.4,252.48,243.78,78.9,327.8,239.97,388.0,23.57,286.92,375.73,13.4,327.8,259.05,11.32,40.86,-1.65,68.75,26.54
2026-07-07,367.24,363.62,370.89,362.42,3.51,2.32,0.7559,0.79,16443932.0,5979342553.84,359.18,355.45,361.81,370.94,362.83,349.14,341.76,337.81,337.31,332.92,356.41,371.03,351.66,339.9,333.29,319.27,299.07,278.31,261.4,252.48,243.78,77.09,328.24,240.6,388.0,23.45,287.97,375.31,13.17,328.24,259.05,10.78,40.37,-2.0,69.19,26.71
2026-07-08,362.21,358.71,364.98,354.7,1.52,2.83,0.6748,0.77,14710311.0,5276735658.81,360.26,354.89,361.13,370.4,363.55,349.85,342.33,338.06,337.5,333.18,356.41,371.03,351.66,339.9,333.29,319.27,299.07,278.31,261.4,252.48,243.78,71.6,328.63,241.24,388.0,23.32,288.82,375.1,13.0,328.63,259.05,9.15,38.47,-3.32,69.58,26.86
2026-07-09,351.08,356.24,356.73,348.66,-0.46,2.25,0.7868,0.97,17217248.0,6133472427.52,359.93,353.9,360.18,369.88,364.17,350.62,342.84,338.3,337.67,333.46,356.41,371.03,351.66,339.9,333.29,319.27,299.07,278.31,261.4,252.48,243.78,68.32,328.98,242.08,387.79,23.13,289.24,374.89,12.9,328.98,259.05,8.29,37.52,-3.99,69.93,26.99
2026-07-10,354.95,355.03,355.68,350.7,-0.32,1.4,0.5338,0.67,11618450.0,4124898303.5,359.7,353.43,359.2,369.24,364.58,351.37,343.38,338.6,337.86,333.73,354.3,368.24,357.09,341.93,334.79,322.0,302.3,281.45,263.98,254.51,245.91,66.94,329.25,242.72,387.79,23.01,289.45,374.47,12.8,329.25,260.76,7.83,36.15,-3.59,68.49,26.27
2026-07-13,353.99,350.67,355.75,349.82,-3.9,1.67,0.4879,0.64,10583480.0,3711308931.6,356.85,352.31,358.02,368.25,364.86,352.19,343.91,338.86,338.03,333.93,354.3,368.24,357.09,341.93,334.79,322.0,302.3,281.45,263.98,254.51,245.91,62.66,329.48,243.14,387.79,22.93,289.88,374.04,12.68,329.48,260.76,6.43,34.48,-4.77,68.72,26.35
2026-07-14,348.84,357.33,357.88,348.84,-1.73,2.58,0.5198,0.8,11252524.0,4020864400.92,355.6,352.88,357.39,367.41,365.27,353.1,344.51,339.23,338.32,334.19,354.3,368.24,357.09,341.93,334.79,322.0,302.3,281.45,263.98,254.51,245.91,70.21,329.74,243.56,387.79,22.84,290.09,373.62,12.59,329.74,260.76,8.37,37.03,-2.96,68.98,26.45
2026-07-15,356.01,370.21,372.14,355.67,3.21,4.61,0.9355,1.55,20258105.0,7499753052.05,357.9,354.49,357.32,366.82,365.79,354.29,345.29,339.8,338.68,334.52,354.3,368.24,357.09,341.93,334.79,322.0,302.3,281.45,263.98,254.51,245.91,83.7,330.22,244.2,387.58,22.69,290.51,372.99,12.43,330.22,260.76,12.11,41.97,0.54,69.46,26.64
2026-07-16,372.17,353.81,374.35,351.67,-0.68,6.13,1.0811,1.66,23603702.0,8351225804.62,357.41,355.07,357.18,366.1,366.1,355.36,345.91,340.22,338.87,334.78,354.3,368.24,357.09,341.93,334.79,322.0,302.3,281.45,263.98,254.51,245.91,63.98,330.68,244.83,387.58,22.57,291.15,372.56,12.27,330.68,260.76,6.99,35.68,-3.92,69.92,26.81
2026-07-17,345.77,346.12,348.17,341.12,-2.51,1.99,1.003,1.42,22023921.0,7622919536.52,355.63,355.33,356.87,365.26,366.36,356.34,346.36,340.61,339.02,334.98,351.9,363.16,360.55,343.69,336.05,324.74,305.44,284.41,266.54,256.44,247.92,57.05,330.94,245.04,387.37,22.5,291.57,372.35,12.17,330.94,262.48,4.59,31.87,-4.69,68.46,26.08
2026-07-20,350.17,351.37,359.49,350.0,0.2,2.74,0.6012,0.75,13203263.0,4639230520.31,355.77,356.45,356.28,364.21,366.59,357.2,346.85,341.08,339.17,335.18,351.9,363.16,360.55,343.69,336.05,324.74,305.44,284.41,266.54,256.44,247.92,61.5,331.21,245.47,387.37,22.42,291.99,372.14,12.07,331.21,262.48,6.09,33.87,-3.25,68.73,26.18
2026-07-21,350.56,346.19,350.74,346.01,-3.12,1.35,0.7908,0.96,17419482.0,6030450473.58,353.54,356.11,355.63,363.08,366.74,357.89,347.28,341.48,339.27,335.4,351.9,363.16,360.55,343.69,336.05,324.74,305.44,284.41,266.54,256.44,247.92,56.42,331.48,245.89,387.37,22.34,292.63,371.93,11.93,331.48,262.48,4.44,31.89,-4.67,69.0,26.29
2026-07-22,347.18,341.91,349.45,341.64,-7.64,2.26,1.0526,1.21,23273800.0,7957544958.0,347.88,355.35,354.99,361.94,366.74,358.52,347.71,341.85,339.32,335.61,351.9,363.16,360.55,343.69,336.05,324.74,305.44,284.41,266.54,256.44,247.92,51.88,331.79,246.74,387.15,22.15,293.47,371.51,11.73,331.79,262.48,3.05,30.26,-5.85,69.31,26.41
2026-07-23,321.63,318.34,324.45,314.89,-10.03,2.8,2.0687,2.35,46751948.0,14883015126.32,340.79,352.71,353.52,360.29,366.24,358.8,347.9,341.89,339.16,335.68,351.9,363.16,360.55,343.69,336.05,324.74,305.44,284.41,266.54,256.44,247.92,34.58,331.72,248.0,386.94,21.88,294.95,370.87,11.4,331.72,262.48,-4.03,21.28,-12.34,69.24,26.38
2026-07-24,318.3,319.09,323.98,317.5,-7.81,2.04,0.9549,0.88,21630751.0,6902156336.59,335.38,350.24,352.38,358.83,365.77,359.01,348.06,341.96,339.0,335.76,342.22,355.76,360.79,344.75,336.2,326.38,307.8,286.87,268.74,258.03,249.56,35.36,331.74,248.85,386.94,21.72,295.59,370.45,11.24,331.74,264.25,-3.81,20.75,-11.56,67.49,25.54
2026-07-27,324.74,326.57,330.1,324.41,-7.06,1.78,0.9462,0.88,21419423.0,6994940969.11,330.42,347.68,351.38,357.54,365.42,359.17,348.26,342.12,338.85,335.95,342.22,355.76,360.79,344.75,336.2,326.38,307.8,286.87,268.74,258.03,249.56,40.54,331.81,249.49,386.94,21.6,296.43,370.02,11.04,331.81,264.25,-1.58,23.58,-9.48,67.56,25.57
2026-07-28,327.8,332.6,335.21,324.54,-3.93,3.27,0.9434,0.8,20986944.0,6980257574.4,327.7,345.61,350.53,356.41,364.61,359.39,348.55,342.31,338.78,336.14,342.22,355.76,360.79,344.75,336.2,326.38,307.8,286.87,268.74,258.03,249.56,44.45,331.94,250.12,386.73,21.45,297.07,369.81,10.91,331.94,264.25,0.2,25.87,-7.81,67.69,25.62
2026-07-29,333.5,335.76,341.98,330.41,-1.8,3.48,0.9153,0.75,20242914.0,6796760804.64,326.47,344.08,349.49,355.45,363.82,359.66,348.89,342.58,338.81,336.33,342.22,355.76,360.79,344.75,336.2,326.38,307.8,286.87,268.74,258.03,249.56,47.62,332.08,250.54,386.73,21.37,297.49,369.39,10.78,332.08,264.25,1.11,27.06,-6.94,67.83,25.67
2026-07-30,333.08,333.68,335.45,329.82,4.82,1.68,0.7833,0.66,17309468.0,5775823282.24,329.54,342.58,348.24,354.32,363.06,359.85,349.28,342.8,338.83,336.48,342.22,355.76,360.79,344.75,336.2,326.38,307.8,286.87,268.74,258.03,249.56,45.14,332.22,250.97,386.73,21.29,297.91,369.18,10.68,332.22,264.25,0.44,26.27,-7.51,67.97,25.72
2026-07-31,340.07,356.65,358.88,339.16,11.77,5.91,1.3653,1.5,30514530.0,10883007124.5,337.05,342.69,348.06,353.69,362.6,360.2,349.92,343.28,339.12,336.76,346.61,353.51,361.95,347.52,337.6,328.8,310.85,289.91,271.62,260.03,251.54,71.32,332.6,251.39,386.52,21.18,298.34,368.97,10.58,332.6,265.93,7.23,34.11,-1.47,66.67,25.07
2026-08-03,365.3,372.47,376.1,363.26,14.06,3.6,1.2117,1.23,27165324.0,10118268230.28,346.23,344.14,348.22,353.4,362.23,360.71,350.85,343.94,339.52,337.14,346.61,353.51,361.95,347.52,337.6,328.8,310.85,289.91,271.62,260.03,251.54,86.37,333.21,251.81,386.52,21.1,298.76,370.24,10.68,333.21,265.93,11.78,40.06,2.91,67.28,25.3
2026-08-04,366.52,375.35,377.67,366.16,12.85,3.09,0.8882,0.86,19983266.0,7500718893.1,354.78,345.34,349.11,353.38,361.9,361.29,351.8,344.63,340.0,337.54,346.61,353.51,361.95,347.52,337.6,328.8,310.85,289.91,271.62,260.03,251.54,87.35,333.69,252.02,386.31,21.04,298.97,371.29,10.79,333.69,265.93,12.48,41.15,3.7,67.76,25.48
2026-08-05,380.0,360.13,381.81,355.16,7.26,7.1,1.2933,1.28,29436233.0,10600870590.29,359.66,344.67,349.58,353.1,361.28,361.56,352.69,345.2,340.41,337.85,346.61,353.51,361.95,347.52,337.6,328.8,310.85,289.91,271.62,260.03,251.54,73.42,334.21,252.45,386.31,20.96,299.39,371.29,10.72,334.21,265.93,7.76,35.42,-0.5,68.28,25.68
2026-08-06,358.79,356.62,361.96,355.83,6.87,1.7,0.7254,0.66,16513395.0,5889006924.9,364.24,344.86,349.96,353.07,360.79,361.85,353.61,345.76,340.8,338.13,346.61,353.51,361.95,347.52,337.6,328.8,310.85,289.91,271.62,260.03,251.54,68.21,334.47,252.87,386.31,20.88,299.6,371.08,10.66,334.47,265.93,6.62,34.1,-1.47,68.54,25.77
2026-08-07,355.28,353.47,357.55,352.82,-0.89,1.33,0.6389,0.59,14516677.0,5131209819.19,363.61,345.35,350.34,353.03,360.28,362.16,354.51,346.21,341.2,338.4,346.07,351.24,362.71,350.26,338.42,330.61,313.8,292.89,274.58,261.94,253.55,63.14,334.72,253.29,386.1,20.77,299.82,371.08,10.62,334.72,268.06,5.6,31.86,-2.55,66.66,24.87
2026-08-10,354.24,355.84,355.93,351.47,-4.46,1.26,0.5651,0.59,12789417.0,4550986145.28,360.28,345.64,351.05,352.73,359.57,362.4,355.28,346.68,341.65,338.67,346.07,351.24,362.71,350.26,338.42,330.61,313.8,292.89,274.58,261.94,253.55,66.98,334.92,253.71,386.1,20.69,300.03,370.87,10.56,334.92,268.06,6.25,32.75,-1.89,66.86,24.94
2026-08-11,354.0,343.0,355.0,342.57,-8.62,3.49,0.8099,0.99,18390178.0,6307831054.0,353.81,345.43,350.77,352.23,358.67,362.48,355.81,347.01,341.98,338.85,346.07,351.24,362.71,350.26,338.42,330.61,313.8,292.89,274.58,261.94,253.55,51.54,335.12,254.35,386.1,20.57,300.45,370.66,10.46,335.12,268.06,2.35,27.96,-5.43,67.06,25.02
2026-08-12,345.33,342.37,345.5,339.82,-4.93,1.66,0.6875,0.85,15608820.0,5343991703.4,350.26,345.46,350.4,351.81,357.82,362.48,356.35,347.39,342.3,339.04,346.07,351.24,362.71,350.26,338.42,330.61,313.8,292.89,274.58,261.94,253.55,50.83,335.26,254.98,386.1,20.45,300.66,370.66,10.43,335.26,268.06,2.12,27.72,-5.61,67.2,25.07
2026-08-13,344.57,343.94,345.83,342.4,-3.56,1.0,0.6623,0.96,14997717.0,5158314784.98,347.72,347.17,349.94,351.41,357.01,362.42,356.86,347.79,342.55,339.18,346.07,351.24,362.71,350.26,338.42,330.61,313.8,292.89,274.58,261.94,253.55,52.51,335.41,256.04,385.89,20.23,300.87,370.45,10.36,335.41,268.06,2.54,28.31,-5.18,67.35,25.12
2026-08-14,344.26,343.54,348.06,342.07,-2.81,1.74,0.4887,0.72,10946799.0,3760663328.46,345.74,348.8,349.52,351.19,356.32,362.37,357.31,348.17,342.82,339.3,343.77,349.04,360.08,353.76,338.88,332.22,316.42,295.83,277.22,263.68,255.54,51.68,335.55,259.0,385.89,19.68,301.08,370.24,10.3,335.55,269.19,2.38,27.62,-4.59,66.36,24.65
2026-08-17,344.06,341.45,345.05,339.57,-4.04,1.6,0.5644,0.87,12606038.0,4304331675.1,342.86,349.79,348.74,350.85,355.6,362.3,357.61,348.48,343.08,339.39,343.77,349.04,360.08,353.76,338.88,332.22,316.42,295.83,277.22,263.68,255.54,48.76,335.66,265.13,385.89,18.55,301.08,370.24,10.3,335.66,269.19,1.72,26.84,-5.17,66.47,24.69
2026-08-18,339.9,341.28,342.39,337.52,-0.5,1.43,0.6394,0.98,14254202.0,4864674058.56,342.52,350.37,347.99,350.48,354.9,361.76,357.89,348.81,343.32,339.45,343.77,349.04,360.08,353.76,338.88,332.22,316.42,295.83,277.22,263.68,255.54,48.96,335.75,267.67,385.89,18.09,301.3,370.02,10.24,335.75,269.19,1.65,26.78,-5.22,66.56,24.73
2026-08-19,339.81,341.7,343.56,338.05,-0.2,1.61,0.5993,0.98,13360522.0,4565290367.4,342.38,350.77,347.42,349.91,354.28,361.21,358.18,349.16,343.61,339.48,343.77,349.04,360.08,353.76,338.88,332.22,316.42,295.83,277.22,263.68,255.54,49.65,335.86,268.31,385.67,17.95,301.51,369.81,10.17,335.86,269.19,1.74,26.94,-5.1,66.67,24.77
2026-08-20,339.69,338.2,340.8,336.17,-1.67,1.35,0.6374,1.07,14187707.0,4798282507.4,341.23,351.07,346.82,349.18,353.5,360.66,358.39,349.53,343.83,339.5,343.77,349.04,360.08,353.76,338.88,332.22,316.42,295.83,277.22,263.68,255.54,45.16,335.94,269.15,385.67,17.79,301.72,369.81,10.14,335.94,269.19,0.67,25.64,-6.08,66.75,24.8
2026-08-21,340.28,341.75,343.29,337.81,-0.52,1.62,0.691,1.18,15363861.0,5250599496.75,340.88,350.07,346.38,348.73,352.79,360.09,358.52,349.94,344.13,339.56,342.9,347.4,356.41,356.14,339.34,333.86,318.57,298.57,279.93,265.63,257.45,50.11,336.1,271.9,385.67,17.3,301.93,369.6,10.08,336.1,270.19,1.68,26.49,-4.11,65.91,24.39
2026-08-24,340.74,344.59,348.08,339.62,0.92,2.48,0.7423,1.18,16450508.0,5668680551.72,341.5,348.22,346.18,348.22,352.1,359.42,358.63,350.47,344.48,339.66,342.9,347.4,356.41,356.14,339.34,333.86,318.57,298.57,279.93,265.63,257.45,54.86,336.27,272.75,385.67,17.15,302.14,369.39,10.01,336.27,270.19,2.47,27.54,-3.32,66.08,24.46
2026-08-25,345.97,343.34,346.7,342.14,0.6,1.32,0.6497,0.95,14031024.0,4817411780.16,341.92,346.08,345.71,348.1,351.55,358.73,358.75,350.99,344.81,339.8,342.9,347.4,356.41,356.14,339.34,333.86,318.57,298.57,279.93,265.63,257.45,52.29,336.44,273.17,385.46,17.05,302.35,369.18,9.95,336.44,270.19,2.05,27.07,-3.67,66.25,24.52
2026-08-26,343.18,339.1,343.19,337.01,-0.76,1.8,0.7508,1.1,16176360.0,5485403676.0,341.4,344.68,344.67,347.95,351.0,357.96,358.75,351.54,345.14,339.88,342.9,347.4,356.41,356.14,339.34,333.86,318.57,298.57,279.93,265.63,257.45,45.01,336.54,273.59,385.46,16.97,302.57,369.18,9.92,336.54,270.19,0.76,25.5,-4.86,66.35,24.56
2026-08-27,336.3,337.71,338.81,335.4,-0.14,1.01,0.8433,1.18,17936109.0,6057203370.39,341.3,343.42,344.14,347.78,350.66,357.31,358.78,352.16,345.47,339.93,342.9,347.4,356.41,356.14,339.34,333.86,318.57,298.57,279.93,265.63,257.45,43.3,336.65,274.02,385.46,16.9,302.78,368.97,9.85,336.65,270.19,0.31,24.99,-5.25,66.46,24.6
2026-08-28,337.61,342.88,345.43,337.28,0.33,2.41,0.8558,1.12,17841774.0,6117587469.12,341.52,342.71,344.03,347.8,350.45,356.77,358.92,352.82,345.78,340.02,347.66,344.94,353.06,357.51,339.49,334.95,320.61,301.29,282.5,267.6,259.32,52.31,336.81,274.44,385.25,16.8,302.99,368.76,9.79,336.81,271.42,1.8,26.33,-4.09,65.39,24.09
2026-08-31,340.02,335.41,340.63,333.43,-2.66,2.1,1.126,1.41,23202000.0,7782182820.0,339.69,341.35,343.5,347.81,349.89,355.92,358.9,353.29,346.02,340.04,347.66,344.94,353.06,357.51,339.49,334.95,320.61,301.29,282.5,267.6,259.32,38.93,336.95,275.07,385.25,16.69,303.41,368.54,9.69,336.95,271.42,-0.46,23.58,-6.18,65.53,24.14
2026-09-01,332.25,332.03,333.95,329.29,-3.29,1.39,0.7963,0.91,16313323.0,5416512635.69,337.43,340.62,343.03,347.39,349.33,355.06,358.83,353.64,346.21,340.02,347.66,344.94,353.06,357.51,339.49,334.95,320.61,301.29,282.5,267.6,259.32,34.92,337.2,277.19,385.25,16.31,303.83,368.54,9.62,337.2,271.42,-1.53,22.33,-7.13,65.78,24.24
2026-09-02,330.77,333.78,336.51,329.52,-1.57,2.11,0.6373,0.71,12995866.0,4337760153.48,336.36,340.05,342.75,346.95,348.87,354.27,358.74,354.02,346.47,340.01,347.66,344.94,353.06,357.51,339.49,334.95,320.61,301.29,282.5,267.6,259.32,36.91,337.3,278.03,385.25,16.16,304.05,368.33,9.56,337.3,271.42,-1.04,22.98,-6.64,65.88,24.27
2026-09-03,336.51,339.08,340.85,336.31,0.41,1.36,0.6342,0.73,12858274.0,4359983547.92,336.64,339.72,343.45,346.53,348.48,353.55,358.64,354.42,346.79,340.01,347.66,344.94,353.06,357.51,339.49,334.95,320.61,301.29,282.5,267.6,259.32,46.27,337.41,278.88,385.04,15.99,304.26,368.33,9.53,337.41,271.42,0.49,24.93,-5.15,65.99,24.31
2026-09-04,339.18,335.31,340.18,333.75,-2.21,1.9,0.6301,0.76,12700476.0,4258596607.56,335.12,339.17,343.99,346.07,348.18,352.89,358.51,354.72,347.05,340.0,343.39,345.0,350.14,357.31,339.92,335.35,322.23,303.87,284.94,269.53,260.93,38.74,337.49,279.51,385.04,15.88,304.47,368.12,9.46,337.49,272.51,-0.65,23.05,-6.16,64.98,23.84
2026-09-08,331.99,335.38,336.48,330.39,-0.01,1.82,0.7107,0.91,14150264.0,4745715540.32,335.12,338.77,344.28,345.41,347.83,352.23,358.38,354.92,347.26,339.94,343.39,345.0,350.14,357.31,339.92,335.35,322.23,303.87,284.94,269.53,260.93,39.44,337.55,280.15,385.04,15.77,304.89,367.91,9.37,337.55,272.51,-0.64,23.07,-6.14,65.04,23.87
2026-09-09,329.12,328.38,329.34,325.63,-1.1,1.11,0.9693,1.4,19326864.0,6346555600.32,334.39,337.91,344.14,344.63,347.34,351.5,357.78,355.03,347.45,339.86,343.39,345.0,350.14,357.31,339.92,335.35,322.23,303.87,284.94,269.53,260.93,31.41,337.52,280.57,385.04,15.7,305.31,367.91,9.3,337.52,272.51,-2.71,20.5,-8.1,65.01,23.86
2026-09-10,326.08,330.39,330.89,325.65,-1.02,1.6,0.824,1.14,16418878.0,5424633102.42,333.71,337.16,343.96,344.0,346.72,350.85,357.2,355.17,347.66,339.84,343.39,345.0,350.14,357.31,339.92,335.35,322.23,303.87,284.94,269.53,260.93,33.27,337.53,280.78,384.83,15.63,305.53,367.7,9.24,337.53,272.51,-2.12,21.24,-7.53,65.02,23.86
2026-09-11,332.73,335.45,339.95,332.55,-1.07,2.24,0.7944,1.05,15820627.0,5307029327.15,332.98,336.97,344.02,343.54,346.13,350.2,356.71,355.33,347.96,339.87,339.79,342.93,347.42,356.98,340.91,335.7,324.0,306.38,287.54,271.59,262.53,40.49,337.57,281.21,384.83,15.56,305.95,367.49,9.14,337.57,273.4,-0.63,22.7,-6.03,64.17,23.47
2026-09-14,339.11,345.71,346.45,338.74,3.1,2.3,1.123,1.43,22484339.0,7773060835.69,335.06,337.24,343.66,343.33,345.86,349.68,356.28,355.48,348.35,340.02,339.79,342.93,347.42,356.98,340.91,335.7,324.0,306.38,287.54,271.59,262.53,61.25,337.74,281.63,384.83,15.48,306.37,367.49,9.07,337.74,273.4,2.36,26.45,-3.16,64.34,23.53

股票代码:,GOOG
数据来源:,akshare(tencent)